location,date,phq_attendance_community_hospitality_stats_sum,phq_attendance_conferences_hospitality_stats_sum,phq_attendance_expos_hospitality_stats_sum,phq_attendance_sports_hospitality_stats_sum,phq_impact_academic_exam_stats_sum,phq_impact_academic_holiday_stats_sum,phq_impact_observances_hospitality_stats_sum,phq_impact_public_holidays_hospitality_stats_sum,phq_impact_severe_weather_cold_wave_retail_stats_max,phq_impact_severe_weather_cold_wave_storm_retail_stats_max,phq_attendance_school_holidays_stats_sum,phq_attendance_festivals_hospitality_stats_sum,phq_impact_severe_weather_heat_wave_retail_stats_max,phq_impact_severe_weather_tornado_retail_stats_max,phq_attendance_concerts_hospitality_stats_sum,phq_attendance_performing_arts_hospitality_stats_sum,phq_impact_school_holidays_stats_sum,phq_impact_severe_weather_flood_retail_stats_max,phq_impact_severe_weather_thunderstorm_retail_stats_max
store_0,2017-01-02,6704.0,0.0,0.0,26115,0.0,0.0,0,95,0.0,0,,,,,,,,,
store_0,2017-01-03,6704.0,0.0,0.0,31876,0.0,0.0,0,13,0.0,0,,,,,,,,,
store_0,2017-01-04,6704.0,0.0,0.0,26115,0.0,0.0,0,0,0.0,0,,,,,,,,,
store_0,2017-01-05,6704.0,0.0,0.0,13760,0.0,0.0,9,0,0.0,0,,,,,,,,,
store_0,2017-01-06,8380.0,0.0,0.0,19500,0.0,0.0,10,0,0.0,0,,,,,,,,,
store_0,2017-01-07,10056.0,0.0,0.0,6825,0.0,0.0,90,0,0.0,0,,,,,,,,,
store_0,2017-01-08,1308.0,0.0,0.0,6935,0.0,0.0,94,0,0.0,0,,,,,,,,,
store_0,2017-01-09,0.0,0.0,0.0,19812,0.0,0.0,0,0,0.0,0,,,,,,,,,
store_0,2017-01-10,0.0,0.0,0.0,6935,0.0,0.0,0,0,0.0,0,,,,,,,,,
store_0,2017-01-11,0.0,0.0,142.0,6935,0.0,0.0,0,0,0.0,0,,,,,,,,,
store_0,2017-01-12,0.0,0.0,567.0,26115,0.0,0.0,9,0,0.0,0,,,,,,,,,
store_0,2017-01-13,0.0,0.0,2833.0,31000,0.0,0.0,10,7,0.0,0,,,,,,,,,
store_0,2017-01-14,0.0,0.0,4774.0,23612,0.0,0.0,90,7,0.0,0,,,,,,,,,
store_0,2017-01-15,0.0,0.0,16346.0,6059,0.0,0.0,24,36,0.0,0,,,,,,,,,
store_0,2017-01-16,0.0,0.0,13506.0,6303,0.0,0.0,0,90,0.0,0,,,,,,,,,
store_0,2017-01-17,0.0,0.0,22576.0,18006,0.0,0.0,0,13,0.0,0,,,,,,,,,
store_0,2017-01-18,0.0,0.0,13756.0,13238,0.0,0.0,0,0,0.0,0,,,,,,,,,
store_0,2017-01-19,200.0,0.0,17382.0,19812,0.0,0.0,0,0,0.0,0,,,,,,,,,
store_0,2017-01-20,4000.0,0.0,8784.0,13870,0.0,0.0,0,0,0.0,0,,,,,,,,,
store_0,2017-01-21,10000.0,0.0,7143.0,19812,0.0,0.0,0,0,0.0,0,,,,,,,,,
store_0,2017-01-22,1300.0,0.0,1393.0,13238,0.0,0.0,0,0,0.0,0,,,,,,,,,
store_0,2017-01-23,0.0,0.0,2046.0,18006,0.0,0.0,0,0,0.0,0,,,,,,,,,
store_0,2017-01-24,0.0,0.0,3182.0,12606,0.0,0.0,0,0,0.0,0,,,,,,,,,
store_0,2017-01-25,0.0,0.0,9727.0,18006,0.0,0.0,0,0,0.0,0,,,,,,,,,
store_0,2017-01-26,0.0,0.0,9763.0,13238,0.0,0.0,9,0,0.0,0,,,,,,,,,
store_0,2017-01-27,0.0,0.0,18773.0,19812,0.0,0.0,10,0,0.0,0,,,,,,,,,
store_0,2017-01-28,0.0,0.0,18773.0,9989,0.0,0.0,90,0,0.0,0,,,,,,,,,
store_0,2017-01-29,0.0,0.0,18773.0,8723,0.0,0.0,24,0,0.0,0,,,,,,,,,
store_0,2017-01-30,0.0,0.0,2817.0,9357,0.0,0.0,0,0,0.0,0,,,,,,,,,
store_0,2017-01-31,0.0,0.0,0.0,22977,0.0,0.0,0,0,0.0,0,,,,,,,,,
store_0,2017-02-01,0.0,0.0,0.0,20504,0.0,0.0,0,0,0.0,0,,,,,,,,,
store_0,2017-02-02,0.0,0.0,0.0,4971,0.0,0.0,0,0,0.0,0,,,,,,,,,
store_0,2017-02-03,0.0,0.0,0.0,6935,0.0,0.0,0,0,0.0,0,,,,,,,,,
store_0,2017-02-04,0.0,0.0,1029.0,26115,0.0,0.0,0,0,0.0,0,,,,,,,,,
store_0,2017-02-05,0.0,0.0,6857.0,31876,0.0,0.0,0,0,0.0,0,,,,,,,,,
store_0,2017-02-06,0.0,0.0,5714.0,32418,0.0,0.0,0,0,0.0,0,,,,,,,,,
store_0,2017-02-07,0.0,0.0,5714.0,31876,0.0,0.0,0,0,0.0,0,,,,,,,,,
store_0,2017-02-08,0.0,0.0,5714.0,32418,0.0,0.0,0,0,0.0,0,,,,,,,,,
store_0,2017-02-09,0.0,0.0,572.0,31876,0.0,0.0,0,0,0.0,0,,,,,,,,,
store_0,2017-02-10,0.0,0.0,0.0,32418,0.0,0.0,0,0,0.0,0,,,,,,,,,
store_0,2017-02-11,0.0,0.0,0.0,31876,0.0,0.0,0,11,0.0,0,,,,,,,,,
store_0,2017-02-12,0.0,5376.0,0.0,26115,0.0,0.0,30,81,0.0,0,,,,,,,,,
store_0,2017-02-13,0.0,13598.0,0.0,6935,0.0,0.0,30,84,0.0,0,,,,,,,,,
store_0,2017-02-14,0.0,13598.0,74.0,0,0.0,0.0,90,18,0.0,0,,,,,,,,,
store_0,2017-02-15,0.0,31623.0,295.0,0,0.0,0.0,32,0,0.0,0,,,,,,,,,
store_0,2017-02-16,0.0,31623.0,1471.0,0,0.0,0.0,7,0,0.0,0,,,,,,,,,
store_0,2017-02-17,0.0,4744.0,2993.0,0,0.0,0.0,7,7,0.0,0,,,,,,,,,
store_0,2017-02-18,0.0,0.0,9947.0,6303,0.0,0.0,0,29,0.0,0,,,,,,,,,
store_0,2017-02-19,0.0,0.0,8447.0,18006,0.0,0.0,0,58,0.0,0,,,,,,,,,
store_0,2017-02-20,0.0,0.0,6818.0,12606,0.0,0.0,0,230,0.0,0,,,,,,,,,
store_0,2017-02-21,0.0,0.0,8618.0,18006,0.0,0.0,0,37,0.0,0,,,,,,,,,
store_0,2017-02-22,0.0,0.0,12682.0,6303,0.0,0.0,0,0,0.0,0,,,,,,,,,
store_0,2017-02-23,0.0,0.0,1200.0,0,0.0,0.0,0,0,0.0,0,,,,,,,,,
store_0,2017-02-24,0.0,0.0,0.0,6935,0.0,0.0,65,0,0.0,0,,,,,,,,,
store_0,2017-02-25,0.0,0.0,0.0,26115,0.0,0.0,0,0,0.0,0,,,,,,,,,
store_0,2017-02-26,0.0,0.0,0.0,31876,0.0,0.0,0,0,0.0,0,,,,,,,,,
store_0,2017-02-27,0.0,0.0,0.0,32418,0.0,0.0,0,3,0.0,0,,,,,,,,,
store_0,2017-02-28,0.0,0.0,196.0,24941,0.0,0.0,70,70,0.0,0,,,,,,,,,
store_0,2017-03-01,0.0,0.0,783.0,6303,0.0,0.0,0,39,0.0,0,,,,,,,,,
store_0,2017-03-02,0.0,0.0,3913.0,0,0.0,0.0,0,2,0.0,0,,,,,,,,,
store_0,2017-03-03,0.0,0.0,4696.0,9393,0.0,0.0,0,2,0.0,0,,,,,,,,,
store_0,2017-03-04,0.0,0.0,5709.0,33767,0.0,0.0,0,0,0.0,0,,,,,,,,,
store_0,2017-03-05,0.0,0.0,12196.0,29205,0.0,0.0,0,0,0.0,0,,,,,,,,,
store_0,2017-03-06,0.0,0.0,11330.0,6935,0.0,0.0,0,0,0.0,0,,,,,,,,,
store_0,2017-03-07,0.0,0.0,6125.0,11659,0.0,0.0,0,0,0.0,0,,,,,,,,,
store_0,2017-03-08,0.0,0.0,563.0,56642,0.0,0.0,0,0,0.0,0,,,,,,,,,
store_0,2017-03-09,0.0,0.0,0.0,104195,0.0,0.0,0,0,0.0,0,,,,,,,,,
store_0,2017-03-10,0.0,0.0,750.0,92991,0.0,0.0,0,0,0.0,0,,,,,,,,,
store_0,2017-03-11,0.0,0.0,8668.0,61402,0.0,0.0,0,0,0.0,0,,,,,,,,,
store_0,2017-03-12,0.0,0.0,24950.0,22940,0.0,0.0,0,0,0.0,0,,,,,,,,,
store_0,2017-03-13,0.0,0.0,21000.0,24398,0.0,0.0,0,0,0.0,0,,,,,,,,,
store_0,2017-03-14,0.0,0.0,22875.0,24564,0.0,0.0,0,0,0.0,0,,,,,,,,,
store_0,2017-03-15,0.0,0.0,14538.0,13327,0.0,0.0,0,0,0.0,0,,,,,,,,,
store_0,2017-03-16,0.0,0.0,12500.0,26115,0.0,0.0,36,1,0.0,0,,,,,,,,,
store_0,2017-03-17,0.0,0.0,1875.0,24941,0.0,0.0,90,70,0.0,0,,,,,,,,,
store_0,2017-03-18,0.0,0.0,0.0,6303,0.0,0.0,1,18,0.0,0,,,,,,,,,
store_0,2017-03-19,0.0,0.0,167.0,0,0.0,0.0,0,4,0.0,0,,,,,,,,,
store_0,2017-03-20,0.0,0.0,724.0,0,0.0,0.0,0,4,0.0,0,,,,,,,,,
store_0,2017-03-21,0.0,0.0,3561.0,6303,0.0,0.0,0,4,0.0,0,,,,,,,,,
store_0,2017-03-22,0.0,0.0,4469.0,18006,0.0,0.0,0,4,0.0,0,,,,,,,,,
store_0,2017-03-23,0.0,0.0,4469.0,20337,0.0,0.0,0,0,0.0,0,,,,,,,,,
store_0,2017-03-24,0.0,0.0,1864.0,40094,0.0,0.0,0,0,0.0,0,,,,,,,,,
store_0,2017-03-25,0.0,0.0,1364.0,18818,0.0,0.0,0,0,0.0,0,,,,,,,,,
store_0,2017-03-26,0.0,0.0,205.0,20493,0.0,0.0,0,0,0.0,0,,,,,,,,,
store_0,2017-03-27,0.0,0.0,0.0,24284,0.0,0.0,0,0,0.0,0,,,,,,,,,
store_0,2017-03-28,0.0,0.0,174.0,13760,0.0,0.0,0,0,0.0,0,,,,,,,,,
store_0,2017-03-29,0.0,0.0,1446.0,25025,0.0,0.0,65,0,0.0,0,,,,,,,,,
store_0,2017-03-30,0.0,0.0,8478.0,28131,0.0,0.0,0,0,0.0,0,,,,,,,,,
store_0,2017-03-31,0.0,0.0,4674.0,23219,0.0,0.0,0,0,0.0,0,,,,,,,,,
store_0,2017-04-01,0.0,0.0,4174.0,19541,0.0,0.0,0,0,0.0,0,,,,,,,,,
store_0,2017-04-02,0.0,0.0,4174.0,37818,0.0,0.0,0,0,0.0,0,,,,,,,,,
store_0,2017-04-03,0.0,0.0,627.0,20173,0.0,0.0,0,0,0.0,0,,,,,,,,,
store_0,2017-04-04,0.0,0.0,0.0,19812,0.0,0.0,0,0,0.0,0,,,,,,,,,
store_0,2017-04-05,0.0,0.0,0.0,13870,0.0,0.0,0,0,0.0,0,,,,,,,,,
store_0,2017-04-06,0.0,0.0,0.0,19812,0.0,0.0,0,0,0.0,0,,,,,,,,,
store_0,2017-04-07,0.0,0.0,0.0,6935,0.0,0.0,0,0,0.0,0,,,,,,,,,
store_0,2017-04-08,0.0,0.0,0.0,6303,0.0,0.0,0,0,0.0,0,,,,,,,,,
store_0,2017-04-09,0.0,0.0,0.0,18006,0.0,0.0,0,0,0.0,0,,,,,,,,,
store_0,2017-04-10,0.0,0.0,0.0,6303,0.0,0.0,70,0,0.0,0,,,,,,,,,
store_0,2017-04-11,0.0,0.0,0.0,6935,0.0,0.0,0,0,0.0,0,,,,,,,,,
store_0,2017-04-12,0.0,0.0,5420.0,19812,0.0,0.0,0,0,0.0,0,,,,,,,,,
store_0,2017-04-13,0.0,0.0,21680.0,6935,0.0,0.0,8,1,0.0,0,,,,,,,,,
store_0,2017-04-14,0.0,0.0,108398.0,0,0.0,0.0,78,70,0.0,0,,,,,,,,,
store_0,2017-04-15,0.0,0.0,108398.0,6303,0.0,0.0,8,18,0.0,0,,,,,,,,,
store_0,2017-04-16,0.0,0.0,108398.0,18006,0.0,0.0,184,4,0.0,0,,,,,,,,,
store_0,2017-04-17,0.0,0.0,90332.0,12606,0.0,0.0,146,4,0.0,0,,,,,,,,,
store_0,2017-04-18,0.0,0.0,90332.0,18006,0.0,0.0,105,4,0.0,0,,,,,,,,,
store_0,2017-04-19,0.0,0.0,90332.0,6303,0.0,0.0,5,4,0.0,0,,,,,,,,,
store_0,2017-04-20,0.0,0.0,90332.0,0,0.0,0.0,5,0,0.0,0,,,,,,,,,
store_0,2017-04-21,0.0,0.0,108398.0,6303,0.0,0.0,0,0,0.0,0,,,,,,,,,
store_0,2017-04-22,0.0,800.0,108398.0,18006,0.0,0.0,0,0,0.0,0,,,,,,,,,
store_0,2017-04-23,0.0,4300.0,108398.0,6303,0.0,0.0,0,0,0.0,0,,,,,,,,,
store_0,2017-04-24,0.0,10000.0,16260.0,0,0.0,0.0,0,0,0.0,0,,,,,,,,,
store_0,2017-04-25,0.0,1500.0,0.0,0,0.0,0.0,0,0,0.0,0,,,,,,,,,
store_0,2017-04-26,0.0,0.0,0.0,0,0.0,0.0,0,0,0.0,0,,,,,,,,,
store_0,2017-04-27,0.0,0.0,0.0,0,0.0,0.0,0,0,0.0,0,,,,,,,,,
store_0,2017-04-28,0.0,0.0,0.0,0,0.0,0.0,0,0,0.0,0,,,,,,,,,
store_0,2017-04-29,0.0,0.0,0.0,0,0.0,0.0,0,0,0.0,0,,,,,,,,,
store_0,2017-04-30,0.0,0.0,750.0,0,0.0,0.0,0,0,0.0,0,,,,,,,,,
store_0,2017-05-01,0.0,0.0,5000.0,6303,0.0,0.0,0,0,0.0,0,,,,,,,,,
store_0,2017-05-02,0.0,0.0,500.0,18006,0.0,0.0,0,0,0.0,0,,,,,,,,,
store_0,2017-05-03,0.0,0.0,167.0,12606,0.0,0.0,0,0,0.0,0,,,,,,,,,
store_0,2017-05-04,0.0,0.0,667.0,18006,0.0,0.0,0,0,0.0,0,,,,,,,,,
store_0,2017-05-05,0.0,0.0,3333.0,6303,0.0,0.0,70,0,0.0,0,,,,,,,,,
store_0,2017-05-06,0.0,0.0,3333.0,0,0.0,0.0,0,0,0.0,0,,,,,,,,,
store_0,2017-05-07,0.0,0.0,3333.0,0,0.0,0.0,0,0,0.0,0,,,,,,,,,
store_0,2017-05-08,0.0,0.0,500.0,6303,0.0,0.0,65,0,0.0,0,,,,,,,,,
store_0,2017-05-09,0.0,0.0,0.0,18006,0.0,0.0,0,0,0.0,0,,,,,,,,,
store_0,2017-05-10,0.0,0.0,0.0,6303,0.0,0.0,65,0,0.0,0,,,,,,,,,
store_0,2017-05-11,0.0,0.0,0.0,0,0.0,0.0,4,0,0.0,0,,,,,,,,,
store_0,2017-05-12,0.0,0.0,0.0,2873,0.0,0.0,4,0,0.0,0,,,,,,,,,
store_0,2017-05-13,0.0,0.0,0.0,8207,0.0,0.0,4,0,0.0,0,,,,,,,,,
store_0,2017-05-14,0.0,0.0,4780.0,2873,0.0,0.0,90,0,0.0,0,,,,,,,,,
store_0,2017-05-15,0.0,0.0,31120.0,0,0.0,0.0,28,0,0.0,0,,,,,,,,,
store_0,2017-05-16,0.0,0.0,8600.0,0,0.0,0.0,25,0,0.0,0,,,,,,,,,
store_0,2017-05-17,0.0,0.0,6350.0,2452,0.0,0.0,0,0,0.0,0,,,,,,,,,
store_0,2017-05-18,0.0,0.0,3840.0,7004,0.0,0.0,0,0,0.0,0,,,,,,,,,
store_0,2017-05-19,0.0,0.0,15000.0,9277,0.0,0.0,65,0,0.0,0,,,,,,,,,
store_0,2017-05-20,0.0,0.0,15429.0,19500,0.0,0.0,0,0,0.0,0,,,,,,,,,
store_0,2017-05-21,0.0,0.0,5107.0,6825,0.0,0.0,0,0,0.0,0,,,,,,,,,
store_0,2017-05-22,0.0,0.0,3131.0,0,0.0,0.0,0,0,0.0,0,,,,,,,,,
store_0,2017-05-23,0.0,0.0,7381.0,0,0.0,0.0,0,0,0.0,0,,,,,,,,,
store_0,2017-05-24,0.0,0.0,2881.0,0,0.0,0.0,0,0,0.0,0,,,,,,,,,
store_0,2017-05-25,0.0,0.0,239.0,0,0.0,0.0,65,0,0.0,0,,,,,,,,,
store_0,2017-05-26,200.0,0.0,0.0,0,0.0,0.0,0,7,0.0,0,,,,,,,,,
store_0,2017-05-27,4000.0,0.0,0.0,0,0.0,0.0,0,7,0.0,0,,,,,,,,,
store_0,2017-05-28,10000.0,0.0,0.0,0,0.0,0.0,0,36,0.0,0,,,,,,,,,
store_0,2017-05-29,1300.0,0.0,343.0,2838,0.0,0.0,0,90,0.0,0,,,,,,,,,
store_0,2017-05-30,0.0,0.0,1370.0,8108,0.0,0.0,0,13,0.0,0,,,,,,,,,
store_0,2017-05-31,0.0,0.0,6850.0,2838,0.0,0.0,0,0,0.0,0,,,,,,,,,
store_0,2017-06-01,0.0,0.0,6850.0,2600,0.0,0.0,0,0,0.0,0,,,,,,,,,
store_0,2017-06-02,0.0,0.0,8220.0,7426,0.0,0.0,0,0,0.0,0,,,,,,,,,
store_0,2017-06-03,0.0,0.0,1233.0,5846,0.0,0.0,0,0,0.0,0,,,,,,,,,
store_0,2017-06-04,0.0,3741.0,334.0,9272,0.0,0.0,70,0,0.0,0,,,,,,,,,
store_0,2017-06-05,0.0,9460.0,1413.0,3246,0.0,0.0,0,0,0.0,0,,,,,,,,,
store_0,2017-06-06,0.0,9460.0,6980.0,5186,0.0,0.0,0,0,0.0,0,,,,,,,,,
store_0,2017-06-07,0.0,22000.0,8229.0,16776,0.0,0.0,0,0,0.0,0,,,,,,,,,
store_0,2017-06-08,0.0,22000.0,8229.0,12746,0.0,0.0,0,0,0.0,0,,,,,,,,,
store_0,2017-06-09,0.0,3300.0,3626.0,7560,0.0,0.0,0,0,0.0,0,,,,,,,,,
store_0,2017-06-10,0.0,0.0,5282.0,4958,0.0,0.0,0,0,0.0,0,,,,,,,,,
store_0,2017-06-11,0.0,0.0,5209.0,8564,0.0,0.0,0,0,0.0,0,,,,,,,,,
store_0,2017-06-12,400.0,0.0,1333.0,2998,0.0,0.0,0,0,0.0,0,,,,,,,,,
store_0,2017-06-13,8000.0,0.0,4162.0,0,0.0,0.0,0,0,0.0,0,,,,,,,,,
store_0,2017-06-14,20000.0,0.0,4162.0,0,0.0,0.0,70,0,0.0,0,,,,,,,,,
store_0,2017-06-15,2600.0,0.0,4162.0,0,0.0,0.0,4,0,0.0,0,,,,,,,,,
store_0,2017-06-16,0.0,0.0,625.0,0,0.0,0.0,4,0,0.0,0,,,,,,,,,
store_0,2017-06-17,0.0,0.0,0.0,0,0.0,0.0,4,11,0.0,0,,,,,,,,,
store_0,2017-06-18,0.0,0.0,125.0,0,0.0,0.0,90,11,0.0,0,,,,,,,,,
store_0,2017-06-19,400.0,0.0,500.0,0,0.0,0.0,28,70,0.0,0,,,,,,,,,
store_0,2017-06-20,8000.0,0.0,2500.0,0,0.0,0.0,25,12,0.0,0,,,,,,,,,
store_0,2017-06-21,20200.0,0.0,2500.0,0,0.0,0.0,0,0,0.0,0,,,,,,,,,
store_0,2017-06-22,6800.0,0.0,375.0,3584,0.0,0.0,0,0,0.0,0,,,,,,,,,
store_0,2017-06-23,14000.0,1701.0,0.0,17065,0.0,0.0,0,0,0.0,0,,,,,,,,,
store_0,2017-06-24,11300.0,4300.0,2644.0,23084,0.0,0.0,0,0,0.0,0,,,,,,,,,
store_0,2017-06-25,1300.0,4300.0,17625.0,6825,0.0,0.0,0,0,0.0,0,,,,,,,,,
store_0,2017-06-26,400.0,10000.0,14688.0,0,0.0,0.0,0,0,0.0,0,,,,,,,,,
store_0,2017-06-27,8000.0,10000.0,14688.0,0,0.0,0.0,0,0,0.0,0,,,,,,,,,
store_0,2017-06-28,20000.0,10000.0,1469.0,0,0.0,0.0,0,0,0.0,0,,,,,,,,,
store_0,2017-06-29,2600.0,10000.0,0.0,0,0.0,0.0,0,0,0.0,0,,,,,,,,,
store_0,2017-06-30,0.0,10000.0,0.0,0,0.0,0.0,0,3,0.0,0,,,,,,,,,
store_0,2017-07-01,0.0,1500.0,0.0,0,0.0,0.0,0,3,0.0,0,,,,,,,,,
store_0,2017-07-02,0.0,0.0,0.0,0,0.0,0.0,0,3,0.0,0,,,,,,,,,
store_0,2017-07-03,400.0,0.0,0.0,0,0.0,0.0,0,3,0.0,0,,,,,,,,,
store_0,2017-07-04,8000.0,0.0,0.0,0,0.0,0.0,0,90,0.0,0,,,,,,,,,
store_0,2017-07-05,20000.0,0.0,0.0,0,0.0,0.0,0,2,0.0,0,,,,,,,,,
store_0,2017-07-06,2600.0,0.0,0.0,6825,0.0,0.0,0,2,0.0,0,,,,,,,,,
store_0,2017-07-07,0.0,0.0,0.0,19500,0.0,0.0,0,0,0.0,0,,,,,,,,,
store_0,2017-07-08,0.0,0.0,84.0,6825,0.0,0.0,0,0,0.0,0,,,,,,,,,
store_0,2017-07-09,200.0,0.0,334.0,0,0.0,0.0,0,0,0.0,0,,,,,,,,,
store_0,2017-07-10,4400.0,0.0,1792.0,0,0.0,0.0,0,0,0.0,0,,,,,,,,,
store_0,2017-07-11,18200.0,0.0,2167.0,0,0.0,0.0,0,0,0.0,0,,,,,,,,,
store_0,2017-07-12,25300.0,0.0,4167.0,0,0.0,0.0,0,0,0.0,0,,,,,,,,,
store_0,2017-07-13,12600.0,0.0,2751.0,5230,0.0,0.0,0,0,0.0,0,,,,,,,,,
store_0,2017-07-14,1420.0,0.0,375.0,14941,0.0,0.0,0,0,0.0,0,,,,,,,,,
store_0,2017-07-15,2400.0,0.0,0.0,8802,0.0,0.0,0,0,0.0,0,,,,,,,,,
store_0,2017-07-16,6400.0,0.0,0.0,10204,0.0,0.0,0,0,0.0,0,,,,,,,,,
store_0,2017-07-17,9180.0,0.0,0.0,3572,0.0,0.0,0,0,0.0,0,,,,,,,,,
store_0,2017-07-18,28200.0,0.0,0.0,6106,0.0,0.0,0,0,0.0,0,,,,,,,,,
store_0,2017-07-19,26600.0,0.0,0.0,17443,0.0,0.0,0,0,0.0,0,,,,,,,,,
store_0,2017-07-20,12800.0,0.0,0.0,6106,0.0,0.0,0,0,0.0,0,,,,,,,,,
store_0,2017-07-21,5300.0,0.0,0.0,0,0.0,0.0,0,0,0.0,0,,,,,,,,,
store_0,2017-07-22,10000.0,0.0,310.0,0,0.0,0.0,0,0,0.0,0,,,,,,,,,
store_0,2017-07-23,1500.0,0.0,2062.0,0,0.0,0.0,0,0,0.0,0,,,,,,,,,
store_0,2017-07-24,4400.0,0.0,1719.0,0,0.0,0.0,0,0,0.0,0,,,,,,,,,
store_0,2017-07-25,18200.0,0.0,1719.0,0,0.0,0.0,0,0,0.0,0,,,,,,,,,
store_0,2017-07-26,25300.0,0.0,172.0,0,0.0,0.0,0,0,0.0,0,,,,,,,,,
store_0,2017-07-27,12600.0,0.0,0.0,0,0.0,0.0,65,0,0.0,0,,,,,,,,,
store_0,2017-07-28,1300.0,0.0,0.0,0,0.0,0.0,0,0,0.0,0,,,,,,,,,
store_0,2017-07-29,0.0,0.0,0.0,0,0.0,0.0,0,0,0.0,0,,,,,,,,,
store_0,2017-07-30,200.0,0.0,0.0,0,0.0,0.0,0,0,0.0,0,,,,,,,,,
store_0,2017-07-31,4400.0,0.0,0.0,0,0.0,0.0,0,0,0.0,0,,,,,,,,,
store_0,2017-08-01,18200.0,0.0,0.0,0,0.0,0.0,0,0,0.0,0,,,,,,,,,
store_0,2017-08-02,25300.0,0.0,0.0,0,0.0,0.0,0,0,0.0,0,,,,,,,,,
store_0,2017-08-03,12600.0,0.0,0.0,0,0.0,0.0,0,0,0.0,0,,,,,,,,,
store_0,2017-08-04,1500.0,0.0,0.0,0,0.0,0.0,70,0,0.0,0,,,,,,,,,
store_0,2017-08-05,4000.0,0.0,710.0,0,0.0,0.0,0,0,0.0,0,,,,,,,,,
store_0,2017-08-06,10200.0,0.0,4725.0,0,0.0,0.0,0,0,0.0,0,,,,,,,,,
store_0,2017-08-07,5700.0,0.0,3937.0,3524,0.0,0.0,0,0,0.0,0,,,,,,,,,
store_0,2017-08-08,18600.0,0.0,3937.0,10068,0.0,0.0,0,0,0.0,0,,,,,,,,,
store_0,2017-08-09,33300.0,0.0,395.0,3524,0.0,0.0,0,0,0.0,0,,,,,,,,,
store_0,2017-08-10,32600.0,0.0,0.0,0,0.0,0.0,0,0,0.0,0,,,,,,,,,
store_0,2017-08-11,3900.0,0.0,0.0,0,0.0,0.0,0,0,0.0,0,,,,,,,,,
store_0,2017-08-12,0.0,0.0,0.0,3530,0.0,0.0,0,0,0.0,0,,,,,,,,,
store_0,2017-08-13,200.0,0.0,0.0,10083,0.0,0.0,0,0,0.0,0,,,,,,,,,
store_0,2017-08-14,4400.0,0.0,0.0,3530,0.0,0.0,70,0,0.0,0,,,,,,,,,
store_0,2017-08-15,18600.0,0.0,0.0,0,0.0,0.0,0,0,0.0,0,,,,,,,,,
store_0,2017-08-16,33300.0,0.0,0.0,0,0.0,0.0,0,0,0.0,0,,,,,,,,,
store_0,2017-08-17,32600.0,0.0,0.0,0,0.0,0.0,0,0,0.0,0,,,,,,,,,
store_0,2017-08-18,3900.0,0.0,834.0,0,0.0,0.0,0,0,0.0,0,,,,,,,,,
store_0,2017-08-19,112.0,0.0,5556.0,3503,0.0,0.0,0,0,0.0,0,,,,,,,,,
store_0,2017-08-20,2440.0,0.0,5556.0,10007,0.0,0.0,0,0,0.0,0,,,,,,,,,
store_0,2017-08-21,10000.0,0.0,4666.0,3503,0.0,0.0,0,0,0.0,0,,,,,,,,,
store_0,2017-08-22,19328.0,0.0,4771.0,0,0.0,0.0,0,0,0.0,0,,,,,,,,,
store_0,2017-08-23,33300.0,0.0,5334.0,0,0.0,0.0,0,0,0.0,0,,,,,,,,,
store_0,2017-08-24,32600.0,0.0,1167.0,3269,0.0,0.0,0,0,0.0,0,,,,,,,,,
store_0,2017-08-25,3900.0,0.0,845.0,9340,0.0,0.0,0,0,0.0,0,,,,,,,,,
store_0,2017-08-26,0.0,0.0,845.0,6530,0.0,0.0,0,0,0.0,0,,,,,,,,,
store_0,2017-08-27,200.0,0.0,845.0,9317,0.0,0.0,0,0,0.0,0,,,,,,,,,
store_0,2017-08-28,4400.0,0.0,704.0,3261,0.0,0.0,0,0,0.0,0,,,,,,,,,
store_0,2017-08-29,18200.0,0.0,704.0,0,0.0,0.0,0,0,0.0,0,,,,,,,,,
store_0,2017-08-30,25300.0,0.0,704.0,0,0.0,0.0,0,0,0.0,0,,,,,,,,,
store_0,2017-08-31,12600.0,0.0,704.0,3538,0.0,0.0,0,0,0.0,0,,,,,,,,,
store_0,2017-09-01,1700.0,0.0,845.0,10108,0.0,0.0,0,7,0.0,0,,,,,,,,,
store_0,2017-09-02,8000.0,0.0,845.0,3538,0.0,0.0,70,7,0.0,0,,,,,,,,,
store_0,2017-09-03,20000.0,0.0,845.0,0,0.0,0.0,0,36,0.0,0,,,,,,,,,
store_0,2017-09-04,2600.0,0.0,704.0,0,0.0,0.0,0,90,0.0,0,,,,,,,,,
store_0,2017-09-05,200.0,0.0,106.0,0,0.0,0.0,0,13,0.0,0,,,,,,,,,
store_0,2017-09-06,4200.0,0.0,0.0,0,0.0,0.0,0,0,0.0,0,,,,,,,,,
store_0,2017-09-07,14000.0,0.0,0.0,0,0.0,0.0,0,0,0.0,0,,,,,,,,,
store_0,2017-09-08,11500.0,0.0,0.0,0,0.0,0.0,0,0,0.0,0,,,,,,,,,
store_0,2017-09-09,5300.0,0.0,750.0,3339,0.0,0.0,0,0,0.0,0,,,,,,,,,
store_0,2017-09-10,10000.0,0.0,5000.0,9538,0.0,0.0,0,0,0.0,0,,,,,,,,,
store_0,2017-09-11,1300.0,0.0,608.0,5299,0.0,0.0,0,0,0.0,0,,,,,,,,,
store_0,2017-09-12,0.0,0.0,429.0,5600,0.0,0.0,0,0,0.0,0,,,,,,,,,
store_0,2017-09-13,0.0,0.0,2143.0,1960,0.0,0.0,0,0,0.0,0,,,,,,,,,
store_0,2017-09-14,0.0,0.0,2143.0,0,0.0,0.0,0,0,0.0,0,,,,,,,,,
store_0,2017-09-15,200.0,0.0,2917.0,0,0.0,0.0,0,0,0.0,0,,,,,,,,,
store_0,2017-09-16,4200.0,0.0,5433.0,0,0.0,0.0,0,0,0.0,0,,,,,,,,,
store_0,2017-09-17,14000.0,0.0,8619.0,6193,0.0,0.0,65,0,0.0,0,,,,,,,,,
store_0,2017-09-18,11300.0,0.0,5424.0,17692,0.0,0.0,135,0,0.0,0,,,,,,,,,
store_0,2017-09-19,1300.0,0.0,3316.0,12386,0.0,0.0,0,0,0.0,0,,,,,,,,,
store_0,2017-09-20,200.0,0.0,314.0,17692,0.0,0.0,0,0,0.0,0,,,,,,,,,
store_0,2017-09-21,4000.0,0.0,0.0,6193,0.0,0.0,4,0,0.0,0,,,,,,,,,
store_0,2017-09-22,10200.0,0.0,0.0,0,0.0,0.0,4,0,0.0,0,,,,,,,,,
store_0,2017-09-23,5300.0,0.0,0.0,0,0.0,0.0,4,0,0.0,0,,,,,,,,,
store_0,2017-09-24,10000.0,0.0,0.0,6193,0.0,0.0,90,0,0.0,0,,,,,,,,,
store_0,2017-09-25,1300.0,0.0,0.0,17692,0.0,0.0,28,0,0.0,0,,,,,,,,,
store_0,2017-09-26,0.0,0.0,0.0,6193,0.0,0.0,25,0,0.0,0,,,,,,,,,
store_0,2017-09-27,0.0,0.0,0.0,0,0.0,0.0,0,0,0.0,0,,,,,,,,,
store_0,2017-09-28,0.0,0.0,0.0,0,0.0,0.0,0,0,0.0,0,,,,,,,,,
store_0,2017-09-29,200.0,0.0,0.0,0,0.0,0.0,0,0,0.0,0,,,,,,,,,
store_0,2017-09-30,4000.0,0.0,0.0,0,0.0,0.0,0,0,0.0,0,,,,,,,,,
store_0,2017-10-01,10000.0,0.0,0.0,0,0.0,0.0,0,0,0.0,0,,,,,,,,,
store_0,2017-10-02,1300.0,0.0,0.0,6825,0.0,0.0,0,0,0.0,0,,,,,,,,,
store_0,2017-10-03,0.0,0.0,2174.0,19500,0.0,0.0,0,0,0.0,0,,,,,,,,,
store_0,2017-10-04,0.0,0.0,8696.0,13128,0.0,0.0,0,0,0.0,0,,,,,,,,,
store_0,2017-10-05,200.0,0.0,43478.0,18006,0.0,0.0,0,0,0.0,0,,,,,,,,,
store_0,2017-10-06,4200.0,0.0,52174.0,6303,0.0,0.0,0,14,0.0,0,,,,,,,,,
store_0,2017-10-07,14000.0,0.0,52174.0,6303,0.0,78.0,0,36,0.0,0,,,,,,,,,
store_0,2017-10-08,11300.0,0.0,52174.0,24831,0.0,78.0,0,94,0.0,0,,,,,,,,,
store_0,2017-10-09,1500.0,0.0,7827.0,32106,0.0,78.0,0,320,0.0,0,,,,,,,,,
store_0,2017-10-10,4000.0,0.0,114.0,24831,0.0,0.0,0,50,0.0,0,,,,,,,,,
store_0,2017-10-11,10000.0,0.0,655.0,6303,0.0,0.0,0,0,0.0,0,,,,,,,,,
store_0,2017-10-12,1700.0,0.0,3073.0,6825,0.0,0.0,0,0,0.0,0,,,,,,,,,
store_0,2017-10-13,8200.0,0.0,6727.0,25803,0.0,0.0,70,0,0.0,0,,,,,,,,,
store_0,2017-10-14,24000.0,0.0,4410.0,24831,0.0,0.0,0,0,0.0,0,,,,,,,,,
store_0,2017-10-15,12600.0,0.0,4000.0,6303,0.0,0.0,65,0,0.0,0,,,,,,,,,
store_0,2017-10-16,1300.0,0.0,975.0,6303,0.0,0.0,0,0,0.0,0,,,,,,,,,
store_0,2017-10-17,0.0,0.0,1500.0,18006,0.0,0.0,0,0,0.0,0,,,,,,,,,
store_0,2017-10-18,0.0,0.0,7500.0,12606,0.0,0.0,70,0,0.0,0,,,,,,,,,
store_0,2017-10-19,0.0,0.0,7500.0,18006,0.0,0.0,0,0,0.0,0,,,,,,,,,
store_0,2017-10-20,200.0,0.0,1125.0,19252,0.0,0.0,0,0,0.0,0,,,,,,,,,
store_0,2017-10-21,4000.0,1190.0,0.0,36993,0.0,0.0,0,0,0.0,0,,,,,,,,,
store_0,2017-10-22,10000.0,3010.0,0.0,19252,0.0,0.0,0,0,0.0,0,,,,,,,,,
store_0,2017-10-23,1300.0,3010.0,0.0,18006,0.0,0.0,0,0,0.0,0,,,,,,,,,
store_0,2017-10-24,0.0,7000.0,0.0,6303,0.0,0.0,0,0,0.0,0,,,,,,,,,
store_0,2017-10-25,0.0,7000.0,680.0,6303,0.0,0.0,0,0,0.0,0,,,,,,,,,
store_0,2017-10-26,200.0,1050.0,2717.0,24941,0.0,0.0,0,0,0.0,0,,,,,,,,,
store_0,2017-10-27,4200.0,0.0,13580.0,26115,0.0,0.0,0,0,0.0,0,,,,,,,,,
store_0,2017-10-28,14000.0,0.0,13890.0,6935,0.0,0.0,0,0,0.0,0,,,,,,,,,
store_0,2017-10-29,11300.0,0.0,15729.0,6935,0.0,0.0,30,0,0.0,0,,,,,,,,,
store_0,2017-10-30,1300.0,0.0,6967.0,25865,0.0,0.0,30,0,0.0,0,,,,,,,,,
store_0,2017-10-31,0.0,0.0,4694.0,30641,0.0,0.0,90,0,0.0,0,,,,,,,,,
store_0,2017-11-01,0.0,0.0,6453.0,24373,0.0,0.0,97,0,0.0,0,,,,,,,,,
store_0,2017-11-02,0.0,0.0,10531.0,15164,0.0,0.0,72,0,0.0,0,,,,,,,,,
store_0,2017-11-03,200.0,0.0,1331.0,38654,0.0,0.0,7,0,0.0,0,,,,,,,,,
store_0,2017-11-04,4000.0,0.0,0.0,54014,0.0,0.0,0,0,0.0,0,,,,,,,,,
store_0,2017-11-05,10000.0,0.0,0.0,37611,0.0,0.0,0,0,0.0,0,,,,,,,,,
store_0,2017-11-06,1300.0,0.0,0.0,30157,0.0,0.0,0,4,0.0,0,,,,,,,,,
store_0,2017-11-07,0.0,0.0,114.0,31079,0.0,0.0,0,71,0.0,0,,,,,,,,,
store_0,2017-11-08,0.0,0.0,455.0,24553,0.0,0.0,0,40,0.0,0,,,,,,,,,
store_0,2017-11-09,200.0,0.0,2273.0,6303,0.0,0.0,9,7,23.0,0,,,,,,,,,
store_0,2017-11-10,4200.0,0.0,2727.0,13238,0.0,0.0,10,140,43.0,0,,,,,,,,,
store_0,2017-11-11,14000.0,0.0,1229.0,37818,0.0,0.0,90,169,65.0,0,,,,,,,,,
store_0,2017-11-12,11300.0,0.0,5455.0,20173,0.0,0.0,24,73,30.0,0,,,,,,,,,
store_0,2017-11-13,1300.0,0.0,4733.0,19812,0.0,0.0,0,7,18.0,0,,,,,,,,,
store_0,2017-11-14,0.0,0.0,1205.0,13479,0.0,0.0,0,4,10.0,0,,,,,,,,,
store_0,2017-11-15,0.0,0.0,3750.0,20832,0.0,0.0,0,2,0.0,0,,,,,,,,,
store_0,2017-11-16,0.0,0.0,3750.0,14998,0.0,0.0,0,0,0.0,0,,,,,,,,,
store_0,2017-11-17,0.0,0.0,563.0,8850,0.0,0.0,0,0,0.0,0,,,,,,,,,
store_0,2017-11-18,0.0,0.0,0.0,8484,0.0,0.0,0,0,0.0,0,,,,,,,,,
store_0,2017-11-19,0.0,0.0,0.0,24121,0.0,0.0,0,0,0.0,0,,,,,,,,,
store_0,2017-11-20,0.0,0.0,0.0,24982,0.0,0.0,0,18,0.0,0,,,,,,,,,
store_0,2017-11-21,0.0,0.0,0.0,13532,0.0,0.0,0,18,0.0,0,,,,,,,,,
store_0,2017-11-22,0.0,0.0,480.0,19812,0.0,213.0,0,49,0.0,0,,,,,,,,,
store_0,2017-11-23,0.0,0.0,1918.0,13238,0.0,572.0,36,90,0.0,0,,,,,,,,,
store_0,2017-11-24,200.0,0.0,9588.0,23386,0.0,572.0,90,0,0.0,0,,,,,,,,,
store_0,2017-11-25,4000.0,0.0,9588.0,27846,0.0,572.0,1,0,0.0,0,,,,,,,,,
store_0,2017-11-26,10000.0,0.0,9588.0,29456,0.0,572.0,4,0,0.0,0,,,,,,,,,
store_0,2017-11-27,1431.0,0.0,7990.0,30663,0.0,0.0,90,0,0.0,0,,,,,,,,,
store_0,2017-11-28,2609.0,0.0,7990.0,30013,0.0,0.0,55,0,0.0,0,,,,,,,,,
store_0,2017-11-29,6522.0,0.0,9049.0,25904,0.0,0.0,5,0,0.0,0,,,,,,,,,
store_0,2017-11-30,6722.0,0.0,5434.0,20428,0.0,0.0,5,0,0.0,0,,,,,,,,,
store_0,2017-12-01,12352.0,0.0,21172.0,32249,0.0,0.0,70,0,0.0,0,,,,,,,,,
store_0,2017-12-02,23783.0,0.0,21365.0,34333,0.0,0.0,0,0,0.0,0,,,,,,,,,
store_0,2017-12-03,19452.0,0.0,21942.0,25907,0.0,0.0,0,0,0.0,0,,,,,,,,,
store_0,2017-12-04,7822.0,0.0,7022.0,12816,0.0,0.0,0,0,0.0,0,,,,,,,,,
store_0,2017-12-05,6722.0,0.0,3846.0,24467,0.0,0.0,0,0,0.0,0,,,,,,,,,
store_0,2017-12-06,10522.0,0.0,3846.0,25949,0.0,0.0,0,0,0.0,0,,,,,,,,,
store_0,2017-12-07,16722.0,0.0,3846.0,6935,0.0,0.0,0,0,0.0,0,,,,,,,,,
store_0,2017-12-08,13652.0,0.0,4615.0,13656,0.0,0.0,0,0,0.0,0,,,,,,,,,
store_0,2017-12-09,23783.0,0.0,693.0,47691,0.0,0.0,0,0,0.0,0,,,,,,,,,
store_0,2017-12-10,19452.0,0.0,0.0,44629,0.0,0.0,0,0,0.0,0,,,,,,,,,
store_0,2017-12-11,7822.0,0.0,0.0,33120,68.0,0.0,0,0,0.0,0,,,,,,,,,
store_0,2017-12-12,6522.0,0.0,0.0,25543,68.0,0.0,70,0,0.0,0,,,,,,,,,
store_0,2017-12-13,6522.0,0.0,0.0,6776,359.0,0.0,140,0,0.0,0,,,,,,,,,
store_0,2017-12-14,6522.0,0.0,0.0,6215,359.0,0.0,0,0,0.0,0,,,,,,,,,
store_0,2017-12-15,8352.0,0.0,0.0,26975,359.0,0.0,0,0,0.0,0,,,,,,,,,
store_0,2017-12-16,13783.0,0.0,0.0,37408,359.0,0.0,0,0,0.0,0,,,,,,,,,
store_0,2017-12-17,18152.0,0.0,0.0,23091,359.0,0.0,0,0,0.0,0,,,,,,,,,
store_0,2017-12-18,7822.0,0.0,0.0,11159,437.0,0.0,0,0,0.0,0,,,,,,,,,
store_0,2017-12-19,6522.0,0.0,0.0,18006,437.0,67.0,0,0,0.0,0,,,,,,,,,
store_0,2017-12-20,6522.0,0.0,0.0,13238,437.0,67.0,0,0,0.0,0,,,,,,,,,
store_0,2017-12-21,6522.0,0.0,0.0,19812,146.0,358.0,4,0,0.0,0,,,,,,,,,
store_0,2017-12-22,8352.0,0.0,0.0,13238,78.0,494.0,4,7,0.0,0,,,,,,,,,
store_0,2017-12-23,13783.0,0.0,0.0,18006,0.0,572.0,4,29,0.0,0,,,,,,,,,
store_0,2017-12-24,18152.0,0.0,0.0,13238,0.0,572.0,90,58,0.0,0,,,,,,,,,
store_0,2017-12-25,7822.0,0.0,0.0,26637,0.0,572.0,28,230,0.0,0,,,,,,,,,
store_0,2017-12-26,6522.0,0.0,0.0,32738,0.0,572.0,25,37,0.0,0,,,,,,,,,
store_0,2017-12-27,6522.0,0.0,0.0,24831,0.0,572.0,0,0,0.0,0,,,,,,,,,
store_0,2017-12-28,6522.0,0.0,0.0,6303,0.0,572.0,74,0,0.0,0,,,,,,,,,
store_0,2017-12-29,8152.0,0.0,0.0,0,0.0,572.0,4,7,0.0,0,,,,,,,,,
store_0,2017-12-30,9783.0,0.0,0.0,0,0.0,572.0,4,7,0.0,0,,,,,,,,,
store_0,2017-12-31,8152.0,0.0,0.0,0,0.0,572.0,90,36,0.0,0,,,,,,,,,
store_0,2018-01-01,6522.0,0.0,0.0,6935,0.0,572.0,28,90,0.0,0,,,,,,,,,
store_0,2018-01-02,6522.0,0.0,0.0,26115,0.0,572.0,25,13,0.0,0,,,,,,,,,
store_0,2018-01-03,6522.0,0.0,0.0,24941,0.0,357.0,0,0,0.0,0,,,,,,,,,
store_0,2018-01-04,6522.0,0.0,0.0,13128,0.0,357.0,4,0,0.0,80,,,,,,,,,
store_0,2018-01-05,8152.0,0.0,0.0,33150,0.0,357.0,4,0,0.0,13,,,,,,,,,
store_0,2018-01-06,9783.0,0.0,3612.0,52650,0.0,357.0,4,0,0.0,0,,,,,,,,,
store_0,2018-01-07,8152.0,0.0,24070.0,33150,0.0,357.0,90,0,0.0,0,,,,,,,,,
store_0,2018-01-08,1060.0,0.0,20059.0,10118,0.0,357.0,28,0,0.0,0,,,,,,,,,
store_0,2018-01-09,0.0,0.0,20059.0,16341,0.0,357.0,25,0,0.0,0,,,,,,,,,
store_0,2018-01-10,0.0,0.0,2174.0,23105,0.0,357.0,0,0,0.0,0,,,,,,,,,
store_0,2018-01-11,0.0,0.0,667.0,6935,0.0,357.0,4,0,0.0,0,,,,,,,,,
store_0,2018-01-12,0.0,0.0,3333.0,12297,0.0,357.0,4,7,0.0,0,,,,,,,,,
store_0,2018-01-13,0.0,0.0,5274.0,42064,0.0,357.0,4,7,0.0,0,,,,,,,,,
store_0,2018-01-14,0.0,0.0,16271.0,32109,0.0,357.0,90,36,0.0,0,,,,,,,,,
store_0,2018-01-15,0.0,0.0,11420.0,13238,0.0,357.0,28,90,0.0,0,,,,,,,,,
store_0,2018-01-16,0.0,0.0,11336.0,18006,0.0,357.0,25,13,0.0,0,,,,,,,,,
store_0,2018-01-17,0.0,0.0,3854.0,12606,0.0,357.0,0,0,0.0,0,,,,,,,,,
store_0,2018-01-18,0.0,0.0,2775.0,18006,0.0,357.0,0,0,0.0,0,,,,,,,,,
store_0,2018-01-19,0.0,0.0,417.0,11384,0.0,357.0,0,0,0.0,0,,,,,,,,,
store_0,2018-01-20,0.0,0.0,479.0,14516,0.0,357.0,0,0,0.0,0,,,,,,,,,
store_0,2018-01-21,0.0,0.0,2953.0,6726,0.0,357.0,0,0,0.0,0,,,,,,,,,
store_0,2018-01-22,0.0,0.0,4312.0,4700,0.0,144.0,0,0,0.0,0,,,,,,,,,
store_0,2018-01-23,0.0,0.0,5448.0,1645,0.0,144.0,0,0,0.0,0,,,,,,,,,
store_0,2018-01-24,0.0,0.0,10061.0,0,0.0,144.0,0,0,0.0,0,,,,,,,,,
store_0,2018-01-25,0.0,0.0,9848.0,0,0.0,144.0,0,0,0.0,0,,,,,,,,,
store_0,2018-01-26,0.0,0.0,19123.0,0,0.0,144.0,0,0,0.0,0,,,,,,,,,
store_0,2018-01-27,0.0,0.0,19123.0,0,0.0,144.0,0,0,0.0,0,,,,,,,,,
store_0,2018-01-28,0.0,0.0,19123.0,0,0.0,144.0,0,0,0.0,0,,,,,,,,,
store_0,2018-01-29,0.0,0.0,2869.0,6827,0.0,0.0,0,0,0.0,0,,,,,,,,,
store_0,2018-01-30,0.0,0.0,0.0,19505,0.0,0.0,0,0,0.0,0,,,,,,,,,
store_0,2018-01-31,0.0,0.0,0.0,13130,0.0,0.0,0,0,0.0,0,,,,,,,,,
store_0,2018-02-01,0.0,0.0,0.0,18006,0.0,0.0,0,0,0.0,0,,,,,,,,,
store_0,2018-02-02,0.0,0.0,0.0,13238,0.0,0.0,0,0,0.0,0,,,,,,,,,
store_0,2018-02-03,0.0,0.0,1029.0,26617,0.0,0.0,0,0,0.0,0,,,,,,,,,
store_0,2018-02-04,0.0,0.0,6857.0,26376,0.0,0.0,0,0,0.0,0,,,,,,,,,
store_0,2018-02-05,0.0,0.0,5714.0,13740,0.0,0.0,0,0,0.0,0,,,,,,,,,
store_0,2018-02-06,0.0,0.0,5714.0,26115,0.0,0.0,0,0,0.0,0,,,,,,,,,
store_0,2018-02-07,0.0,0.0,5714.0,24941,0.0,0.0,0,0,0.0,0,,,,,,,,,
store_0,2018-02-08,0.0,0.0,572.0,12606,0.0,0.0,0,0,0.0,0,,,,,,,,,
store_0,2018-02-09,0.0,0.0,0.0,18006,0.0,0.0,0,0,0.0,0,,,,,,,,,
store_0,2018-02-10,0.0,0.0,0.0,6303,0.0,0.0,0,11,0.0,0,,,,,,,,,
store_0,2018-02-11,0.0,0.0,0.0,0,0.0,0.0,0,11,0.0,0,,,,,,,,,
store_0,2018-02-12,0.0,0.0,0.0,0,0.0,0.0,0,70,0.0,0,,,,,,,,,
store_0,2018-02-13,0.0,0.0,0.0,6935,0.0,0.0,135,12,0.0,0,,,,,,,,,
store_0,2018-02-14,0.0,0.0,0.0,19812,0.0,0.0,90,0,0.0,0,,,,,,,,,
store_0,2018-02-15,0.0,0.0,0.0,6935,0.0,0.0,40,0,0.0,0,,,,,,,,,
store_0,2018-02-16,0.0,0.0,1228.0,0,0.0,0.0,94,7,0.0,41,,,,,,,,,
store_0,2018-02-17,0.0,0.0,8182.0,6303,0.0,0.0,1,29,0.0,80,,,,,,,,,
store_0,2018-02-18,0.0,0.0,8182.0,18006,0.0,0.0,0,58,0.0,80,,,,,,,,,
store_0,2018-02-19,0.0,0.0,6818.0,6303,0.0,0.0,0,230,0.0,0,,,,,,,,,
store_0,2018-02-20,0.0,0.0,6818.0,0,0.0,0.0,0,37,0.0,0,,,,,,,,,
store_0,2018-02-21,0.0,0.0,682.0,0,0.0,0.0,0,0,0.0,0,,,,,,,,,
store_0,2018-02-22,0.0,0.0,0.0,6303,0.0,0.0,0,0,0.0,0,,,,,,,,,
store_0,2018-02-23,0.0,2798.0,0.0,31535,0.0,0.0,0,0,0.0,0,,,,,,,,,
store_0,2018-02-24,0.0,7076.0,449.0,51258,0.0,0.0,0,0,0.0,0,,,,,,,,,
store_0,2018-02-25,0.0,7076.0,2991.0,38470,0.0,0.0,0,0,0.0,0,,,,,,,,,
store_0,2018-02-26,0.0,16455.0,2492.0,26115,0.0,0.0,0,0,0.0,0,,,,,,,,,
store_0,2018-02-27,0.0,16455.0,2492.0,12074,0.0,0.0,0,0,0.0,0,,,,,,,,,
store_0,2018-02-28,0.0,16455.0,250.0,19580,0.0,0.0,0,0,0.0,0,,,,,,,,,
store_0,2018-03-01,0.0,2469.0,0.0,24221,0.0,0.0,0,0,0.0,0,,,,,,,,,
store_0,2018-03-02,200.0,0.0,0.0,37219,0.0,0.0,0,0,0.0,0,,,,,,,,,
store_0,2018-03-03,4000.0,0.0,3668.0,61183,0.0,0.0,0,0,0.0,0,,,,,,,,,
store_0,2018-03-04,10000.0,0.0,24450.0,39678,0.0,0.0,0,0,0.0,0,,,,,,,,,
store_0,2018-03-05,1300.0,0.0,20375.0,31076,0.0,0.0,0,0,0.0,27,,,,,,,,,
store_0,2018-03-06,0.0,0.0,20549.0,31754,0.0,0.0,0,0,0.0,80,,,,,,,,,
store_0,2018-03-07,0.0,0.0,2734.0,52306,0.0,0.0,0,0,0.0,80,,,,,,,,,
store_0,2018-03-08,0.0,0.0,3478.0,101632,0.0,0.0,0,0,0.0,14,,,,,,,,,
store_0,2018-03-09,200.0,0.0,4174.0,77694,0.0,0.0,0,0,0.0,0,,,,,,,,,
store_0,2018-03-10,4000.0,0.0,4556.0,63350,0.0,146.0,0,0,0.0,0,,,,,,,,,
store_0,2018-03-11,10000.0,0.0,6719.0,43319,0.0,146.0,0,0,0.0,0,,,,,,,,,
store_0,2018-03-12,1300.0,0.0,3373.0,31123,0.0,146.0,0,0,0.0,0,,,,,,,,,
store_0,2018-03-13,0.0,0.0,4799.0,30868,0.0,146.0,0,0,0.0,0,,,,,,,,,
store_0,2018-03-14,0.0,0.0,14440.0,32461,0.0,146.0,0,0,0.0,0,,,,,,,,,
store_0,2018-03-15,0.0,0.0,22114.0,39362,0.0,146.0,9,0,0.0,0,,,,,,,,,
store_0,2018-03-16,200.0,0.0,11965.0,41849,0.0,146.0,10,0,0.0,0,,,,,,,,,
store_0,2018-03-17,4000.0,0.0,9590.0,32145,0.0,213.0,90,0,0.0,0,,,,,,,,,
store_0,2018-03-18,10000.0,0.0,9590.0,14769,0.0,213.0,24,0,0.0,0,,,,,,,,,
store_0,2018-03-19,1300.0,0.0,1529.0,24853,0.0,67.0,0,0,0.0,0,,,,,,,,,
store_0,2018-03-20,0.0,0.0,358.0,23787,0.0,67.0,0,0,0.0,27,,,,,,,,,
store_0,2018-03-21,0.0,0.0,1786.0,6018,0.0,67.0,0,0,0.0,80,,,,,,,,,
store_0,2018-03-22,0.0,0.0,1786.0,6620,0.0,67.0,0,0,0.0,80,,,,,,,,,
store_0,2018-03-23,200.0,0.0,2143.0,27757,0.0,67.0,0,0,0.0,14,,,,,,,,,
store_0,2018-03-24,4000.0,0.0,2143.0,31882,0.0,135.0,0,0,0.0,0,,,,,,,,,
store_0,2018-03-25,10000.0,0.0,2143.0,15146,0.0,135.0,0,0,0.0,0,,,,,,,,,
store_0,2018-03-26,1300.0,0.0,322.0,25797,0.0,68.0,0,0,0.0,0,,,,,,,,,
store_0,2018-03-27,0.0,0.0,0.0,28562,0.0,68.0,0,0,0.0,0,,,,,,,,,
store_0,2018-03-28,0.0,0.0,6866.0,16550,0.0,68.0,0,0,0.0,0,,,,,,,,,
store_0,2018-03-29,0.0,0.0,27464.0,31326,0.0,68.0,69,1,0.0,0,,,,,,,,,
store_0,2018-03-30,200.0,0.0,137318.0,33700,0.0,360.0,74,70,0.0,0,,,,,,,,,
store_0,2018-03-31,4000.0,0.0,137318.0,26115,0.0,360.0,4,18,0.0,0,,,,,,,,,
store_0,2018-04-01,10000.0,0.0,137318.0,6935,0.0,360.0,94,4,0.0,0,,,,,,,,,
store_0,2018-04-02,1300.0,0.0,114431.0,6935,0.0,292.0,118,4,0.0,0,,,,,,,,,
store_0,2018-04-03,0.0,0.0,114431.0,19812,0.0,292.0,80,4,0.0,0,,,,,,,,,
store_0,2018-04-04,0.0,0.0,114431.0,6935,0.0,292.0,5,4,0.0,0,,,,,,,,,
store_0,2018-04-05,0.0,0.0,114431.0,6850,0.0,292.0,9,0,0.0,0,,,,,,,,,
store_0,2018-04-06,200.0,0.0,137318.0,26504,0.0,292.0,74,0,0.0,0,,,,,,,,,
store_0,2018-04-07,4000.0,0.0,137318.0,26662,0.0,292.0,4,0,0.0,0,,,,,,,,,
store_0,2018-04-08,10000.0,0.0,137318.0,13743,0.0,292.0,94,0,0.0,0,,,,,,,,,
store_0,2018-04-09,1300.0,0.0,20598.0,19449,0.0,0.0,118,0,0.0,0,,,,,,,,,
store_0,2018-04-10,0.0,0.0,0.0,6808,0.0,0.0,80,0,0.0,0,,,,,,,,,
store_0,2018-04-11,0.0,0.0,0.0,0,0.0,0.0,5,0,0.0,0,,,,,,,,,
store_0,2018-04-12,0.0,0.0,0.0,0,0.0,0.0,5,0,0.0,0,,,,,,,,,
store_0,2018-04-13,200.0,0.0,0.0,0,0.0,0.0,0,0,0.0,0,,,,,,,,,
store_0,2018-04-14,4000.0,0.0,0.0,0,0.0,0.0,0,0,0.0,0,,,,,,,,,
store_0,2018-04-15,10000.0,0.0,184.0,0,0.0,0.0,0,0,0.0,0,,,,,,,,,
store_0,2018-04-16,1300.0,0.0,734.0,0,0.0,0.0,0,0,0.0,0,,,,,,,,,
store_0,2018-04-17,0.0,0.0,3667.0,0,0.0,0.0,0,0,0.0,0,,,,,,,,,
store_0,2018-04-18,121.0,0.0,3667.0,0,0.0,0.0,0,0,0.0,0,,,,,,,,,
store_0,2018-04-19,2606.0,0.0,3667.0,1960,0.0,0.0,0,0,0.0,0,,,,,,,,,
store_0,2018-04-20,10213.0,0.0,551.0,5600,0.0,0.0,0,0,0.0,0,,,,,,,,,
store_0,2018-04-21,14782.0,0.0,0.0,1960,0.0,0.0,0,0,0.0,0,,,,,,,,,
store_0,2018-04-22,11300.0,0.0,0.0,0,0.0,0.0,0,0,0.0,0,,,,,,,,,
store_0,2018-04-23,1300.0,0.0,0.0,0,0.0,0.0,0,0,0.0,0,,,,,,,,,
store_0,2018-04-24,0.0,0.0,0.0,0,0.0,0.0,0,0,0.0,0,,,,,,,,,
store_0,2018-04-25,0.0,0.0,0.0,0,0.0,0.0,0,0,0.0,0,,,,,,,,,
store_0,2018-04-26,0.0,0.0,0.0,0,0.0,0.0,0,0,0.0,0,,,,,,,,,
store_0,2018-04-27,200.0,0.0,0.0,0,0.0,0.0,0,0,0.0,0,,,,,,,,,
store_0,2018-04-28,4000.0,0.0,0.0,0,0.0,0.0,0,0,0.0,0,,,,,,,,,
store_0,2018-04-29,10000.0,0.0,0.0,0,0.0,0.0,0,0,0.0,0,,,,,,,,,
store_0,2018-04-30,1300.0,0.0,0.0,0,0.0,0.0,0,0,0.0,0,,,,,,,,,
store_0,2018-05-01,0.0,0.0,0.0,0,0.0,0.0,0,0,0.0,0,,,,,,,,,
store_0,2018-05-02,0.0,2550.0,0.0,0,0.0,0.0,0,0,0.0,0,,,,,,,,,
store_0,2018-05-03,200.0,6450.0,0.0,0,0.0,0.0,0,0,0.0,0,,,,,,,,,
store_0,2018-05-04,4200.0,6450.0,0.0,0,0.0,0.0,0,0,0.0,0,,,,,,,,,
store_0,2018-05-05,14000.0,15000.0,0.0,0,0.0,0.0,70,0,0.0,0,,,,,,,,,
store_0,2018-05-06,11300.0,15000.0,175.0,0,0.0,0.0,0,0,0.0,0,,,,,,,,,
store_0,2018-05-07,1300.0,15000.0,700.0,0,0.0,0.0,0,0,0.0,0,,,,,,,,,
store_0,2018-05-08,0.0,15000.0,3500.0,0,0.0,0.0,65,0,0.0,0,,,,,,,,,
store_0,2018-05-09,200.0,15000.0,4250.0,0,78.0,0.0,0,0,0.0,0,,,,,,,,,
store_0,2018-05-10,4000.0,2250.0,5525.0,0,78.0,0.0,4,0,0.0,0,,,,,,,,,
store_0,2018-05-11,10200.0,0.0,500.0,6825,78.0,0.0,4,0,0.0,0,,,,,,,,,
store_0,2018-05-12,5300.0,0.0,0.0,19500,78.0,68.0,4,0,0.0,0,,,,,,,,,
store_0,2018-05-13,10000.0,0.0,0.0,6825,78.0,68.0,90,0,0.0,0,,,,,,,,,
store_0,2018-05-14,1300.0,0.0,0.0,0,146.0,68.0,28,0,0.0,0,,,,,,,,,
store_0,2018-05-15,0.0,0.0,0.0,0,146.0,135.0,25,0,0.0,0,,,,,,,,,
store_0,2018-05-16,0.0,0.0,250.0,0,68.0,213.0,0,0,0.0,0,,,,,,,,,
store_0,2018-05-17,0.0,0.0,1000.0,0,68.0,213.0,0,0,0.0,0,,,,,,,,,
store_0,2018-05-18,200.0,0.0,5000.0,0,360.0,213.0,65,0,0.0,0,,,,,,,,,
store_0,2018-05-19,4000.0,0.0,5429.0,0,360.0,213.0,0,0,0.0,0,,,,,,,,,
store_0,2018-05-20,10000.0,0.0,3607.0,0,360.0,213.0,70,0,0.0,0,,,,,,,,,
store_0,2018-05-21,1300.0,0.0,2381.0,0,360.0,213.0,0,0,0.0,0,,,,,,,,,
store_0,2018-05-22,0.0,0.0,2381.0,0,292.0,281.0,0,0,0.0,0,,,,,,,,,
store_0,2018-05-23,0.0,0.0,2381.0,0,292.0,281.0,0,0,0.0,0,,,,,,,,,
store_0,2018-05-24,200.0,0.0,239.0,0,292.0,281.0,0,0,0.0,0,,,,,,,,,
store_0,2018-05-25,4000.0,0.0,0.0,0,0.0,573.0,65,7,0.0,0,,,,,,,,,
store_0,2018-05-26,10000.0,0.0,0.0,0,0.0,573.0,0,7,0.0,0,,,,,,,,,
store_0,2018-05-27,1300.0,0.0,0.0,0,0.0,573.0,0,36,0.0,0,,,,,,,,,
store_0,2018-05-28,0.0,0.0,343.0,0,0.0,573.0,0,90,0.0,0,,,,,,,,,
store_0,2018-05-29,0.0,0.0,1370.0,0,0.0,573.0,65,13,0.0,0,,,,,,,,,
store_0,2018-05-30,0.0,0.0,6850.0,0,0.0,573.0,0,0,0.0,0,,,,,,,,,
store_0,2018-05-31,200.0,0.0,6850.0,0,0.0,573.0,0,0,0.0,0,,,,,,,,,
store_0,2018-06-01,4000.0,0.0,8220.0,0,0.0,573.0,0,0,0.0,0,,,,,,,,,
store_0,2018-06-02,10000.0,0.0,1233.0,0,0.0,573.0,0,0,0.0,0,,,,,,,,,
store_0,2018-06-03,1500.0,0.0,84.0,0,0.0,573.0,0,0,0.0,0,,,,,,,,,
store_0,2018-06-04,4200.0,0.0,334.0,2526,0.0,573.0,0,0,0.0,0,,,,,,,,,
store_0,2018-06-05,14200.0,0.0,1667.0,7215,0.0,573.0,0,0,0.0,0,,,,,,,,,
store_0,2018-06-06,15300.0,0.0,1667.0,4486,0.0,573.0,0,0,0.0,0,,,,,,,,,
store_0,2018-06-07,11300.0,0.0,1667.0,5600,0.0,573.0,0,0,0.0,0,,,,,,,,,
store_0,2018-06-08,1300.0,0.0,251.0,1960,0.0,573.0,0,0,0.0,0,,,,,,,,,
store_0,2018-06-09,0.0,0.0,1716.0,0,0.0,573.0,0,0,0.0,0,,,,,,,,,
store_0,2018-06-10,200.0,0.0,11488.0,0,0.0,573.0,0,0,0.0,0,,,,,,,,,
store_0,2018-06-11,4200.0,0.0,11869.0,0,0.0,573.0,0,0,0.0,0,,,,,,,,,
store_0,2018-06-12,14200.0,0.0,16449.0,0,0.0,573.0,0,0,0.0,0,,,,,,,,,
store_0,2018-06-13,15300.0,0.0,8301.0,0,0.0,573.0,0,0,0.0,0,,,,,,,,,
store_0,2018-06-14,11300.0,0.0,5977.0,0,0.0,573.0,74,0,0.0,0,,,,,,,,,
store_0,2018-06-15,1300.0,0.0,860.0,0,0.0,573.0,4,0,0.0,0,,,,,,,,,
store_0,2018-06-16,0.0,0.0,0.0,0,0.0,573.0,4,0,0.0,0,,,,,,,,,
store_0,2018-06-17,400.0,0.0,0.0,0,0.0,573.0,90,0,0.0,0,,,,,,,,,
store_0,2018-06-18,8200.0,0.0,0.0,0,0.0,573.0,28,3,0.0,0,,,,,,,,,
store_0,2018-06-19,24200.0,0.0,0.0,0,0.0,573.0,25,70,0.0,0,,,,,,,,,
store_0,2018-06-20,16990.0,0.0,0.0,0,0.0,573.0,0,39,0.0,0,,,,,,,,,
store_0,2018-06-21,19100.0,0.0,0.0,0,0.0,573.0,0,2,0.0,0,,,,,,,,,
store_0,2018-06-22,20800.0,0.0,0.0,0,0.0,573.0,0,2,0.0,0,,,,,,,,,
store_0,2018-06-23,2535.0,0.0,0.0,0,0.0,573.0,0,0,0.0,0,,,,,,,,,
store_0,2018-06-24,400.0,0.0,0.0,0,0.0,573.0,0,0,0.0,0,,,,,,,,,
store_0,2018-06-25,8200.0,0.0,0.0,0,0.0,573.0,0,0,0.0,0,,,,,,,,,
store_0,2018-06-26,24200.0,0.0,0.0,0,0.0,573.0,0,0,0.0,0,,,,,,,,,
store_0,2018-06-27,16600.0,0.0,0.0,0,0.0,573.0,0,0,0.0,0,,,,,,,,,
store_0,2018-06-28,11300.0,0.0,0.0,0,0.0,573.0,0,0,0.0,0,,,,,,,,,
store_0,2018-06-29,1300.0,0.0,1589.0,0,0.0,573.0,0,0,0.0,0,,,,,,,,,
store_0,2018-06-30,0.0,0.0,10588.0,0,0.0,573.0,0,0,0.0,0,,,,,,,,,
store_0,2018-07-01,400.0,0.0,10588.0,0,0.0,573.0,0,4,0.0,0,,,,,,,,,
store_0,2018-07-02,8200.0,0.0,8824.0,0,0.0,573.0,0,31,0.0,0,,,,,,,,,
store_0,2018-07-03,24200.0,0.0,883.0,0,0.0,573.0,0,40,0.0,0,,,,,,,,,
store_0,2018-07-04,16600.0,0.0,0.0,0,0.0,573.0,0,90,0.0,0,,,,,,,,,
store_0,2018-07-05,11300.0,0.0,0.0,0,0.0,573.0,0,0,0.0,0,,,,,,,,,
store_0,2018-07-06,1500.0,0.0,0.0,6825,0.0,573.0,0,0,0.0,0,,,,,,,,,
store_0,2018-07-07,4000.0,0.0,0.0,19500,0.0,573.0,0,0,0.0,0,,,,,,,,,
store_0,2018-07-08,10600.0,0.0,0.0,6825,0.0,573.0,0,0,0.0,0,,,,,,,,,
store_0,2018-07-09,13500.0,0.0,0.0,0,0.0,573.0,0,0,0.0,0,,,,,,,,,
store_0,2018-07-10,34200.0,0.0,0.0,0,0.0,573.0,0,0,0.0,0,,,,,,,,,
store_0,2018-07-11,17900.0,0.0,0.0,0,0.0,573.0,0,0,0.0,0,,,,,,,,,
store_0,2018-07-12,11300.0,0.0,0.0,0,0.0,573.0,0,0,0.0,0,,,,,,,,,
store_0,2018-07-13,1300.0,0.0,0.0,0,0.0,573.0,0,0,0.0,0,,,,,,,,,
store_0,2018-07-14,0.0,0.0,0.0,0,0.0,573.0,0,0,0.0,0,,,,,,,,,
store_0,2018-07-15,600.0,0.0,0.0,0,0.0,573.0,0,0,0.0,0,,,,,,,,,
store_0,2018-07-16,12200.0,0.0,0.0,0,0.0,573.0,0,0,0.0,0,,,,,,,,,
store_0,2018-07-17,34200.0,0.0,0.0,0,0.0,573.0,0,0,0.0,0,,,,,,,,,
store_0,2018-07-18,17900.0,0.0,0.0,0,0.0,573.0,0,0,0.0,0,,,,,,,,,
store_0,2018-07-19,11300.0,0.0,0.0,1960,0.0,573.0,0,0,0.0,0,,,,,,,,,
store_0,2018-07-20,1300.0,0.0,0.0,5600,0.0,573.0,0,0,0.0,0,,,,,,,,,
store_0,2018-07-21,0.0,0.0,520.0,1960,0.0,573.0,0,0,0.0,0,,,,,,,,,
store_0,2018-07-22,600.0,0.0,3204.0,0,0.0,573.0,0,0,0.0,0,,,,,,,,,
store_0,2018-07-23,12200.0,0.0,4389.0,0,0.0,573.0,0,0,0.0,0,,,,,,,,,
store_0,2018-07-24,34200.0,0.0,4656.0,0,0.0,573.0,0,0,0.0,0,,,,,,,,,
store_0,2018-07-25,17900.0,0.0,4221.0,0,0.0,573.0,0,0,0.0,0,,,,,,,,,
store_0,2018-07-26,11300.0,0.0,3074.0,0,0.0,573.0,0,0,0.0,0,,,,,,,,,
store_0,2018-07-27,1300.0,0.0,7136.0,0,0.0,573.0,65,0,0.0,0,,,,,,,,,
store_0,2018-07-28,0.0,0.0,5321.0,0,0.0,573.0,0,0,0.0,0,,,,,,,,,
store_0,2018-07-29,600.0,0.0,5000.0,0,0.0,573.0,0,0,0.0,0,,,,,,,,,
store_0,2018-07-30,12200.0,0.0,750.0,0,0.0,573.0,0,0,0.0,0,,,,,,,,,
store_0,2018-07-31,34200.0,0.0,0.0,0,0.0,573.0,0,0,0.0,0,,,,,,,,,
store_0,2018-08-01,17900.0,0.0,0.0,0,0.0,573.0,0,0,0.0,0,,,,,,,,,
store_0,2018-08-02,11300.0,0.0,0.0,1960,0.0,573.0,0,0,0.0,0,,,,,,,,,
store_0,2018-08-03,1300.0,0.0,0.0,7560,0.0,573.0,0,0,0.0,0,,,,,,,,,
store_0,2018-08-04,0.0,0.0,379.0,7560,0.0,573.0,70,0,0.0,0,,,,,,,,,
store_0,2018-08-05,600.0,0.0,2295.0,6331,0.0,573.0,0,0,0.0,0,,,,,,,,,
store_0,2018-08-06,12200.0,0.0,3301.0,12488,0.0,573.0,0,0,0.0,0,,,,,,,,,
store_0,2018-08-07,34200.0,0.0,3301.0,4371,0.0,573.0,0,0,0.0,0,,,,,,,,,
store_0,2018-08-08,17900.0,851.0,1831.0,0,0.0,573.0,0,0,0.0,0,,,,,,,,,
store_0,2018-08-09,11300.0,2150.0,251.0,0,0.0,573.0,0,0,0.0,0,,,,,,,,,
store_0,2018-08-10,1300.0,2150.0,0.0,0,0.0,573.0,0,0,0.0,0,,,,,,,,,
store_0,2018-08-11,0.0,5000.0,858.0,0,0.0,573.0,0,0,0.0,0,,,,,,,,,
store_0,2018-08-12,600.0,5000.0,5714.0,0,0.0,573.0,0,0,0.0,0,,,,,,,,,
store_0,2018-08-13,12200.0,750.0,4762.0,0,0.0,573.0,0,0,0.0,0,,,,,,,,,
store_0,2018-08-14,34200.0,0.0,4762.0,0,0.0,573.0,0,0,0.0,0,,,,,,,,,
store_0,2018-08-15,17900.0,0.0,4762.0,0,0.0,573.0,0,0,0.0,0,,,,,,,,,
store_0,2018-08-16,11300.0,0.0,477.0,0,0.0,573.0,0,0,0.0,0,,,,,,,,,
store_0,2018-08-17,1300.0,0.0,0.0,0,0.0,573.0,0,0,0.0,0,,,,,,,,,
store_0,2018-08-18,0.0,0.0,0.0,0,0.0,573.0,0,0,0.0,0,,,,,,,,,
store_0,2018-08-19,600.0,0.0,3000.0,0,0.0,573.0,0,0,0.0,0,,,,,,,,,
store_0,2018-08-20,12200.0,0.0,20000.0,0,0.0,573.0,0,0,0.0,0,,,,,,,,,
store_0,2018-08-21,34200.0,0.0,2000.0,0,0.0,573.0,0,0,0.0,0,,,,,,,,,
store_0,2018-08-22,17900.0,0.0,0.0,0,0.0,573.0,70,0,0.0,0,,,,,,,,,
store_0,2018-08-23,11500.0,0.0,0.0,0,0.0,573.0,0,0,0.0,0,,,,,,,,,
store_0,2018-08-24,5300.0,0.0,0.0,0,0.0,573.0,0,0,0.0,0,,,,,,,,,
store_0,2018-08-25,10000.0,0.0,0.0,0,0.0,573.0,0,0,0.0,0,,,,,,,,,
store_0,2018-08-26,1900.0,0.0,0.0,0,0.0,573.0,0,0,0.0,0,,,,,,,,,
store_0,2018-08-27,12200.0,0.0,0.0,0,0.0,146.0,0,0,0.0,0,,,,,,,,,
store_0,2018-08-28,34200.0,0.0,0.0,0,0.0,146.0,0,0,0.0,0,,,,,,,,,
store_0,2018-08-29,17900.0,0.0,0.0,0,0.0,146.0,0,0,0.0,0,,,,,,,,,
store_0,2018-08-30,11300.0,0.0,0.0,0,0.0,146.0,0,0,0.0,0,,,,,,,,,
store_0,2018-08-31,1300.0,0.0,0.0,0,0.0,146.0,0,7,0.0,0,,,,,,,,,
store_0,2018-09-01,0.0,0.0,0.0,0,0.0,146.0,0,7,0.0,0,,,,,,,,,
store_0,2018-09-02,600.0,0.0,0.0,0,0.0,146.0,70,36,0.0,0,,,,,,,,,
store_0,2018-09-03,12200.0,0.0,0.0,0,0.0,146.0,0,90,0.0,0,,,,,,,,,
store_0,2018-09-04,34200.0,0.0,0.0,0,0.0,68.0,0,13,0.0,0,,,,,,,,,
store_0,2018-09-05,17900.0,0.0,0.0,0,0.0,0.0,0,0,0.0,0,,,,,,,,,
store_0,2018-09-06,11300.0,0.0,0.0,0,0.0,0.0,0,0,0.0,0,,,,,,,,,
store_0,2018-09-07,1300.0,0.0,0.0,0,0.0,0.0,0,0,0.0,0,,,,,,,,,
store_0,2018-09-08,0.0,0.0,0.0,0,0.0,0.0,0,0,0.0,0,,,,,,,,,
store_0,2018-09-09,600.0,0.0,0.0,0,0.0,0.0,0,0,0.0,0,,,,,,,,,
store_0,2018-09-10,12200.0,0.0,0.0,0,0.0,0.0,0,0,0.0,0,,,,,,,,,
store_0,2018-09-11,34000.0,0.0,0.0,0,0.0,0.0,0,0,0.0,0,,,,,,,,,
store_0,2018-09-12,13900.0,0.0,750.0,0,0.0,0.0,0,0,0.0,0,,,,,,,,,
store_0,2018-09-13,1300.0,0.0,5000.0,0,0.0,0.0,0,0,0.0,0,,,,,,,,,
store_0,2018-09-14,0.0,0.0,1824.0,0,0.0,0.0,0,0,0.0,0,,,,,,,,,
store_0,2018-09-15,0.0,0.0,8824.0,0,0.0,0.0,0,0,0.0,0,,,,,,,,,
store_0,2018-09-16,200.0,0.0,8824.0,0,0.0,0.0,0,0,0.0,0,,,,,,,,,
store_0,2018-09-17,4000.0,0.0,7353.0,0,0.0,0.0,65,0,0.0,0,,,,,,,,,
store_0,2018-09-18,10200.0,0.0,736.0,6193,0.0,0.0,70,0,0.0,0,,,,,,,,,
store_0,2018-09-19,5300.0,0.0,0.0,17692,0.0,0.0,0,0,0.0,0,,,,,,,,,
store_0,2018-09-20,10000.0,0.0,0.0,6193,0.0,0.0,0,0,0.0,0,,,,,,,,,
store_0,2018-09-21,1300.0,0.0,0.0,0,0.0,0.0,0,0,0.0,0,,,,,,,,,
store_0,2018-09-22,0.0,0.0,0.0,0,0.0,0.0,0,0,0.0,0,,,,,,,,,
store_0,2018-09-23,0.0,0.0,0.0,6193,0.0,0.0,0,0,0.0,0,,,,,,,,,
store_0,2018-09-24,0.0,0.0,108.0,17692,0.0,0.0,0,0,0.0,0,,,,,,,,,
store_0,2018-09-25,200.0,0.0,429.0,12208,0.0,0.0,0,0,0.0,0,,,,,,,,,
store_0,2018-09-26,4000.0,0.0,2143.0,17184,0.0,0.0,0,0,0.0,0,,,,,,,,,
store_0,2018-09-27,10000.0,0.0,2143.0,6015,0.0,0.0,4,0,0.0,0,,,,,,,,,
store_0,2018-09-28,1300.0,0.0,5572.0,0,0.0,0.0,4,0,0.0,0,,,,,,,,,
store_0,2018-09-29,0.0,0.0,22572.0,0,0.0,0.0,4,0,0.0,0,,,,,,,,,
store_0,2018-09-30,0.0,0.0,7122.0,0,0.0,0.0,90,0,0.0,0,,,,,,,,,
store_0,2018-10-01,0.0,0.0,17386.0,0,0.0,0.0,28,0,0.0,0,,,,,,,,,
store_0,2018-10-02,200.0,0.0,3874.0,0,0.0,0.0,25,0,0.0,0,,,,,,,,,
store_0,2018-10-03,4000.0,0.0,8696.0,5991,0.0,0.0,0,0,0.0,0,,,,,,,,,
store_0,2018-10-04,10200.0,0.0,43478.0,23942,0.0,0.0,0,0,0.0,0,,,,,,,,,
store_0,2018-10-05,5300.0,0.0,52174.0,25491,0.0,0.0,0,14,0.0,0,,,,,,,,,
store_0,2018-10-06,10000.0,0.0,52258.0,6825,0.0,78.0,0,36,0.0,0,,,,,,,,,
store_0,2018-10-07,1300.0,0.0,52508.0,6825,0.0,78.0,0,94,0.0,0,,,,,,,,,
store_0,2018-10-08,0.0,0.0,9494.0,19500,0.0,78.0,0,320,0.0,0,,,,,,,,,
store_0,2018-10-09,200.0,0.0,2417.0,6825,0.0,0.0,0,50,0.0,0,,,,,,,,,
store_0,2018-10-10,4200.0,0.0,6667.0,5952,0.0,0.0,0,0,0.0,0,,,,,,,,,
store_0,2018-10-11,14000.0,0.0,751.0,23829,0.0,0.0,0,0,0.0,0,,,,,,,,,
store_0,2018-10-12,11300.0,0.0,375.0,31432,0.0,0.0,0,0,0.0,0,,,,,,,,,
store_0,2018-10-13,1300.0,0.0,2500.0,23910,0.0,0.0,70,0,0.0,0,,,,,,,,,
store_0,2018-10-14,0.0,0.0,2500.0,5980,0.0,0.0,0,0,0.0,0,,,,,,,,,
store_0,2018-10-15,0.0,0.0,250.0,6038,0.0,0.0,65,0,0.0,0,,,,,,,,,
store_0,2018-10-16,0.0,0.0,0.0,23639,0.0,0.0,0,0,0.0,0,,,,,,,,,
store_0,2018-10-17,0.0,0.0,0.0,24287,0.0,0.0,0,0,0.0,0,,,,,,,,,
store_0,2018-10-18,0.0,0.0,0.0,6388,0.0,0.0,0,0,0.0,0,,,,,,,,,
store_0,2018-10-19,0.0,0.0,0.0,6800,0.0,0.0,0,0,0.0,0,,,,,,,,,
store_0,2018-10-20,0.0,0.0,0.0,25519,0.0,0.0,0,0,0.0,0,,,,,,,,,
store_0,2018-10-21,0.0,4081.0,0.0,24204,0.0,0.0,0,0,0.0,0,,,,,,,,,
store_0,2018-10-22,0.0,10320.0,0.0,12048,0.0,0.0,0,0,0.0,0,,,,,,,,,
store_0,2018-10-23,0.0,10320.0,55.0,17016,0.0,0.0,0,0,0.0,0,,,,,,,,,
store_0,2018-10-24,0.0,24000.0,218.0,5956,0.0,0.0,0,0,0.0,0,,,,,,,,,
store_0,2018-10-25,0.0,24000.0,1087.0,6935,0.0,0.0,0,0,0.0,0,,,,,,,,,
store_0,2018-10-26,200.0,24000.0,1304.0,21772,0.0,0.0,0,0,0.0,0,,,,,,,,,
store_0,2018-10-27,4000.0,24000.0,1614.0,12535,0.0,0.0,0,0,0.0,0,,,,,,,,,
store_0,2018-10-28,10000.0,3600.0,3497.0,8688,0.0,0.0,0,0,0.0,0,,,,,,,,,
store_0,2018-10-29,1300.0,0.0,2437.0,19221,0.0,0.0,0,0,0.0,0,,,,,,,,,
store_0,2018-10-30,0.0,0.0,4325.0,13132,0.0,0.0,0,0,0.0,0,,,,,,,,,
store_0,2018-10-31,0.0,0.0,2778.0,18295,0.0,0.0,90,0,0.0,0,,,,,,,,,
store_0,2018-11-01,0.0,0.0,391.0,6404,0.0,0.0,69,0,0.0,0,,,,,,,,,
store_0,2018-11-02,0.0,0.0,1500.0,6825,0.0,0.0,69,0,0.0,0,,,,,,,,,
store_0,2018-11-03,0.0,0.0,10000.0,25417,0.0,0.0,0,0,0.0,0,,,,,,,,,
store_0,2018-11-04,0.0,0.0,10000.0,30664,0.0,0.0,0,0,0.0,0,,,,,,,,,
store_0,2018-11-05,200.0,0.0,1000.0,31829,0.0,0.0,0,6,0.0,0,,,,,,,,,
store_0,2018-11-06,4000.0,0.0,114.0,24363,0.0,0.0,0,140,0.0,0,,,,,,,,,
store_0,2018-11-07,10000.0,0.0,455.0,6100,0.0,0.0,70,78,0.0,0,,,,,,,,,
store_0,2018-11-08,1300.0,0.0,2273.0,0,0.0,0.0,4,4,0.0,0,,,,,,,,,
store_0,2018-11-09,200.0,0.0,2727.0,0,0.0,0.0,4,11,23.0,0,,,,,,,,,
store_0,2018-11-10,4000.0,0.0,2605.0,3853,0.0,0.0,4,7,43.0,0,,,,,,,,,
store_0,2018-11-11,10000.0,1275.0,13885.0,16992,0.0,0.0,90,126,65.0,0,,,,,,,,,
store_0,2018-11-12,1300.0,3225.0,16152.0,25905,0.0,0.0,28,95,30.0,0,,,,,,,,,
store_0,2018-11-13,0.0,3225.0,7972.0,9067,0.0,0.0,25,13,18.0,0,,,,,,,,,
store_0,2018-11-14,0.0,7500.0,1098.0,5046,0.0,0.0,0,0,34.0,16,,,,,,,,,
store_0,2018-11-15,0.0,7500.0,464.0,18236,0.0,0.0,0,0,65.0,80,,,,,,,,,
store_0,2018-11-16,0.0,1125.0,2318.0,22258,0.0,0.0,0,0,0.0,0,,,,,,,,,
store_0,2018-11-17,0.0,0.0,2318.0,21825,0.0,0.0,0,0,0.0,0,,,,,,,,,
store_0,2018-11-18,0.0,0.0,2318.0,12278,0.0,0.0,0,0,0.0,0,,,,,,,,,
store_0,2018-11-19,0.0,0.0,348.0,24006,0.0,0.0,0,18,0.0,0,,,,,,,,,
store_0,2018-11-20,0.0,0.0,0.0,31841,0.0,0.0,0,18,0.0,0,,,,,,,,,
store_0,2018-11-21,0.0,0.0,473.0,24232,0.0,213.0,70,49,0.0,0,,,,,,,,,
store_0,2018-11-22,0.0,0.0,1891.0,12686,0.0,573.0,36,90,0.0,0,,,,,,,,,
store_0,2018-11-23,0.0,0.0,9455.0,28278,0.0,573.0,90,0,0.0,0,,,,,,,,,
store_0,2018-11-24,0.0,0.0,9455.0,33287,0.0,573.0,1,0,0.0,0,,,,,,,,,
store_0,2018-11-25,0.0,0.0,9455.0,15179,0.0,573.0,4,0,0.0,0,,,,,,,,,
store_0,2018-11-26,520.0,0.0,7879.0,16709,0.0,0.0,90,0,0.0,0,,,,,,,,,
store_0,2018-11-27,10383.0,0.0,7993.0,5849,0.0,0.0,55,0,0.0,0,,,,,,,,,
store_0,2018-11-28,25957.0,0.0,9641.0,0,0.0,0.0,5,0,0.0,0,,,,,,,,,
store_0,2018-11-29,17457.0,0.0,8680.0,0,0.0,0.0,5,0,0.0,0,,,,,,,,,
store_0,2018-11-30,24147.0,0.0,28848.0,6935,0.0,0.0,0,0,0.0,0,,,,,,,,,
store_0,2018-12-01,37936.0,1621.0,26531.0,25925,0.0,0.0,0,0,0.0,0,,,,,,,,,
store_0,2018-12-02,31247.0,4100.0,26121.0,31203,0.0,0.0,0,0,0.0,0,,,,,,,,,
store_0,2018-12-03,17457.0,4100.0,3919.0,28528,0.0,0.0,70,0,0.0,0,,,,,,,,,
store_0,2018-12-04,20157.0,9533.0,0.0,15303,0.0,0.0,0,0,0.0,0,,,,,,,,,
store_0,2018-12-05,29957.0,9533.0,0.0,2975,0.0,0.0,0,0,0.0,0,,,,,,,,,
store_0,2018-12-06,27257.0,9533.0,0.0,1960,0.0,0.0,0,0,0.0,0,,,,,,,,,
store_0,2018-12-07,21247.0,1430.0,0.0,17678,0.0,0.0,0,0,0.0,0,,,,,,,,,
store_0,2018-12-08,23936.0,0.0,0.0,47536,0.0,0.0,0,0,0.0,0,,,,,,,,,
store_0,2018-12-09,19947.0,0.0,0.0,43703,0.0,0.0,0,0,0.0,0,,,,,,,,,
store_0,2018-12-10,15957.0,0.0,0.0,11070,68.0,0.0,0,0,0.0,0,,,,,,,,,
store_0,2018-12-11,15957.0,0.0,0.0,0,68.0,0.0,0,0,0.0,0,,,,,,,,,
store_0,2018-12-12,15957.0,0.0,0.0,0,68.0,0.0,70,0,0.0,0,,,,,,,,,
store_0,2018-12-13,15957.0,0.0,0.0,6105,68.0,0.0,70,0,0.0,0,,,,,,,,,
store_0,2018-12-14,19947.0,0.0,0.0,24266,68.0,0.0,0,0,0.0,0,,,,,,,,,
store_0,2018-12-15,23936.0,0.0,0.0,31786,284.0,0.0,0,0,0.0,0,,,,,,,,,
store_0,2018-12-16,19947.0,0.0,0.0,27712,284.0,0.0,0,0,0.0,0,,,,,,,,,
store_0,2018-12-17,16157.0,0.0,0.0,21556,438.0,0.0,0,0,0.0,0,,,,,,,,,
store_0,2018-12-18,19957.0,0.0,0.0,26808,438.0,67.0,70,0,0.0,0,,,,,,,,,
store_0,2018-12-19,25957.0,0.0,0.0,16319,438.0,67.0,0,0,0.0,0,,,,,,,,,
store_0,2018-12-20,17257.0,0.0,0.0,26490,438.0,67.0,0,0,0.0,0,,,,,,,,,
store_0,2018-12-21,19947.0,0.0,0.0,31625,370.0,135.0,0,10,0.0,0,,,,,,,,,
store_0,2018-12-22,23936.0,0.0,0.0,28836,0.0,573.0,0,10,0.0,0,,,,,,,,,
store_0,2018-12-23,19947.0,0.0,0.0,23125,0.0,573.0,4,39,0.0,0,,,,,,,,,
store_0,2018-12-24,15957.0,0.0,0.0,9599,0.0,573.0,90,99,0.0,0,,,,,,,,,
store_0,2018-12-25,15957.0,0.0,0.0,16731,0.0,573.0,55,243,0.0,0,,,,,,,,,
store_0,2018-12-26,15957.0,0.0,0.0,35709,0.0,573.0,5,80,0.0,0,,,,,,,,,
store_0,2018-12-27,15957.0,0.0,0.0,28299,0.0,573.0,5,6,0.0,0,,,,,,,,,
store_0,2018-12-28,19947.0,0.0,0.0,6303,0.0,573.0,0,7,0.0,0,,,,,,,,,
store_0,2018-12-29,23936.0,0.0,0.0,0,0.0,573.0,0,3,0.0,0,,,,,,,,,
store_0,2018-12-30,19947.0,0.0,0.0,1960,0.0,573.0,4,3,0.0,0,,,,,,,,,
store_0,2018-12-31,15957.0,0.0,0.0,5600,0.0,573.0,90,3,0.0,0,,,,,,,,,
store_0,2019-01-01,15957.0,0.0,0.0,8263,0.0,573.0,55,90,0.0,0,,,,,,,,,
store_0,2019-01-02,15957.0,0.0,0.0,18006,0.0,357.0,5,2,0.0,0,,,,,,,,,
store_0,2019-01-03,15957.0,0.0,0.0,13128,0.0,357.0,5,2,0.0,0,,,,,,,,,
store_0,2019-01-04,19947.0,0.0,0.0,26325,0.0,357.0,0,0,0.0,0,,,,,,,,,
store_0,2019-01-05,23936.0,0.0,428.0,33150,0.0,357.0,0,0,0.0,0,,,,,,,,,
store_0,2019-01-06,19947.0,0.0,2850.0,26325,0.0,357.0,4,0,0.0,0,,,,,,,,,
store_0,2019-01-07,15957.0,0.0,2375.0,6825,0.0,357.0,90,0,0.0,0,,,,,,,,,
store_0,2019-01-08,2075.0,0.0,2375.0,0,0.0,357.0,55,0,0.0,0,,,,,,,,,
store_0,2019-01-09,0.0,0.0,238.0,6279,0.0,357.0,5,0,0.0,0,,,,,,,,,
store_0,2019-01-10,0.0,0.0,0.0,24873,0.0,357.0,5,0,0.0,0,,,,,,,,,
store_0,2019-01-11,0.0,0.0,0.0,26091,0.0,357.0,0,0,0.0,0,,,,,,,,,
store_0,2019-01-12,0.0,0.0,1941.0,13444,0.0,357.0,0,0,0.0,0,,,,,,,,,
store_0,2019-01-13,0.0,0.0,12938.0,18596,0.0,357.0,4,0,0.0,0,,,,,,,,,
store_0,2019-01-14,0.0,0.0,10781.0,12682,0.0,357.0,90,0,0.0,0,,,,,,,,,
store_0,2019-01-15,0.0,0.0,11052.0,17636,0.0,357.0,55,0,0.0,0,,,,,,,,,
store_0,2019-01-16,0.0,0.0,2161.0,12275,0.0,357.0,5,0,0.0,0,,,,,,,,,
store_0,2019-01-17,0.0,0.0,5405.0,19394,0.0,357.0,5,0,0.0,0,,,,,,,,,
store_0,2019-01-18,0.0,733.0,6486.0,11702,0.0,357.0,0,7,0.0,0,,,,,,,,,
store_0,2019-01-19,0.0,1853.0,2541.0,1960,0.0,357.0,0,7,0.0,0,,,,,,,,,
store_0,2019-01-20,0.0,1853.0,4360.0,6823,0.0,357.0,0,36,0.0,0,,,,,,,,,
store_0,2019-01-21,0.0,4308.0,3121.0,19493,0.0,357.0,0,90,0.0,0,,,,,,,,,
store_0,2019-01-22,0.0,4308.0,4061.0,13410,0.0,290.0,0,13,0.0,0,,,,,,,,,
store_0,2019-01-23,0.0,4308.0,8423.0,18819,0.0,290.0,0,0,0.0,0,,,,,,,,,
store_0,2019-01-24,0.0,647.0,10697.0,6587,0.0,290.0,0,0,0.0,0,,,,,,,,,
store_0,2019-01-25,0.0,0.0,25946.0,6876,0.0,214.0,0,0,0.0,0,,,,,,,,,
store_0,2019-01-26,0.0,0.0,21446.0,29541,0.0,214.0,0,0,0.0,0,,,,,,,,,
store_0,2019-01-27,0.0,0.0,20946.0,35150,0.0,214.0,0,0,0.0,0,,,,,,,,,
store_0,2019-01-28,0.0,0.0,3143.0,20618,0.0,0.0,0,0,0.0,0,,,,,,,,,
store_0,2019-01-29,0.0,0.0,0.0,26691,0.0,0.0,0,0,0.0,0,,,,,,,,,
store_0,2019-01-30,0.0,0.0,0.0,24850,0.0,0.0,0,0,0.0,0,,,,,,,,,
store_0,2019-01-31,0.0,1126.0,0.0,13016,0.0,0.0,0,0,0.0,0,,,,,,,,,
store_0,2019-02-01,0.0,2846.0,0.0,24457,0.0,0.0,0,0,0.0,0,,,,,,,,,
store_0,2019-02-02,0.0,2846.0,1072.0,27200,0.0,0.0,0,0,0.0,0,,,,,,,,,
store_0,2019-02-03,0.0,6618.0,7143.0,21254,0.0,0.0,30,0,0.0,0,,,,,,,,,
store_0,2019-02-04,0.0,6618.0,5952.0,30049,0.0,0.0,30,0,0.0,0,,,,,,,,,
store_0,2019-02-05,0.0,6618.0,5952.0,32081,0.0,0.0,90,0,0.0,0,,,,,,,,,
store_0,2019-02-06,0.0,6618.0,5952.0,23097,0.0,0.0,32,0,0.0,0,,,,,,,,,
store_0,2019-02-07,0.0,993.0,596.0,12200,0.0,0.0,7,0,0.0,0,,,,,,,,,
store_0,2019-02-08,0.0,0.0,0.0,30311,0.0,0.0,7,0,0.0,0,,,,,,,,,
store_0,2019-02-09,0.0,0.0,750.0,47563,0.0,0.0,0,0,0.0,0,,,,,,,,,
store_0,2019-02-10,0.0,0.0,3000.0,29750,0.0,0.0,0,0,0.0,0,,,,,,,,,
store_0,2019-02-11,0.0,0.0,15000.0,6106,0.0,0.0,0,3,0.0,0,,,,,,,,,
store_0,2019-02-12,0.0,0.0,15000.0,6645,0.0,0.0,0,70,0.0,0,,,,,,,,,
store_0,2019-02-13,0.0,0.0,5392.0,18983,0.0,0.0,14,39,0.0,0,,,,,,,,,
store_0,2019-02-14,0.0,0.0,20567.0,6645,0.0,0.0,90,2,0.0,0,,,,,,,,,
store_0,2019-02-15,0.0,0.0,6282.0,0,0.0,0.0,0,9,0.0,0,,,,,,,,,
store_0,2019-02-16,0.0,0.0,12488.0,6935,0.0,0.0,0,29,0.0,0,,,,,,,,,
store_0,2019-02-17,0.0,0.0,12488.0,19812,0.0,0.0,0,58,0.0,0,,,,,,,,,
store_0,2019-02-18,0.0,0.0,6638.0,6935,0.0,0.0,0,230,0.0,0,,,,,,,,,
store_0,2019-02-19,0.0,0.0,5963.0,0,0.0,0.0,0,37,0.0,0,,,,,,,,,
store_0,2019-02-20,0.0,0.0,597.0,6045,0.0,0.0,0,0,0.0,0,,,,,,,,,
store_0,2019-02-21,0.0,0.0,0.0,23955,0.0,0.0,0,0,0.0,0,,,,,,,,,
store_0,2019-02-22,0.0,0.0,674.0,37707,0.0,0.0,0,0,0.0,0,,,,,,,,,
store_0,2019-02-23,0.0,0.0,6449.0,48891,0.0,0.0,0,0,0.0,0,,,,,,,,,
store_0,2019-02-24,0.0,0.0,15324.0,30585,0.0,0.0,0,0,0.0,0,,,,,,,,,
store_0,2019-02-25,0.0,0.0,26659.0,12549,0.0,0.0,0,0,0.0,0,,,,,,,,,
store_0,2019-02-26,0.0,0.0,24043.0,23788,0.0,0.0,0,0,0.0,0,,,,,,,,,
store_0,2019-02-27,0.0,0.0,22292.0,29405,0.0,0.0,0,0,0.0,0,,,,,,,,,
store_0,2019-02-28,0.0,0.0,3001.0,29595,0.0,0.0,0,0,0.0,0,,,,,,,,,
store_0,2019-03-01,0.0,0.0,0.0,23485,0.0,0.0,0,0,0.0,0,,,,,,,,,
store_0,2019-03-02,0.0,0.0,1704.0,12198,0.0,0.0,0,0,0.0,0,,,,,,,,,
store_0,2019-03-03,200.0,0.0,11360.0,17517,0.0,0.0,0,0,0.0,0,,,,,,,,,
store_0,2019-03-04,4000.0,0.0,5800.0,6131,0.0,0.0,65,0,0.0,0,,,,,,,,,
store_0,2019-03-05,10000.0,0.0,5474.0,0,0.0,0.0,70,0,0.0,0,,,,,,,,,
store_0,2019-03-06,1300.0,0.0,1226.0,0,0.0,0.0,0,0,0.0,0,,,,,,,,,
store_0,2019-03-07,0.0,0.0,3478.0,0,0.0,0.0,0,0,0.0,0,,,,,,,,,
store_0,2019-03-08,0.0,0.0,4924.0,13021,0.0,0.0,0,0,0.0,0,,,,,,,,,
store_0,2019-03-09,0.0,0.0,12915.0,37198,0.0,0.0,0,0,0.0,0,,,,,,,,,
store_0,2019-03-10,0.0,0.0,34737.0,13021,0.0,0.0,0,0,0.0,0,,,,,,,,,
store_0,2019-03-11,0.0,0.0,24408.0,0,0.0,0.0,0,0,0.0,0,,,,,,,,,
store_0,2019-03-12,0.0,0.0,33281.0,7279,0.0,0.0,0,0,0.0,0,,,,,,,,,
store_0,2019-03-13,0.0,0.0,14579.0,20796,0.0,0.0,0,0,0.0,0,,,,,,,,,
store_0,2019-03-14,0.0,0.0,1875.0,22756,0.0,0.0,4,0,0.0,0,,,,,,,,,
store_0,2019-03-15,0.0,0.0,0.0,31595,0.0,0.0,4,0,0.0,0,,,,,,,,,
store_0,2019-03-16,0.0,0.0,0.0,42049,0.0,214.0,4,0,0.0,0,,,,,,,,,
store_0,2019-03-17,0.0,0.0,0.0,36330,0.0,214.0,90,0,0.0,0,,,,,,,,,
store_0,2019-03-18,0.0,0.0,0.0,15179,0.0,214.0,28,0,0.0,0,,,,,,,,,
store_0,2019-03-19,0.0,0.0,223.0,24438,0.0,214.0,25,0,0.0,0,,,,,,,,,
store_0,2019-03-20,0.0,0.0,1307.0,24814,0.0,214.0,0,0,0.0,0,,,,,,,,,
store_0,2019-03-21,0.0,0.0,6107.0,13238,0.0,214.0,0,0,0.0,0,,,,,,,,,
store_0,2019-03-22,0.0,0.0,13660.0,19290,0.0,214.0,0,0,0.0,0,,,,,,,,,
store_0,2019-03-23,0.0,0.0,13660.0,13577,0.0,214.0,0,0,0.0,0,,,,,,,,,
store_0,2019-03-24,0.0,0.0,13660.0,25591,0.0,214.0,0,0,0.0,0,,,,,,,,,
store_0,2019-03-25,0.0,0.0,2052.0,24226,0.0,0.0,0,0,0.0,0,,,,,,,,,
store_0,2019-03-26,200.0,0.0,750.0,6091,0.0,0.0,0,0,0.0,0,,,,,,,,,
store_0,2019-03-27,4000.0,0.0,5215.0,6935,0.0,0.0,0,0,0.0,0,,,,,,,,,
store_0,2019-03-28,10000.0,0.0,1358.0,25961,0.0,0.0,0,0,0.0,0,,,,,,,,,
store_0,2019-03-29,1300.0,0.0,4286.0,26462,0.0,0.0,65,0,0.0,0,,,,,,,,,
store_0,2019-03-30,0.0,1871.0,4286.0,11749,0.0,0.0,0,0,0.0,0,,,,,,,,,
store_0,2019-03-31,0.0,4730.0,4411.0,8566,0.0,0.0,0,0,0.0,0,,,,,,,,,
store_0,2019-04-01,200.0,4730.0,4821.0,27017,0.0,0.0,0,0,0.0,0,,,,,,,,,
store_0,2019-04-02,4000.0,11000.0,11071.0,35667,0.0,0.0,0,0,0.0,0,,,,,,,,,
store_0,2019-04-03,10000.0,11000.0,3711.0,31293,0.0,0.0,0,0,0.0,0,,,,,,,,,
store_0,2019-04-04,1300.0,11000.0,1075.0,32649,0.0,0.0,0,0,0.0,0,,,,,,,,,
store_0,2019-04-05,0.0,1650.0,3500.0,36354,0.0,0.0,0,0,0.0,0,,,,,,,,,
store_0,2019-04-06,0.0,0.0,4250.0,34465,0.0,0.0,0,0,0.0,0,,,,,,,,,
store_0,2019-04-07,0.0,0.0,5525.0,26637,0.0,0.0,0,0,0.0,0,,,,,,,,,
store_0,2019-04-08,0.0,0.0,500.0,6935,0.0,0.0,0,0,0.0,0,,,,,,,,,
store_0,2019-04-09,0.0,0.0,0.0,6935,0.0,0.0,0,0,0.0,0,,,,,,,,,
store_0,2019-04-10,0.0,0.0,0.0,19812,0.0,0.0,0,0,0.0,0,,,,,,,,,
store_0,2019-04-11,0.0,0.0,1500.0,6935,0.0,0.0,0,0,0.0,0,,,,,,,,,
store_0,2019-04-12,0.0,0.0,10000.0,0,0.0,0.0,0,0,0.0,0,,,,,,,,,
store_0,2019-04-13,0.0,0.0,1000.0,0,0.0,68.0,0,0,0.0,0,,,,,,,,,
store_0,2019-04-14,0.0,0.0,0.0,0,0.0,68.0,0,0,0.0,0,,,,,,,,,
store_0,2019-04-15,0.0,0.0,0.0,0,0.0,68.0,0,0,0.0,0,,,,,,,,,
store_0,2019-04-16,0.0,0.0,0.0,0,0.0,68.0,0,0,0.0,0,,,,,,,,,
store_0,2019-04-17,0.0,0.0,6866.0,0,0.0,68.0,0,0,0.0,0,,,,,,,,,
store_0,2019-04-18,0.0,0.0,27464.0,1960,0.0,68.0,4,1,0.0,0,,,,,,,,,
store_0,2019-04-19,0.0,0.0,137318.0,14385,0.0,361.0,74,70,0.0,0,,,,,,,,,
store_0,2019-04-20,0.0,0.0,137318.0,27060,0.0,361.0,4,18,0.0,0,,,,,,,,,
store_0,2019-04-21,0.0,0.0,137318.0,8785,0.0,361.0,94,4,0.0,0,,,,,,,,,
store_0,2019-04-22,0.0,0.0,114431.0,0,0.0,293.0,118,4,0.0,0,,,,,,,,,
store_0,2019-04-23,0.0,0.0,114431.0,0,0.0,293.0,80,4,0.0,0,,,,,,,,,
store_0,2019-04-24,200.0,0.0,115265.0,0,0.0,293.0,5,4,0.0,0,,,,,,,,,
store_0,2019-04-25,4200.0,0.0,119765.0,0,0.0,293.0,9,0,0.0,0,,,,,,,,,
store_0,2019-04-26,14000.0,0.0,139485.0,0,0.0,293.0,74,0,0.0,0,,,,,,,,,
store_0,2019-04-27,11300.0,0.0,138985.0,0,0.0,293.0,4,0,0.0,0,,,,,,,,,
store_0,2019-04-28,1300.0,0.0,140035.0,0,0.0,293.0,94,0,0.0,0,,,,,,,,,
store_0,2019-04-29,0.0,0.0,27849.0,0,0.0,0.0,118,0,0.0,0,,,,,,,,,
store_0,2019-04-30,0.0,0.0,700.0,0,0.0,0.0,80,0,0.0,0,,,,,,,,,
store_0,2019-05-01,0.0,0.0,0.0,0,0.0,0.0,5,0,0.0,0,,,,,,,,,
store_0,2019-05-02,0.0,0.0,0.0,0,0.0,0.0,5,0,0.0,0,,,,,,,,,
store_0,2019-05-03,0.0,0.0,0.0,0,0.0,0.0,0,0,0.0,0,,,,,,,,,
store_0,2019-05-04,0.0,0.0,0.0,0,0.0,0.0,0,0,0.0,0,,,,,,,,,
store_0,2019-05-05,200.0,0.0,2000.0,0,0.0,0.0,70,0,0.0,0,,,,,,,,,
store_0,2019-05-06,4000.0,0.0,12000.0,0,0.0,0.0,0,0,0.0,0,,,,,,,,,
store_0,2019-05-07,10200.0,0.0,11850.0,0,0.0,0.0,0,0,0.0,0,,,,,,,,,
store_0,2019-05-08,5300.0,0.0,13397.0,0,0.0,0.0,65,0,0.0,0,,,,,,,,,
store_0,2019-05-09,10000.0,0.0,18479.0,0,0.0,0.0,4,0,0.0,0,,,,,,,,,
store_0,2019-05-10,1300.0,0.0,20374.0,0,0.0,0.0,4,0,0.0,0,,,,,,,,,
store_0,2019-05-11,200.0,0.0,18057.0,0,0.0,0.0,4,0,0.0,0,,,,,,,,,
store_0,2019-05-12,4000.0,0.0,2648.0,0,0.0,0.0,90,0,0.0,0,,,,,,,,,
store_0,2019-05-13,10200.0,0.0,1054.0,0,68.0,0.0,28,0,0.0,0,,,,,,,,,
store_0,2019-05-14,5500.0,0.0,6270.0,0,68.0,67.0,25,0,0.0,0,,,,,,,,,
store_0,2019-05-15,14000.0,0.0,6789.0,0,147.0,67.0,0,0,0.0,0,,,,,,,,,
store_0,2019-05-16,11300.0,0.0,7158.0,0,440.0,67.0,0,0,0.0,0,,,,,,,,,
store_0,2019-05-17,1300.0,0.0,6170.0,0,440.0,67.0,65,0,0.0,0,,,,,,,,,
store_0,2019-05-18,0.0,0.0,8669.0,0,440.0,135.0,0,0,0.0,0,,,,,,,,,
store_0,2019-05-19,0.0,0.0,18383.0,0,440.0,428.0,65,0,0.0,0,,,,,,,,,
store_0,2019-05-20,0.0,0.0,11498.0,0,440.0,428.0,0,0,0.0,0,,,,,,,,,
store_0,2019-05-21,0.0,0.0,10659.0,0,372.0,496.0,0,0,0.0,0,,,,,,,,,
store_0,2019-05-22,0.0,0.0,9637.0,0,293.0,575.0,0,0,0.0,0,,,,,,,,,
store_0,2019-05-23,200.0,0.0,953.0,0,0.0,575.0,0,0,0.0,0,,,,,,,,,
store_0,2019-05-24,4000.0,0.0,0.0,0,0.0,575.0,0,7,0.0,0,,,,,,,,,
store_0,2019-05-25,10000.0,0.0,0.0,0,0.0,575.0,65,7,0.0,0,,,,,,,,,
store_0,2019-05-26,1300.0,0.0,0.0,0,0.0,575.0,0,36,0.0,0,,,,,,,,,
store_0,2019-05-27,0.0,0.0,425.0,0,0.0,575.0,0,90,0.0,0,,,,,,,,,
store_0,2019-05-28,0.0,0.0,1933.0,0,0.0,575.0,0,13,0.0,0,,,,,,,,,
store_0,2019-05-29,0.0,0.0,9424.0,0,0.0,575.0,0,0,0.0,0,,,,,,,,,
store_0,2019-05-30,200.0,0.0,13188.0,0,0.0,575.0,0,0,0.0,0,,,,,,,,,
store_0,2019-05-31,4000.0,0.0,15826.0,6825,0.0,575.0,0,0,0.0,0,,,,,,,,,
store_0,2019-06-01,10000.0,0.0,7174.0,19500,0.0,575.0,0,0,0.0,0,,,,,,,,,
store_0,2019-06-02,1500.0,0.0,848.0,6825,0.0,575.0,0,0,0.0,0,,,,,,,,,
store_0,2019-06-03,4000.0,0.0,0.0,0,0.0,575.0,0,0,0.0,0,,,,,,,,,
store_0,2019-06-04,10200.0,0.0,0.0,0,0.0,575.0,70,0,0.0,0,,,,,,,,,
store_0,2019-06-05,5300.0,0.0,125.0,0,0.0,575.0,0,0,0.0,0,,,,,,,,,
store_0,2019-06-06,10000.0,0.0,1250.0,0,0.0,575.0,0,0,0.0,0,,,,,,,,,
store_0,2019-06-07,1300.0,0.0,8250.0,4325,0.0,575.0,0,0,0.0,0,,,,,,,,,
store_0,2019-06-08,0.0,0.0,9250.0,12357,0.0,575.0,0,0,0.0,0,,,,,,,,,
store_0,2019-06-09,200.0,0.0,10028.0,4325,0.0,575.0,70,0,0.0,0,,,,,,,,,
store_0,2019-06-10,4000.0,0.0,13728.0,0,0.0,575.0,0,0,0.0,0,,,,,,,,,
store_0,2019-06-11,10200.0,0.0,34001.0,0,0.0,575.0,0,0,0.0,0,,,,,,,,,
store_0,2019-06-12,5300.0,0.0,36501.0,0,0.0,575.0,0,0,0.0,0,,,,,,,,,
store_0,2019-06-13,10000.0,0.0,31001.0,6825,0.0,575.0,4,0,0.0,0,,,,,,,,,
store_0,2019-06-14,1300.0,0.0,4579.0,19500,0.0,575.0,74,0,0.0,0,,,,,,,,,
store_0,2019-06-15,200.0,0.0,0.0,6825,0.0,575.0,4,0,0.0,0,,,,,,,,,
store_0,2019-06-16,4200.0,0.0,0.0,0,0.0,575.0,90,0,0.0,0,,,,,,,,,
store_0,2019-06-17,14000.0,0.0,0.0,0,0.0,575.0,28,0,0.0,0,,,,,,,,,
store_0,2019-06-18,11300.0,0.0,0.0,0,0.0,575.0,25,27,0.0,0,,,,,,,,,
store_0,2019-06-19,1300.0,0.0,0.0,0,0.0,575.0,0,70,0.0,0,,,,,,,,,
store_0,2019-06-20,240.0,0.0,750.0,0,0.0,575.0,0,0,0.0,0,,,,,,,,,
store_0,2019-06-21,4800.0,0.0,5000.0,0,0.0,575.0,0,0,0.0,0,,,,,,,,,
store_0,2019-06-22,12000.0,0.0,2497.0,0,0.0,575.0,0,0,0.0,0,,,,,,,,,
store_0,2019-06-23,1760.0,0.0,13084.0,0,0.0,575.0,0,0,0.0,0,,,,,,,,,
store_0,2019-06-24,4000.0,0.0,12292.0,0,0.0,575.0,0,0,0.0,0,,,,,,,,,
store_0,2019-06-25,10400.0,0.0,12292.0,0,0.0,575.0,0,0,0.0,0,,,,,,,,,
store_0,2019-06-26,9300.0,0.0,2730.0,0,0.0,575.0,0,0,0.0,0,,,,,,,,,
store_0,2019-06-27,20000.0,0.0,251.0,0,0.0,575.0,0,0,0.0,0,,,,,,,,,
store_0,2019-06-28,2600.0,0.0,0.0,0,0.0,575.0,0,0,0.0,0,,,,,,,,,
store_0,2019-06-29,0.0,0.0,0.0,0,0.0,575.0,0,0,0.0,0,,,,,,,,,
store_0,2019-06-30,200.0,0.0,0.0,0,0.0,575.0,0,0,0.0,0,,,,,,,,,
store_0,2019-07-01,4000.0,0.0,0.0,0,0.0,575.0,0,18,0.0,0,,,,,,,,,
store_0,2019-07-02,10000.0,0.0,0.0,0,0.0,575.0,0,18,0.0,0,,,,,,,,,
store_0,2019-07-03,1300.0,0.0,0.0,0,0.0,575.0,0,49,0.0,0,,,,,,,,,
store_0,2019-07-04,0.0,0.0,0.0,0,0.0,575.0,0,90,0.0,0,,,,,,,,,
store_0,2019-07-05,0.0,0.0,0.0,0,0.0,575.0,0,0,0.0,0,,,,,,,,,
store_0,2019-07-06,0.0,0.0,0.0,0,0.0,575.0,0,0,0.0,0,,,,,,,,,
store_0,2019-07-07,200.0,0.0,0.0,0,0.0,575.0,0,0,0.0,0,,,,,,,,,
store_0,2019-07-08,4000.0,0.0,500.0,0,0.0,575.0,0,0,0.0,0,,,,,,,,,
store_0,2019-07-09,10000.0,0.0,2000.0,0,0.0,575.0,0,0,0.0,0,,,,,,,,,
store_0,2019-07-10,1300.0,0.0,10000.0,0,0.0,575.0,0,0,0.0,0,,,,,,,,,
store_0,2019-07-11,0.0,0.0,10000.0,0,0.0,575.0,0,0,0.0,0,,,,,,,,,
store_0,2019-07-12,200.0,0.0,1500.0,0,0.0,575.0,0,0,0.0,0,,,,,,,,,
store_0,2019-07-13,4000.0,0.0,20.0,0,0.0,575.0,0,0,0.0,0,,,,,,,,,
store_0,2019-07-14,10200.0,0.0,79.0,0,0.0,575.0,0,0,0.0,0,,,,,,,,,
store_0,2019-07-15,5300.0,0.0,391.0,0,0.0,575.0,0,0,0.0,0,,,,,,,,,
store_0,2019-07-16,10000.0,0.0,391.0,0,0.0,575.0,0,0,0.0,0,,,,,,,,,
store_0,2019-07-17,1500.0,0.0,391.0,0,0.0,575.0,0,0,0.0,0,,,,,,,,,
store_0,2019-07-18,4200.0,0.0,391.0,0,0.0,575.0,0,0,0.0,0,,,,,,,,,
store_0,2019-07-19,14000.0,0.0,469.0,0,0.0,575.0,0,0,0.0,0,,,,,,,,,
store_0,2019-07-20,11300.0,0.0,3524.0,0,0.0,575.0,0,0,0.0,0,,,,,,,,,
store_0,2019-07-21,1700.0,0.0,20186.0,0,0.0,575.0,0,0,0.0,0,,,,,,,,,
store_0,2019-07-22,8000.0,0.0,20849.0,0,0.0,575.0,0,0,0.0,0,,,,,,,,,
store_0,2019-07-23,20200.0,0.0,20849.0,0,0.0,575.0,0,0,0.0,0,,,,,,,,,
store_0,2019-07-24,6600.0,0.0,4662.0,0,0.0,575.0,0,0,0.0,0,,,,,,,,,
store_0,2019-07-25,10000.0,0.0,741.0,0,0.0,575.0,0,0,0.0,0,,,,,,,,,
store_0,2019-07-26,1300.0,0.0,469.0,0,0.0,575.0,0,0,0.0,0,,,,,,,,,
store_0,2019-07-27,0.0,0.0,71.0,0,0.0,575.0,65,0,0.0,0,,,,,,,,,
store_0,2019-07-28,400.0,0.0,0.0,0,0.0,575.0,0,0,0.0,0,,,,,,,,,
store_0,2019-07-29,8000.0,851.0,0.0,0,0.0,575.0,0,0,0.0,0,,,,,,,,,
store_0,2019-07-30,20000.0,2150.0,0.0,0,0.0,575.0,0,0,0.0,0,,,,,,,,,
store_0,2019-07-31,2600.0,2150.0,0.0,0,0.0,575.0,0,0,0.0,0,,,,,,,,,
store_0,2019-08-01,240.0,5000.0,0.0,0,0.0,575.0,0,0,0.0,0,,,,,,,,,
store_0,2019-08-02,4800.0,5000.0,0.0,0,0.0,575.0,0,0,0.0,0,,,,,,,,,
store_0,2019-08-03,12000.0,750.0,2813.0,0,0.0,575.0,0,0,0.0,0,,,,,,,,,
store_0,2019-08-04,1960.0,0.0,18750.0,0,0.0,575.0,70,0,0.0,0,,,,,,,,,
store_0,2019-08-05,8000.0,0.0,15625.0,0,0.0,575.0,0,0,0.0,0,,,,,,,,,
store_0,2019-08-06,20000.0,0.0,15625.0,0,0.0,575.0,0,0,0.0,0,,,,,,,,,
store_0,2019-08-07,2600.0,0.0,1647.0,0,0.0,575.0,0,0,0.0,0,,,,,,,,,
store_0,2019-08-08,0.0,0.0,334.0,0,0.0,575.0,0,0,0.0,0,,,,,,,,,
store_0,2019-08-09,0.0,0.0,1667.0,0,0.0,575.0,0,0,0.0,0,,,,,,,,,
store_0,2019-08-10,0.0,0.0,2525.0,0,0.0,575.0,0,0,0.0,0,,,,,,,,,
store_0,2019-08-11,400.0,0.0,7381.0,0,0.0,575.0,70,0,0.0,0,,,,,,,,,
store_0,2019-08-12,8000.0,0.0,5013.0,0,0.0,575.0,0,0,0.0,0,,,,,,,,,
store_0,2019-08-13,20240.0,0.0,4762.0,0,0.0,575.0,0,0,0.0,0,,,,,,,,,
store_0,2019-08-14,7400.0,0.0,4762.0,0,0.0,575.0,0,0,0.0,0,,,,,,,,,
store_0,2019-08-15,12000.0,0.0,477.0,0,0.0,575.0,0,0,0.0,0,,,,,,,,,
store_0,2019-08-16,1560.0,0.0,0.0,0,0.0,575.0,0,0,0.0,0,,,,,,,,,
store_0,2019-08-17,0.0,0.0,0.0,0,0.0,575.0,0,0,0.0,0,,,,,,,,,
store_0,2019-08-18,400.0,0.0,0.0,0,0.0,575.0,0,0,0.0,0,,,,,,,,,
store_0,2019-08-19,8000.0,0.0,0.0,0,0.0,575.0,0,0,0.0,0,,,,,,,,,
store_0,2019-08-20,20000.0,0.0,0.0,0,0.0,575.0,0,0,0.0,0,,,,,,,,,
store_0,2019-08-21,2600.0,0.0,0.0,0,0.0,575.0,0,0,0.0,0,,,,,,,,,
store_0,2019-08-22,200.0,0.0,0.0,0,0.0,575.0,0,0,0.0,0,,,,,,,,,
store_0,2019-08-23,4000.0,0.0,0.0,0,0.0,575.0,70,0,0.0,0,,,,,,,,,
store_0,2019-08-24,10000.0,0.0,0.0,0,0.0,575.0,0,0,0.0,0,,,,,,,,,
store_0,2019-08-25,1300.0,0.0,0.0,0,0.0,575.0,0,0,0.0,0,,,,,,,,,
store_0,2019-08-26,200.0,0.0,0.0,0,0.0,440.0,0,0,0.0,0,,,,,,,,,
store_0,2019-08-27,4400.0,0.0,0.0,0,0.0,147.0,0,0,0.0,0,,,,,,,,,
store_0,2019-08-28,18000.0,0.0,0.0,0,0.0,147.0,0,0,0.0,0,,,,,,,,,
store_0,2019-08-29,21300.0,0.0,0.0,0,0.0,147.0,0,0,0.0,0,,,,,,,,,
store_0,2019-08-30,2600.0,0.0,0.0,0,0.0,147.0,0,7,0.0,0,,,,,,,,,
store_0,2019-08-31,0.0,0.0,0.0,0,0.0,147.0,0,7,0.0,0,,,,,,,,,
store_0,2019-09-01,600.0,0.0,0.0,0,0.0,147.0,0,36,0.0,0,,,,,,,,,
store_0,2019-09-02,12200.0,0.0,0.0,0,0.0,147.0,0,90,0.0,0,,,,,,,,,
store_0,2019-09-03,34200.0,0.0,0.0,0,0.0,68.0,0,13,0.0,0,,,,,,,,,
store_0,2019-09-04,17900.0,0.0,35.0,0,0.0,0.0,0,0,0.0,0,,,,,,,,,
store_0,2019-09-05,11500.0,0.0,137.0,0,0.0,0.0,0,0,0.0,0,,,,,,,,,
store_0,2019-09-06,5300.0,0.0,5182.0,0,0.0,0.0,0,0,0.0,0,,,,,,,,,
store_0,2019-09-07,10000.0,0.0,30682.0,0,0.0,0.0,0,0,0.0,0,,,,,,,,,
store_0,2019-09-08,1700.0,0.0,3682.0,6825,0.0,0.0,0,0,0.0,0,,,,,,,,,
store_0,2019-09-09,8200.0,0.0,693.0,26325,0.0,0.0,0,0,0.0,0,,,,,,,,,
store_0,2019-09-10,24200.0,0.0,1068.0,26325,0.0,0.0,0,0,0.0,0,,,,,,,,,
store_0,2019-09-11,16600.0,0.0,3068.0,6825,0.0,0.0,0,0,0.0,0,,,,,,,,,
store_0,2019-09-12,11300.0,0.0,3068.0,1960,0.0,0.0,0,0,0.0,0,,,,,,,,,
store_0,2019-09-13,1300.0,0.0,2116.0,5600,0.0,0.0,0,0,0.0,0,,,,,,,,,
store_0,2019-09-14,0.0,0.0,7162.0,3920,0.0,0.0,0,0,0.0,0,,,,,,,,,
store_0,2019-09-15,0.0,0.0,7059.0,5600,0.0,0.0,0,0,0.0,0,,,,,,,,,
store_0,2019-09-16,200.0,0.0,5882.0,1960,0.0,0.0,0,0,0.0,0,,,,,,,,,
store_0,2019-09-17,4200.0,0.0,589.0,6193,0.0,0.0,65,0,0.0,0,,,,,,,,,
store_0,2019-09-18,14000.0,0.0,125.0,17692,0.0,0.0,70,0,0.0,0,,,,,,,,,
store_0,2019-09-19,11300.0,0.0,500.0,6193,0.0,0.0,0,0,0.0,0,,,,,,,,,
store_0,2019-09-20,1300.0,0.0,2500.0,0,0.0,0.0,0,0,0.0,0,,,,,,,,,
store_0,2019-09-21,0.0,0.0,2500.0,0,0.0,0.0,0,0,0.0,0,,,,,,,,,
store_0,2019-09-22,0.0,0.0,375.0,0,0.0,0.0,0,0,0.0,0,,,,,,,,,
store_0,2019-09-23,200.0,0.0,108.0,6193,0.0,0.0,0,0,0.0,0,,,,,,,,,
store_0,2019-09-24,4200.0,0.0,429.0,17692,0.0,0.0,0,0,0.0,0,,,,,,,,,
store_0,2019-09-25,14000.0,0.0,2893.0,12208,0.0,0.0,0,0,0.0,0,,,,,,,,,
store_0,2019-09-26,11300.0,0.0,7143.0,17184,0.0,0.0,4,0,0.0,0,,,,,,,,,
store_0,2019-09-27,1300.0,0.0,3072.0,6015,0.0,0.0,4,0,0.0,0,,,,,,,,,
store_0,2019-09-28,0.0,0.0,2572.0,0,0.0,0.0,4,0,0.0,0,,,,,,,,,
store_0,2019-09-29,0.0,0.0,2572.0,0,0.0,0.0,90,0,0.0,0,,,,,,,,,
store_0,2019-09-30,0.0,0.0,386.0,0,0.0,0.0,28,0,0.0,0,,,,,,,,,
store_0,2019-10-01,0.0,0.0,3468.0,1960,0.0,0.0,25,0,0.0,0,,,,,,,,,
store_0,2019-10-02,0.0,0.0,18420.0,11903,0.0,0.0,0,0,0.0,0,,,,,,,,,
store_0,2019-10-03,400.0,0.0,71848.0,19966,0.0,0.0,0,0,0.0,0,,,,,,,,,
store_0,2019-10-04,8000.0,0.0,66917.0,13128,0.0,0.0,0,0,0.0,0,,,,,,,,,
store_0,2019-10-05,20000.0,0.0,65774.0,19500,0.0,0.0,0,0,0.0,0,,,,,,,,,
store_0,2019-10-06,2600.0,0.0,68925.0,6825,0.0,0.0,0,0,0.0,0,,,,,,,,,
store_0,2019-10-07,0.0,0.0,12873.0,0,0.0,0.0,0,0,0.0,0,,,,,,,,,
store_0,2019-10-08,0.0,0.0,3090.0,0,0.0,0.0,0,0,0.0,0,,,,,,,,,
store_0,2019-10-09,0.0,0.0,2079.0,0,0.0,0.0,0,0,0.0,0,,,,,,,,,
store_0,2019-10-10,0.0,4250.0,11074.0,6825,0.0,0.0,0,0,0.0,0,,,,,,,,,
store_0,2019-10-11,0.0,10750.0,6367.0,25512,0.0,0.0,0,7,0.0,0,,,,,,,,,
store_0,2019-10-12,0.0,10750.0,5367.0,24002,0.0,79.0,0,29,0.0,0,,,,,,,,,
store_0,2019-10-13,0.0,25000.0,5367.0,6012,0.0,79.0,70,58,0.0,0,,,,,,,,,
store_0,2019-10-14,0.0,25000.0,806.0,0,0.0,79.0,0,230,0.0,0,,,,,,,,,
store_0,2019-10-15,0.0,25000.0,74.0,6825,0.0,0.0,65,37,0.0,0,,,,,,,,,
store_0,2019-10-16,0.0,25000.0,820.0,19500,0.0,0.0,0,0,0.0,0,,,,,,,,,
store_0,2019-10-17,0.0,3750.0,3571.0,13650,0.0,0.0,0,0,0.0,0,,,,,,,,,
store_0,2019-10-18,0.0,0.0,13315.0,19500,0.0,0.0,0,0,0.0,0,,,,,,,,,
store_0,2019-10-19,0.0,0.0,14506.0,12786,0.0,0.0,0,0,0.0,0,,,,,,,,,
store_0,2019-10-20,0.0,0.0,9499.0,17030,0.0,0.0,0,0,0.0,0,,,,,,,,,
store_0,2019-10-21,0.0,0.0,1941.0,12064,0.0,0.0,0,0,0.0,0,,,,,,,,,
store_0,2019-10-22,0.0,0.0,2954.0,17435,0.0,0.0,0,0,0.0,0,,,,,,,,,
store_0,2019-10-23,0.0,0.0,5973.0,12023,0.0,0.0,0,0,0.0,0,,,,,,,,,
store_0,2019-10-24,0.0,0.0,6842.0,16913,0.0,0.0,0,0,0.0,0,,,,,,,,,
store_0,2019-10-25,200.0,0.0,6739.0,12855,0.0,0.0,0,0,0.0,0,,,,,,,,,
store_0,2019-10-26,4000.0,0.0,5994.0,31698,0.0,0.0,0,0,0.0,0,,,,,,,,,
store_0,2019-10-27,10000.0,0.0,7652.0,47827,0.0,0.0,70,0,0.0,0,,,,,,,,,
store_0,2019-10-28,1300.0,0.0,2558.0,37717,0.0,0.0,0,0,0.0,0,,,,,,,,,
store_0,2019-10-29,0.0,0.0,1793.0,24131,0.0,0.0,0,0,0.0,0,,,,,,,,,
store_0,2019-10-30,0.0,0.0,467.0,6019,0.0,0.0,14,0,0.0,0,,,,,,,,,
store_0,2019-10-31,400.0,0.0,1471.0,0,0.0,0.0,90,0,0.0,0,,,,,,,,,
store_0,2019-11-01,8000.0,0.0,1765.0,6825,0.0,0.0,65,0,0.0,0,,,,,,,,,
store_0,2019-11-02,20000.0,0.0,1765.0,26435,0.0,0.0,65,0,0.0,0,,,,,,,,,
store_0,2019-11-03,2600.0,0.0,265.0,32343,0.0,0.0,0,0,0.0,0,,,,,,,,,
store_0,2019-11-04,0.0,0.0,0.0,30172,0.0,0.0,0,3,0.0,0,,,,,,,,,
store_0,2019-11-05,200.0,0.0,0.0,31400,0.0,0.0,0,70,0.0,0,,,,,,,,,
store_0,2019-11-06,4000.0,0.0,0.0,23739,0.0,0.0,0,39,0.0,0,,,,,,,,,
store_0,2019-11-07,10000.0,0.0,0.0,5882,0.0,0.0,0,2,23.0,0,,,,,,,,,
store_0,2019-11-08,1300.0,0.0,375.0,0,0.0,0.0,0,9,43.0,0,,,,,,,,,
store_0,2019-11-09,0.0,0.0,4050.0,13048,0.0,0.0,70,7,65.0,0,,,,,,,,,
store_0,2019-11-10,0.0,0.0,12824.0,37276,0.0,0.0,4,36,30.0,0,,,,,,,,,
store_0,2019-11-11,0.0,0.0,10852.0,18965,0.0,0.0,90,90,18.0,0,,,,,,,,,
store_0,2019-11-12,0.0,0.0,12861.0,16904,0.0,0.0,55,13,10.0,0,,,,,,,,,
store_0,2019-11-13,0.0,0.0,11334.0,12852,0.0,0.0,5,0,0.0,0,,,,,,,,,
store_0,2019-11-14,0.0,0.0,11334.0,19812,0.0,0.0,5,0,0.0,0,,,,,,,,,
store_0,2019-11-15,0.0,0.0,8917.0,13726,0.0,0.0,0,0,0.0,0,,,,,,,,,
store_0,2019-11-16,0.0,0.0,11667.0,19401,0.0,0.0,0,0,0.0,0,,,,,,,,,
store_0,2019-11-17,0.0,0.0,12717.0,12775,0.0,0.0,0,0,0.0,0,,,,,,,,,
store_0,2019-11-18,0.0,0.0,8751.0,17097,0.0,0.0,0,0,0.0,0,,,,,,,,,
store_0,2019-11-19,0.0,0.0,1700.0,12018,0.0,0.0,0,0,0.0,0,,,,,,,,,
store_0,2019-11-20,0.0,0.0,5229.0,21652,0.0,67.0,0,0,0.0,0,,,,,,,,,
store_0,2019-11-21,0.0,0.0,5915.0,23462,0.0,67.0,0,0,0.0,0,,,,,,,,,
store_0,2019-11-22,0.0,0.0,5325.0,24952,0.0,67.0,0,0,0.0,0,,,,,,,,,
store_0,2019-11-23,0.0,0.0,687.0,30712,0.0,67.0,0,0,0.0,0,,,,,,,,,
store_0,2019-11-24,0.0,0.0,0.0,31835,0.0,67.0,0,0,0.0,0,,,,,,,,,
store_0,2019-11-25,0.0,0.0,0.0,24576,0.0,0.0,0,18,0.0,0,,,,,,,,,
store_0,2019-11-26,0.0,0.0,0.0,12348,0.0,0.0,0,18,0.0,0,,,,,,,,,
store_0,2019-11-27,0.0,0.0,473.0,17269,0.0,147.0,0,49,0.0,0,,,,,,,,,
store_0,2019-11-28,0.0,0.0,1891.0,12384,0.0,508.0,36,90,0.0,0,,,,,,,,,
store_0,2019-11-29,0.0,0.0,9455.0,22201,0.0,508.0,90,0,0.0,0,,,,,,,,,
store_0,2019-11-30,0.0,0.0,9455.0,24332,0.0,508.0,1,0,0.0,0,,,,,,,,,
store_0,2019-12-01,0.0,0.0,9455.0,27811,0.0,508.0,4,0,0.0,23,,,,,,,,,
store_0,2019-12-02,200.0,0.0,9379.0,22627,0.0,0.0,90,0,0.0,80,,,,,,,,,
store_0,2019-12-03,4000.0,0.0,18629.0,5714,0.0,0.0,55,0,0.0,80,,,,,,,,,
store_0,2019-12-04,10000.0,0.0,15467.0,6360,0.0,0.0,5,0,0.0,0,,,,,,,,,
store_0,2019-12-05,1500.0,0.0,8034.0,26205,0.0,0.0,5,0,0.0,0,,,,,,,,,
store_0,2019-12-06,4000.0,0.0,31758.0,38552,0.0,0.0,0,0,0.0,0,,,,,,,,,
store_0,2019-12-07,10200.0,0.0,31758.0,34425,0.0,0.0,0,0,0.0,0,,,,,,,,,
store_0,2019-12-08,5300.0,0.0,4983.0,9238,0.0,0.0,0,0,0.0,0,,,,,,,,,
store_0,2019-12-09,10000.0,0.0,874.0,0,68.0,0.0,0,0,0.0,0,,,,,,,,,
store_0,2019-12-10,1300.0,0.0,4368.0,0,68.0,0.0,0,0,0.0,0,,,,,,,,,
store_0,2019-12-11,0.0,0.0,4422.0,0,68.0,0.0,0,0,0.0,0,,,,,,,,,
store_0,2019-12-12,0.0,0.0,4583.0,0,68.0,0.0,70,0,0.0,0,,,,,,,,,
store_0,2019-12-13,0.0,0.0,4477.0,6825,68.0,0.0,70,0,0.0,0,,,,,,,,,
store_0,2019-12-14,0.0,0.0,11411.0,19500,285.0,0.0,0,0,0.0,0,,,,,,,,,
store_0,2019-12-15,0.0,0.0,2571.0,12876,285.0,0.0,0,0,0.0,0,,,,,,,,,
store_0,2019-12-16,0.0,0.0,3393.0,23680,440.0,0.0,0,0,0.0,0,,,,,,,,,
store_0,2019-12-17,0.0,0.0,3393.0,24319,440.0,67.0,0,0,0.0,0,,,,,,,,,
store_0,2019-12-18,0.0,0.0,509.0,6394,440.0,67.0,0,0,0.0,0,,,,,,,,,
store_0,2019-12-19,0.0,0.0,0.0,5919,440.0,67.0,0,0,0.0,0,,,,,,,,,
store_0,2019-12-20,0.0,0.0,0.0,23253,372.0,135.0,0,3,0.0,0,,,,,,,,,
store_0,2019-12-21,0.0,0.0,0.0,30156,0.0,575.0,0,3,0.0,0,,,,,,,,,
store_0,2019-12-22,0.0,0.0,0.0,30604,0.0,575.0,30,7,0.0,0,,,,,,,,,
store_0,2019-12-23,0.0,0.0,0.0,25526,0.0,575.0,100,34,0.0,0,,,,,,,,,
store_0,2019-12-24,0.0,0.0,0.0,6795,0.0,575.0,90,184,0.0,0,,,,,,,,,
store_0,2019-12-25,0.0,0.0,0.0,6825,0.0,575.0,32,232,0.0,0,,,,,,,,,
store_0,2019-12-26,0.0,0.0,0.0,25625,0.0,575.0,7,2,0.0,0,,,,,,,,,
store_0,2019-12-27,0.0,0.0,0.0,24323,0.0,575.0,7,0,0.0,0,,,,,,,,,
store_0,2019-12-28,0.0,0.0,0.0,6125,0.0,575.0,0,0,0.0,0,,,,,,,,,
store_0,2019-12-29,0.0,0.0,0.0,0,0.0,575.0,30,4,0.0,0,,,,,,,,,
store_0,2019-12-30,0.0,0.0,0.0,1960,0.0,575.0,30,31,0.0,0,,,,,,,,,
store_0,2019-12-31,0.0,0.0,0.0,12535,0.0,575.0,90,40,0.0,0,,,,,,,,,
store_1,2017-01-02,,,,0,,,0,95,,65,0.0,0.0,0.0,0.0,,,,,
store_1,2017-01-03,,,,0,,,0,13,,34,0.0,0.0,0.0,0.0,,,,,
store_1,2017-01-04,,,,0,,,0,0,,19,0.0,0.0,0.0,0.0,,,,,
store_1,2017-01-05,,,,0,,,9,0,,0,0.0,0.0,0.0,0.0,,,,,
store_1,2017-01-06,,,,0,,,10,0,,0,0.0,0.0,0.0,0.0,,,,,
store_1,2017-01-07,,,,0,,,90,0,,0,0.0,0.0,0.0,0.0,,,,,
store_1,2017-01-08,,,,0,,,94,0,,0,0.0,0.0,0.0,0.0,,,,,
store_1,2017-01-09,,,,0,,,0,0,,0,0.0,0.0,0.0,0.0,,,,,
store_1,2017-01-10,,,,0,,,0,0,,0,0.0,0.0,0.0,0.0,,,,,
store_1,2017-01-11,,,,0,,,0,0,,0,0.0,0.0,0.0,0.0,,,,,
store_1,2017-01-12,,,,0,,,9,0,,0,0.0,0.0,0.0,0.0,,,,,
store_1,2017-01-13,,,,0,,,10,7,,0,0.0,0.0,0.0,0.0,,,,,
store_1,2017-01-14,,,,0,,,90,7,,0,0.0,0.0,0.0,0.0,,,,,
store_1,2017-01-15,,,,0,,,24,36,,0,0.0,0.0,0.0,0.0,,,,,
store_1,2017-01-16,,,,0,,,0,90,,0,0.0,0.0,0.0,0.0,,,,,
store_1,2017-01-17,,,,0,,,0,13,,0,0.0,0.0,0.0,0.0,,,,,
store_1,2017-01-18,,,,0,,,0,0,,0,0.0,0.0,0.0,0.0,,,,,
store_1,2017-01-19,,,,0,,,0,0,,0,0.0,0.0,0.0,0.0,,,,,
store_1,2017-01-20,,,,0,,,0,0,,0,0.0,0.0,0.0,0.0,,,,,
store_1,2017-01-21,,,,0,,,0,0,,0,0.0,0.0,0.0,0.0,,,,,
store_1,2017-01-22,,,,0,,,0,0,,0,0.0,0.0,0.0,0.0,,,,,
store_1,2017-01-23,,,,0,,,0,0,,0,0.0,0.0,0.0,0.0,,,,,
store_1,2017-01-24,,,,0,,,0,0,,0,0.0,0.0,0.0,0.0,,,,,
store_1,2017-01-25,,,,0,,,0,0,,0,0.0,0.0,0.0,0.0,,,,,
store_1,2017-01-26,,,,0,,,9,0,,0,0.0,0.0,0.0,0.0,,,,,
store_1,2017-01-27,,,,0,,,10,0,,0,0.0,0.0,0.0,0.0,,,,,
store_1,2017-01-28,,,,0,,,90,0,,0,0.0,0.0,0.0,0.0,,,,,
store_1,2017-01-29,,,,0,,,24,0,,0,0.0,0.0,0.0,0.0,,,,,
store_1,2017-01-30,,,,0,,,0,0,,0,0.0,0.0,0.0,0.0,,,,,
store_1,2017-01-31,,,,0,,,0,0,,0,0.0,0.0,0.0,0.0,,,,,
store_1,2017-02-01,,,,0,,,0,0,,0,0.0,0.0,0.0,0.0,,,,,
store_1,2017-02-02,,,,0,,,0,0,,0,0.0,0.0,0.0,0.0,,,,,
store_1,2017-02-03,,,,0,,,0,0,,0,0.0,0.0,0.0,0.0,,,,,
store_1,2017-02-04,,,,0,,,0,0,,0,0.0,0.0,0.0,0.0,,,,,
store_1,2017-02-05,,,,0,,,0,0,,0,0.0,0.0,0.0,0.0,,,,,
store_1,2017-02-06,,,,0,,,0,0,,0,0.0,0.0,0.0,0.0,,,,,
store_1,2017-02-07,,,,0,,,0,0,,0,0.0,0.0,0.0,0.0,,,,,
store_1,2017-02-08,,,,0,,,0,0,,0,0.0,0.0,0.0,0.0,,,,,
store_1,2017-02-09,,,,0,,,0,0,,0,0.0,0.0,0.0,0.0,,,,,
store_1,2017-02-10,,,,0,,,0,0,,0,0.0,0.0,0.0,0.0,,,,,
store_1,2017-02-11,,,,0,,,0,0,,0,0.0,0.0,0.0,0.0,,,,,
store_1,2017-02-12,,,,0,,,30,0,,0,0.0,0.0,0.0,0.0,,,,,
store_1,2017-02-13,,,,0,,,30,0,,0,0.0,0.0,0.0,0.0,,,,,
store_1,2017-02-14,,,,0,,,90,0,,0,0.0,0.0,0.0,0.0,,,,,
store_1,2017-02-15,,,,0,,,32,0,,0,0.0,0.0,0.0,0.0,,,,,
store_1,2017-02-16,,,,0,,,7,0,,0,0.0,0.0,0.0,0.0,,,,,
store_1,2017-02-17,,,,0,,,7,7,,0,0.0,0.0,0.0,0.0,,,,,
store_1,2017-02-18,,,,0,,,0,18,,0,0.0,0.0,0.0,0.0,,,,,
store_1,2017-02-19,,,,0,,,0,47,,0,0.0,0.0,0.0,0.0,,,,,
store_1,2017-02-20,,,,0,,,0,160,,0,0.0,0.0,0.0,0.0,,,,,
store_1,2017-02-21,,,,0,,,0,25,,0,0.0,0.0,0.0,0.0,,,,,
store_1,2017-02-22,,,,0,,,0,0,,0,0.0,0.0,0.0,0.0,,,,,
store_1,2017-02-23,,,,0,,,0,0,,0,0.0,0.0,0.0,0.0,,,,,
store_1,2017-02-24,,,,0,,,65,0,,0,0.0,0.0,0.0,0.0,,,,,
store_1,2017-02-25,,,,0,,,0,0,,0,0.0,0.0,0.0,0.0,,,,,
store_1,2017-02-26,,,,0,,,0,0,,0,0.0,0.0,0.0,0.0,,,,,
store_1,2017-02-27,,,,0,,,0,3,,0,0.0,0.0,0.0,0.0,,,,,
store_1,2017-02-28,,,,0,,,70,70,,0,0.0,0.0,0.0,0.0,,,,,
store_1,2017-03-01,,,,0,,,0,39,,0,0.0,0.0,0.0,0.0,,,,,
store_1,2017-03-02,,,,0,,,0,2,,0,0.0,0.0,0.0,0.0,,,,,
store_1,2017-03-03,,,,0,,,0,2,,0,0.0,0.0,0.0,0.0,,,,,
store_1,2017-03-04,,,,0,,,0,0,,0,0.0,0.0,0.0,0.0,,,,,
store_1,2017-03-05,,,,0,,,0,0,,0,0.0,0.0,0.0,0.0,,,,,
store_1,2017-03-06,,,,0,,,0,0,,0,0.0,0.0,0.0,0.0,,,,,
store_1,2017-03-07,,,,0,,,0,0,,0,0.0,0.0,0.0,0.0,,,,,
store_1,2017-03-08,,,,0,,,0,0,,0,0.0,0.0,0.0,0.0,,,,,
store_1,2017-03-09,,,,0,,,0,0,,0,0.0,0.0,0.0,0.0,,,,,
store_1,2017-03-10,,,,0,,,0,0,,0,0.0,0.0,0.0,0.0,,,,,
store_1,2017-03-11,,,,0,,,0,0,,0,0.0,0.0,0.0,0.0,,,,,
store_1,2017-03-12,,,,0,,,0,0,,0,0.0,0.0,0.0,0.0,,,,,
store_1,2017-03-13,,,,0,,,0,0,,0,0.0,0.0,0.0,0.0,,,,,
store_1,2017-03-14,,,,0,,,0,0,,0,0.0,0.0,0.0,0.0,,,,,
store_1,2017-03-15,,,,0,,,0,0,,0,0.0,0.0,0.0,0.0,,,,,
store_1,2017-03-16,,,,0,,,36,1,,0,0.0,0.0,0.0,0.0,,,,,
store_1,2017-03-17,,,,0,,,90,70,,0,0.0,0.0,0.0,0.0,,,,,
store_1,2017-03-18,,,,0,,,1,18,,0,0.0,0.0,0.0,0.0,,,,,
store_1,2017-03-19,,,,0,,,0,4,,0,0.0,0.0,0.0,0.0,,,,,
store_1,2017-03-20,,,,0,,,0,4,,0,0.0,0.0,0.0,0.0,,,,,
store_1,2017-03-21,,,,0,,,0,4,,0,0.0,0.0,0.0,0.0,,,,,
store_1,2017-03-22,,,,0,,,0,4,,0,0.0,0.0,0.0,0.0,,,,,
store_1,2017-03-23,,,,0,,,0,0,,0,0.0,0.0,0.0,0.0,,,,,
store_1,2017-03-24,,,,0,,,0,0,,0,0.0,0.0,0.0,0.0,,,,,
store_1,2017-03-25,,,,0,,,0,0,,0,0.0,0.0,0.0,0.0,,,,,
store_1,2017-03-26,,,,0,,,0,0,,0,0.0,0.0,0.0,0.0,,,,,
store_1,2017-03-27,,,,0,,,0,0,,0,0.0,0.0,0.0,0.0,,,,,
store_1,2017-03-28,,,,0,,,0,0,,0,0.0,0.0,0.0,0.0,,,,,
store_1,2017-03-29,,,,0,,,65,0,,0,0.0,0.0,0.0,0.0,,,,,
store_1,2017-03-30,,,,0,,,0,1,,0,0.0,0.0,0.0,0.0,,,,,
store_1,2017-03-31,,,,0,,,0,70,,0,0.0,0.0,0.0,0.0,,,,,
store_1,2017-04-01,,,,0,,,0,18,,0,0.0,0.0,0.0,0.0,,,,,
store_1,2017-04-02,,,,0,,,0,4,,0,0.0,0.0,0.0,0.0,,,,,
store_1,2017-04-03,,,,0,,,0,4,,0,0.0,0.0,0.0,0.0,,,,,
store_1,2017-04-04,,,,0,,,0,4,,0,0.0,0.0,0.0,0.0,,,,,
store_1,2017-04-05,,,,0,,,0,4,,0,0.0,0.0,0.0,0.0,,,,,
store_1,2017-04-06,,,,0,,,0,0,,0,0.0,0.0,0.0,0.0,,,,,
store_1,2017-04-07,,,,0,,,0,0,,0,0.0,0.0,0.0,0.0,,,,,
store_1,2017-04-08,,,,0,,,0,0,,0,0.0,0.0,0.0,0.0,,,,,
store_1,2017-04-09,,,,0,,,0,0,,0,0.0,0.0,0.0,0.0,,,,,
store_1,2017-04-10,,,,0,,,70,0,,0,0.0,0.0,0.0,0.0,,,,,
store_1,2017-04-11,,,,0,,,0,0,,0,0.0,0.0,0.0,0.0,,,,,
store_1,2017-04-12,,,,0,,,0,0,,0,0.0,0.0,0.0,0.0,,,,,
store_1,2017-04-13,,,,0,,,8,0,,0,0.0,0.0,0.0,0.0,,,,,
store_1,2017-04-14,,,,0,,,78,0,,0,0.0,0.0,0.0,0.0,,,,,
store_1,2017-04-15,,,,0,,,8,0,,0,0.0,0.0,0.0,0.0,,,,,
store_1,2017-04-16,,,,0,,,184,0,,0,0.0,0.0,0.0,0.0,,,,,
store_1,2017-04-17,,,,0,,,146,0,,0,0.0,0.0,0.0,0.0,,,,,
store_1,2017-04-18,,,,0,,,105,0,,0,0.0,0.0,0.0,0.0,,,,,
store_1,2017-04-19,,,,0,,,5,0,,0,0.0,0.0,0.0,0.0,,,,,
store_1,2017-04-20,,,,0,,,5,0,,0,0.0,0.0,0.0,0.0,,,,,
store_1,2017-04-21,,,,0,,,0,0,,0,0.0,0.0,0.0,0.0,,,,,
store_1,2017-04-22,,,,0,,,0,0,,0,0.0,0.0,0.0,0.0,,,,,
store_1,2017-04-23,,,,0,,,0,0,,0,0.0,1274.0,0.0,0.0,,,,,
store_1,2017-04-24,,,,0,,,0,0,,0,0.0,153.0,0.0,0.0,,,,,
store_1,2017-04-25,,,,0,,,0,0,,0,0.0,0.0,0.0,0.0,,,,,
store_1,2017-04-26,,,,0,,,0,0,,0,0.0,0.0,0.0,0.0,,,,,
store_1,2017-04-27,,,,0,,,0,0,,0,0.0,0.0,0.0,0.0,,,,,
store_1,2017-04-28,,,,0,,,0,0,,0,0.0,0.0,0.0,0.0,,,,,
store_1,2017-04-29,,,,0,,,0,0,,0,0.0,0.0,0.0,0.0,,,,,
store_1,2017-04-30,,,,0,,,0,0,,0,0.0,0.0,0.0,0.0,,,,,
store_1,2017-05-01,,,,0,,,0,0,,0,0.0,0.0,0.0,0.0,,,,,
store_1,2017-05-02,,,,0,,,0,0,,0,0.0,0.0,0.0,0.0,,,,,
store_1,2017-05-03,,,,0,,,0,0,,0,0.0,0.0,0.0,0.0,,,,,
store_1,2017-05-04,,,,0,,,0,0,,0,0.0,0.0,0.0,0.0,,,,,
store_1,2017-05-05,,,,0,,,70,0,,0,0.0,0.0,0.0,0.0,,,,,
store_1,2017-05-06,,,,0,,,0,0,,0,0.0,0.0,0.0,0.0,,,,,
store_1,2017-05-07,,,,0,,,0,0,,0,0.0,0.0,0.0,0.0,,,,,
store_1,2017-05-08,,,,0,,,65,0,,0,0.0,0.0,0.0,0.0,,,,,
store_1,2017-05-09,,,,110,,,0,0,,0,0.0,0.0,0.0,0.0,,,,,
store_1,2017-05-10,,,,1000,,,65,0,,0,0.0,0.0,0.0,0.0,,,,,
store_1,2017-05-11,,,,0,,,4,0,,0,0.0,0.0,0.0,0.0,,,,,
store_1,2017-05-12,,,,0,,,4,0,,0,0.0,0.0,0.0,0.0,,,,,
store_1,2017-05-13,,,,0,,,4,0,,0,0.0,0.0,0.0,0.0,,,,,
store_1,2017-05-14,,,,0,,,90,0,,0,0.0,0.0,0.0,0.0,,,,,
store_1,2017-05-15,,,,0,,,28,0,,0,0.0,0.0,0.0,0.0,,,,,
store_1,2017-05-16,,,,0,,,25,0,,0,0.0,0.0,0.0,0.0,,,,,
store_1,2017-05-17,,,,0,,,0,0,,0,0.0,0.0,0.0,0.0,,,,,
store_1,2017-05-18,,,,0,,,0,0,,0,0.0,0.0,0.0,0.0,,,,,
store_1,2017-05-19,,,,0,,,65,0,,0,0.0,0.0,0.0,0.0,,,,,
store_1,2017-05-20,,,,0,,,0,0,,0,0.0,0.0,0.0,0.0,,,,,
store_1,2017-05-21,,,,0,,,0,0,,0,0.0,0.0,0.0,0.0,,,,,
store_1,2017-05-22,,,,0,,,0,0,,0,0.0,0.0,0.0,0.0,,,,,
store_1,2017-05-23,,,,0,,,0,0,,0,0.0,0.0,0.0,0.0,,,,,
store_1,2017-05-24,,,,0,,,0,0,,0,0.0,0.0,0.0,0.0,,,,,
store_1,2017-05-25,,,,0,,,65,0,,0,0.0,0.0,0.0,0.0,,,,,
store_1,2017-05-26,,,,0,,,0,7,,0,0.0,0.0,0.0,0.0,,,,,
store_1,2017-05-27,,,,0,,,0,18,,0,0.0,0.0,0.0,0.0,,,,,
store_1,2017-05-28,,,,0,,,0,47,,0,0.0,0.0,0.0,0.0,,,,,
store_1,2017-05-29,,,,0,,,0,160,,0,0.0,0.0,0.0,0.0,,,,,
store_1,2017-05-30,,,,0,,,0,25,,0,0.0,0.0,0.0,0.0,,,,,
store_1,2017-05-31,,,,0,,,0,0,,0,0.0,0.0,0.0,0.0,,,,,
store_1,2017-06-01,,,,0,,,0,0,,0,0.0,0.0,0.0,0.0,,,,,
store_1,2017-06-02,,,,0,,,0,0,,0,0.0,0.0,0.0,0.0,,,,,
store_1,2017-06-03,,,,0,,,0,0,,0,0.0,0.0,0.0,0.0,,,,,
store_1,2017-06-04,,,,0,,,70,0,,0,0.0,0.0,0.0,0.0,,,,,
store_1,2017-06-05,,,,0,,,0,0,,0,0.0,0.0,0.0,0.0,,,,,
store_1,2017-06-06,,,,0,,,0,0,,0,0.0,0.0,0.0,0.0,,,,,
store_1,2017-06-07,,,,0,,,0,0,,0,0.0,0.0,0.0,0.0,,,,,
store_1,2017-06-08,,,,0,,,0,0,,0,0.0,0.0,0.0,0.0,,,,,
store_1,2017-06-09,,,,0,,,0,0,,0,0.0,0.0,0.0,0.0,,,,,
store_1,2017-06-10,,,,0,,,0,0,,0,0.0,0.0,0.0,0.0,,,,,
store_1,2017-06-11,,,,0,,,0,0,,0,0.0,0.0,0.0,0.0,,,,,
store_1,2017-06-12,,,,0,,,0,0,,0,0.0,0.0,0.0,0.0,,,,,
store_1,2017-06-13,,,,0,,,0,0,,0,0.0,0.0,0.0,0.0,,,,,
store_1,2017-06-14,,,,0,,,70,0,,0,0.0,0.0,0.0,0.0,,,,,
store_1,2017-06-15,,,,0,,,4,0,,0,0.0,0.0,0.0,0.0,,,,,
store_1,2017-06-16,,,,0,,,4,0,,0,0.0,0.0,0.0,0.0,,,,,
store_1,2017-06-17,,,,0,,,4,0,,0,0.0,0.0,0.0,0.0,,,,,
store_1,2017-06-18,,,,0,,,90,0,,0,0.0,0.0,0.0,0.0,,,,,
store_1,2017-06-19,,,,0,,,28,0,,0,0.0,0.0,0.0,0.0,,,,,
store_1,2017-06-20,,,,0,,,25,0,,0,0.0,0.0,0.0,0.0,,,,,
store_1,2017-06-21,,,,0,,,0,0,,0,0.0,0.0,0.0,0.0,,,,,
store_1,2017-06-22,,,,0,,,0,0,,0,0.0,0.0,0.0,0.0,,,,,
store_1,2017-06-23,,,,0,,,0,0,,0,0.0,0.0,0.0,0.0,,,,,
store_1,2017-06-24,,,,0,,,0,0,,0,0.0,0.0,0.0,0.0,,,,,
store_1,2017-06-25,,,,0,,,0,0,,0,0.0,0.0,0.0,0.0,,,,,
store_1,2017-06-26,,,,0,,,0,0,,0,0.0,0.0,0.0,0.0,,,,,
store_1,2017-06-27,,,,0,,,0,0,,0,0.0,0.0,0.0,0.0,,,,,
store_1,2017-06-28,,,,0,,,0,0,,0,0.0,0.0,0.0,0.0,,,,,
store_1,2017-06-29,,,,0,,,0,0,,0,0.0,0.0,0.0,0.0,,,,,
store_1,2017-06-30,,,,0,,,0,3,,0,0.0,0.0,0.0,0.0,,,,,
store_1,2017-07-01,,,,0,,,0,3,,0,0.0,0.0,0.0,0.0,,,,,
store_1,2017-07-02,,,,0,,,0,3,,0,0.0,0.0,0.0,0.0,,,,,
store_1,2017-07-03,,,,0,,,0,6,,0,0.0,0.0,0.0,0.0,,,,,
store_1,2017-07-04,,,,0,,,0,160,,0,0.0,0.0,0.0,0.0,,,,,
store_1,2017-07-05,,,,0,,,0,41,,0,0.0,0.0,0.0,0.0,,,,,
store_1,2017-07-06,,,,0,,,0,4,,0,0.0,0.0,0.0,0.0,,,,,
store_1,2017-07-07,,,,0,,,0,2,,0,0.0,0.0,0.0,0.0,,,,,
store_1,2017-07-08,,,,0,,,0,0,,0,0.0,0.0,0.0,0.0,,,,,
store_1,2017-07-09,,,,0,,,0,0,,0,0.0,0.0,0.0,0.0,,,,,
store_1,2017-07-10,,,,0,,,0,0,,0,0.0,0.0,0.0,0.0,,,,,
store_1,2017-07-11,,,,0,,,0,0,,0,0.0,0.0,0.0,0.0,,,,,
store_1,2017-07-12,,,,0,,,0,0,,0,0.0,0.0,0.0,0.0,,,,,
store_1,2017-07-13,,,,0,,,0,0,,0,0.0,0.0,0.0,0.0,,,,,
store_1,2017-07-14,,,,0,,,0,0,,0,0.0,0.0,0.0,0.0,,,,,
store_1,2017-07-15,,,,0,,,0,0,,0,0.0,0.0,0.0,0.0,,,,,
store_1,2017-07-16,,,,0,,,0,0,,0,0.0,0.0,0.0,0.0,,,,,
store_1,2017-07-17,,,,0,,,0,0,,0,0.0,0.0,0.0,0.0,,,,,
store_1,2017-07-18,,,,0,,,0,0,,0,0.0,0.0,0.0,0.0,,,,,
store_1,2017-07-19,,,,0,,,0,0,,0,0.0,0.0,0.0,0.0,,,,,
store_1,2017-07-20,,,,0,,,0,0,,0,0.0,0.0,0.0,0.0,,,,,
store_1,2017-07-21,,,,0,,,0,0,,0,0.0,0.0,0.0,0.0,,,,,
store_1,2017-07-22,,,,0,,,0,0,,0,0.0,0.0,0.0,0.0,,,,,
store_1,2017-07-23,,,,0,,,0,0,,0,0.0,0.0,0.0,0.0,,,,,
store_1,2017-07-24,,,,0,,,0,0,,0,0.0,0.0,0.0,0.0,,,,,
store_1,2017-07-25,,,,0,,,0,0,,0,0.0,0.0,0.0,0.0,,,,,
store_1,2017-07-26,,,,0,,,0,0,,0,0.0,0.0,0.0,0.0,,,,,
store_1,2017-07-27,,,,0,,,65,0,,0,0.0,0.0,7.0,0.0,,,,,
store_1,2017-07-28,,,,0,,,0,0,,0,0.0,0.0,21.0,0.0,,,,,
store_1,2017-07-29,,,,0,,,0,0,,0,0.0,0.0,62.0,0.0,,,,,
store_1,2017-07-30,,,,0,,,0,0,,0,0.0,0.0,65.0,0.0,,,,,
store_1,2017-07-31,,,,0,,,0,0,,0,0.0,0.0,65.0,0.0,,,,,
store_1,2017-08-01,,,,0,,,0,0,,0,0.0,0.0,65.0,0.0,,,,,
store_1,2017-08-02,,,,0,,,0,0,,0,0.0,0.0,65.0,0.0,,,,,
store_1,2017-08-03,,,,0,,,0,0,,0,0.0,0.0,65.0,0.0,,,,,
store_1,2017-08-04,,,,0,,,70,0,,0,0.0,0.0,65.0,0.0,,,,,
store_1,2017-08-05,,,,0,,,0,0,,0,0.0,0.0,35.0,0.0,,,,,
store_1,2017-08-06,,,,0,,,0,0,,0,0.0,0.0,22.0,0.0,,,,,
store_1,2017-08-07,,,,0,,,0,0,,0,0.0,0.0,13.0,0.0,,,,,
store_1,2017-08-08,,,,0,,,0,0,,0,0.0,0.0,0.0,0.0,,,,,
store_1,2017-08-09,,,,0,,,0,0,,0,0.0,0.0,0.0,0.0,,,,,
store_1,2017-08-10,,,,0,,,0,0,,0,0.0,0.0,0.0,0.0,,,,,
store_1,2017-08-11,,,,0,,,0,0,,0,0.0,0.0,0.0,0.0,,,,,
store_1,2017-08-12,,,,0,,,0,0,,0,0.0,0.0,0.0,0.0,,,,,
store_1,2017-08-13,,,,0,,,0,0,,0,0.0,2000.0,0.0,0.0,,,,,
store_1,2017-08-14,,,,0,,,70,0,,0,0.0,240.0,0.0,0.0,,,,,
store_1,2017-08-15,,,,0,,,0,0,,0,0.0,0.0,0.0,0.0,,,,,
store_1,2017-08-16,,,,0,,,0,0,,0,0.0,0.0,0.0,0.0,,,,,
store_1,2017-08-17,,,,0,,,0,0,,0,0.0,0.0,0.0,0.0,,,,,
store_1,2017-08-18,,,,0,,,0,0,,0,0.0,0.0,0.0,0.0,,,,,
store_1,2017-08-19,,,,0,,,0,0,,0,0.0,0.0,0.0,0.0,,,,,
store_1,2017-08-20,,,,0,,,0,0,,0,0.0,0.0,0.0,0.0,,,,,
store_1,2017-08-21,,,,0,,,0,0,,0,0.0,0.0,0.0,0.0,,,,,
store_1,2017-08-22,,,,0,,,0,0,,0,0.0,0.0,0.0,0.0,,,,,
store_1,2017-08-23,,,,0,,,0,0,,0,0.0,0.0,0.0,0.0,,,,,
store_1,2017-08-24,,,,0,,,0,0,,0,0.0,0.0,0.0,0.0,,,,,
store_1,2017-08-25,,,,0,,,0,0,,0,0.0,0.0,0.0,0.0,,,,,
store_1,2017-08-26,,,,0,,,0,0,,0,0.0,0.0,0.0,0.0,,,,,
store_1,2017-08-27,,,,0,,,0,0,,0,0.0,0.0,0.0,0.0,,,,,
store_1,2017-08-28,,,,0,,,0,0,,0,0.0,0.0,13.0,0.0,,,,,
store_1,2017-08-29,,,,0,,,0,0,,0,0.0,0.0,31.0,0.0,,,,,
store_1,2017-08-30,,,,0,,,0,0,,0,0.0,0.0,65.0,0.0,,,,,
store_1,2017-08-31,,,,0,,,0,0,,0,0.0,0.0,65.0,0.0,,,,,
store_1,2017-09-01,,,,0,,,0,7,,0,0.0,0.0,65.0,0.0,,,,,
store_1,2017-09-02,,,,0,,,70,7,,0,0.0,0.0,65.0,0.0,,,,,
store_1,2017-09-03,,,,0,,,0,36,,0,0.0,0.0,65.0,0.0,,,,,
store_1,2017-09-04,,,,0,,,0,90,,0,0.0,0.0,65.0,0.0,,,,,
store_1,2017-09-05,,,,0,,,0,13,,0,0.0,0.0,35.0,0.0,,,,,
store_1,2017-09-06,,,,0,,,0,0,,0,0.0,0.0,22.0,0.0,,,,,
store_1,2017-09-07,,,,0,,,0,0,,0,0.0,0.0,13.0,0.0,,,,,
store_1,2017-09-08,,,,0,,,0,11,,0,0.0,0.0,0.0,0.0,,,,,
store_1,2017-09-09,,,,0,,,0,70,,0,0.0,0.0,0.0,0.0,,,,,
store_1,2017-09-10,,,,0,,,0,24,,0,0.0,0.0,0.0,0.0,,,,,
store_1,2017-09-11,,,,0,,,0,11,,0,0.0,0.0,0.0,0.0,,,,,
store_1,2017-09-12,,,,0,,,0,11,,0,0.0,0.0,0.0,23.0,,,,,
store_1,2017-09-13,,,,0,,,0,11,,0,0.0,0.0,0.0,90.0,,,,,
store_1,2017-09-14,,,,0,,,0,0,,0,0.0,0.0,0.0,0.0,,,,,
store_1,2017-09-15,,,,0,,,0,0,,0,0.0,0.0,0.0,0.0,,,,,
store_1,2017-09-16,,,,0,,,0,0,,0,0.0,0.0,0.0,0.0,,,,,
store_1,2017-09-17,,,,0,,,65,0,,0,0.0,0.0,0.0,0.0,,,,,
store_1,2017-09-18,,,,0,,,135,0,,0,0.0,0.0,0.0,0.0,,,,,
store_1,2017-09-19,,,,0,,,0,0,,0,0.0,0.0,0.0,0.0,,,,,
store_1,2017-09-20,,,,0,,,0,0,,0,0.0,0.0,0.0,0.0,,,,,
store_1,2017-09-21,,,,0,,,4,0,,0,0.0,0.0,0.0,0.0,,,,,
store_1,2017-09-22,,,,0,,,4,0,,0,0.0,0.0,0.0,0.0,,,,,
store_1,2017-09-23,,,,0,,,4,0,,0,0.0,0.0,0.0,0.0,,,,,
store_1,2017-09-24,,,,0,,,90,0,,0,0.0,0.0,0.0,0.0,,,,,
store_1,2017-09-25,,,,0,,,28,0,,0,0.0,0.0,0.0,0.0,,,,,
store_1,2017-09-26,,,,0,,,25,0,,0,0.0,0.0,0.0,0.0,,,,,
store_1,2017-09-27,,,,0,,,0,0,,0,0.0,0.0,0.0,0.0,,,,,
store_1,2017-09-28,,,,0,,,0,0,,0,0.0,0.0,0.0,0.0,,,,,
store_1,2017-09-29,,,,0,,,0,0,,0,0.0,0.0,0.0,0.0,,,,,
store_1,2017-09-30,,,,0,,,0,0,,0,0.0,0.0,0.0,0.0,,,,,
store_1,2017-10-01,,,,0,,,0,0,,0,0.0,0.0,0.0,0.0,,,,,
store_1,2017-10-02,,,,0,,,0,0,,0,0.0,0.0,0.0,0.0,,,,,
store_1,2017-10-03,,,,0,,,0,0,,0,0.0,0.0,0.0,0.0,,,,,
store_1,2017-10-04,,,,0,,,0,0,,0,0.0,0.0,0.0,0.0,,,,,
store_1,2017-10-05,,,,0,,,0,0,,0,0.0,0.0,0.0,0.0,,,,,
store_1,2017-10-06,,,,0,,,0,14,,0,0.0,0.0,0.0,0.0,,,,,
store_1,2017-10-07,,,,0,,,0,14,,0,0.0,0.0,0.0,0.0,,,,,
store_1,2017-10-08,,,,0,,,0,72,,0,0.0,0.0,0.0,0.0,,,,,
store_1,2017-10-09,,,,0,,,0,180,,0,0.0,0.0,0.0,0.0,,,,,
store_1,2017-10-10,,,,0,,,0,26,,0,0.0,0.0,0.0,0.0,,,,,
store_1,2017-10-11,,,,0,,,0,0,,0,0.0,0.0,0.0,0.0,,,,,
store_1,2017-10-12,,,,0,,,0,0,,0,0.0,0.0,0.0,0.0,,,,,
store_1,2017-10-13,,,,0,,,70,0,,0,0.0,0.0,0.0,0.0,,,,,
store_1,2017-10-14,,,,0,,,0,0,,0,0.0,0.0,0.0,0.0,,,,,
store_1,2017-10-15,,,,0,,,65,0,,0,0.0,0.0,0.0,0.0,,,,,
store_1,2017-10-16,,,,0,,,0,0,,0,0.0,0.0,0.0,0.0,,,,,
store_1,2017-10-17,,,,0,,,0,0,,0,0.0,0.0,0.0,0.0,,,,,
store_1,2017-10-18,,,,0,,,70,0,,0,0.0,0.0,0.0,0.0,,,,,
store_1,2017-10-19,,,,0,,,0,0,,0,0.0,0.0,0.0,0.0,,,,,
store_1,2017-10-20,,,,0,,,0,0,,0,0.0,0.0,7.0,0.0,,,,,
store_1,2017-10-21,,,,0,,,0,0,,0,0.0,2000.0,21.0,0.0,,,,,
store_1,2017-10-22,,,,0,,,0,0,,0,0.0,240.0,62.0,0.0,,,,,
store_1,2017-10-23,,,,0,,,0,0,,0,0.0,0.0,80.0,0.0,,,,,
store_1,2017-10-24,,,,0,,,0,0,,0,0.0,0.0,80.0,0.0,,,,,
store_1,2017-10-25,,,,0,,,0,0,,0,0.0,0.0,80.0,0.0,,,,,
store_1,2017-10-26,,,,0,,,0,0,,0,0.0,0.0,35.0,0.0,,,,,
store_1,2017-10-27,,,,0,,,0,0,,0,0.0,0.0,22.0,0.0,,,,,
store_1,2017-10-28,,,,0,,,0,0,,0,0.0,0.0,13.0,0.0,,,,,
store_1,2017-10-29,,,,0,,,30,0,,0,0.0,0.0,0.0,0.0,,,,,
store_1,2017-10-30,,,,0,,,30,0,,0,0.0,0.0,0.0,0.0,,,,,
store_1,2017-10-31,,,,0,,,90,0,,0,0.0,0.0,0.0,0.0,,,,,
store_1,2017-11-01,,,,0,,,97,0,,0,0.0,0.0,0.0,0.0,,,,,
store_1,2017-11-02,,,,0,,,72,0,,0,0.0,0.0,0.0,0.0,,,,,
store_1,2017-11-03,,,,0,,,7,0,,0,0.0,0.0,0.0,0.0,,,,,
store_1,2017-11-04,,,,0,,,0,0,,0,0.0,0.0,0.0,0.0,,,,,
store_1,2017-11-05,,,,0,,,0,0,,0,0.0,0.0,0.0,0.0,,,,,
store_1,2017-11-06,,,,0,,,0,1,,0,0.0,0.0,0.0,0.0,,,,,
store_1,2017-11-07,,,,0,,,0,1,,0,0.0,0.0,0.0,0.0,,,,,
store_1,2017-11-08,,,,0,,,0,1,,0,0.0,0.0,0.0,0.0,,,,,
store_1,2017-11-09,,,,0,,,9,5,,0,0.0,0.0,0.0,0.0,,,,,
store_1,2017-11-10,,,,0,,,10,138,,0,0.0,0.0,0.0,0.0,,,,,
store_1,2017-11-11,,,,0,,,90,169,,0,0.0,0.0,0.0,0.0,,,,,
store_1,2017-11-12,,,,0,,,24,73,,0,0.0,0.0,0.0,0.0,,,,,
store_1,2017-11-13,,,,0,,,0,7,,0,0.0,0.0,0.0,0.0,,,,,
store_1,2017-11-14,,,,0,,,0,4,,0,0.0,0.0,0.0,0.0,,,,,
store_1,2017-11-15,,,,0,,,0,2,,0,0.0,0.0,0.0,0.0,,,,,
store_1,2017-11-16,,,,0,,,0,0,,0,0.0,0.0,0.0,0.0,,,,,
store_1,2017-11-17,,,,0,,,0,0,,0,0.0,0.0,0.0,0.0,,,,,
store_1,2017-11-18,,,,0,,,0,0,,0,0.0,0.0,0.0,0.0,,,,,
store_1,2017-11-19,,,,0,,,0,0,,0,0.0,0.0,0.0,0.0,,,,,
store_1,2017-11-20,,,,0,,,0,18,,0,0.0,0.0,0.0,0.0,,,,,
store_1,2017-11-21,,,,0,,,0,18,,0,0.0,0.0,0.0,0.0,,,,,
store_1,2017-11-22,,,,0,,,0,49,,0,0.0,0.0,0.0,0.0,,,,,
store_1,2017-11-23,,,,0,,,36,91,,0,0.0,0.0,0.0,0.0,,,,,
store_1,2017-11-24,,,,0,,,90,70,,0,0.0,0.0,0.0,0.0,,,,,
store_1,2017-11-25,,,,0,,,1,18,,0,0.0,0.0,0.0,0.0,,,,,
store_1,2017-11-26,,,,0,,,4,4,,0,0.0,0.0,0.0,0.0,,,,,
store_1,2017-11-27,,,,0,,,90,4,,0,0.0,0.0,0.0,0.0,,,,,
store_1,2017-11-28,,,,0,,,55,4,,0,0.0,0.0,0.0,0.0,,,,,
store_1,2017-11-29,,,,0,,,5,4,,0,0.0,0.0,0.0,0.0,,,,,
store_1,2017-11-30,,,,0,,,5,0,,0,0.0,0.0,0.0,0.0,,,,,
store_1,2017-12-01,,,,0,,,70,0,,0,0.0,0.0,0.0,0.0,,,,,
store_1,2017-12-02,,,,0,,,0,0,,0,0.0,0.0,0.0,0.0,,,,,
store_1,2017-12-03,,,,0,,,0,0,,0,0.0,0.0,0.0,0.0,,,,,
store_1,2017-12-04,,,,0,,,0,0,,0,0.0,0.0,0.0,0.0,,,,,
store_1,2017-12-05,,,,0,,,0,0,,0,0.0,0.0,0.0,0.0,,,,,
store_1,2017-12-06,,,,0,,,0,0,,0,0.0,0.0,0.0,0.0,,,,,
store_1,2017-12-07,,,,0,,,0,0,,0,0.0,0.0,0.0,0.0,,,,,
store_1,2017-12-08,,,,0,,,0,0,,0,0.0,0.0,0.0,0.0,,,,,
store_1,2017-12-09,,,,0,,,0,0,,0,0.0,0.0,0.0,0.0,,,,,
store_1,2017-12-10,,,,0,,,0,0,,0,0.0,0.0,0.0,0.0,,,,,
store_1,2017-12-11,,,,0,,,0,0,,0,0.0,0.0,0.0,0.0,,,,,
store_1,2017-12-12,,,,0,,,70,0,,0,0.0,0.0,0.0,0.0,,,,,
store_1,2017-12-13,,,,0,,,140,0,,0,0.0,0.0,0.0,0.0,,,,,
store_1,2017-12-14,,,,0,,,0,0,,0,0.0,0.0,0.0,0.0,,,,,
store_1,2017-12-15,,,,0,,,0,0,,0,0.0,0.0,0.0,0.0,,,,,
store_1,2017-12-16,,,,0,,,0,0,,0,0.0,0.0,0.0,0.0,,,,,
store_1,2017-12-17,,,,0,,,0,0,,0,0.0,0.0,0.0,0.0,,,,,
store_1,2017-12-18,,,,0,,,0,0,,0,0.0,0.0,0.0,0.0,,,,,
store_1,2017-12-19,,,,0,,,0,0,,0,0.0,0.0,0.0,0.0,,,,,
store_1,2017-12-20,,,,0,,,0,0,,0,0.0,0.0,0.0,0.0,,,,,
store_1,2017-12-21,,,,0,,,4,0,,0,0.0,0.0,0.0,0.0,,,,,
store_1,2017-12-22,,,,0,,,4,7,,0,0.0,0.0,0.0,0.0,,,,,
store_1,2017-12-23,,,,0,,,4,18,,0,0.0,0.0,0.0,0.0,,,,,
store_1,2017-12-24,,,,0,,,90,47,,0,0.0,0.0,0.0,0.0,,,,,
store_1,2017-12-25,,,,0,,,28,160,,0,0.0,0.0,0.0,0.0,,,,,
store_1,2017-12-26,,,,0,,,25,25,,0,0.0,0.0,0.0,0.0,,,,,
store_1,2017-12-27,,,,0,,,0,0,,0,0.0,0.0,0.0,0.0,,,,,
store_1,2017-12-28,,,,0,,,74,0,,0,0.0,0.0,0.0,0.0,,,,,
store_1,2017-12-29,,,,0,,,4,7,,0,0.0,0.0,0.0,0.0,,,,,
store_1,2017-12-30,,,,0,,,4,7,,0,0.0,0.0,0.0,0.0,,,,,
store_1,2017-12-31,,,,0,,,90,36,,0,0.0,0.0,0.0,0.0,,,,,
store_1,2018-01-01,,,,0,,,28,90,,0,0.0,0.0,0.0,0.0,,,,,
store_1,2018-01-02,,,,0,,,25,13,,0,0.0,0.0,0.0,0.0,,,,,
store_1,2018-01-03,,,,0,,,0,0,,0,0.0,0.0,0.0,0.0,,,,,
store_1,2018-01-04,,,,0,,,4,0,,0,0.0,0.0,0.0,0.0,,,,,
store_1,2018-01-05,,,,0,,,4,0,,0,0.0,0.0,0.0,0.0,,,,,
store_1,2018-01-06,,,,0,,,4,0,,0,0.0,0.0,0.0,0.0,,,,,
store_1,2018-01-07,,,,0,,,90,0,,0,0.0,0.0,0.0,0.0,,,,,
store_1,2018-01-08,,,,0,,,28,0,,0,0.0,0.0,0.0,0.0,,,,,
store_1,2018-01-09,,,,0,,,25,0,,80,0.0,0.0,0.0,0.0,,,,,
store_1,2018-01-10,,,,0,,,0,0,,13,0.0,0.0,0.0,0.0,,,,,
store_1,2018-01-11,,,,0,,,4,0,,0,0.0,0.0,0.0,0.0,,,,,
store_1,2018-01-12,,,,0,,,4,7,,0,0.0,0.0,0.0,0.0,,,,,
store_1,2018-01-13,,,,0,,,4,7,,0,0.0,0.0,0.0,0.0,,,,,
store_1,2018-01-14,,,,0,,,90,36,,0,0.0,0.0,0.0,0.0,,,,,
store_1,2018-01-15,,,,0,,,28,90,,0,0.0,0.0,0.0,0.0,,,,,
store_1,2018-01-16,,,,0,,,25,13,,0,0.0,0.0,0.0,0.0,,,,,
store_1,2018-01-17,,,,0,,,0,0,,0,0.0,0.0,0.0,0.0,,,,,
store_1,2018-01-18,,,,0,,,0,0,,0,0.0,0.0,0.0,0.0,,,,,
store_1,2018-01-19,,,,0,,,0,0,,0,0.0,0.0,0.0,0.0,,,,,
store_1,2018-01-20,,,,0,,,0,0,,0,0.0,0.0,0.0,0.0,,,,,
store_1,2018-01-21,,,,0,,,0,0,,0,0.0,0.0,0.0,0.0,,,,,
store_1,2018-01-22,,,,0,,,0,0,,0,0.0,0.0,0.0,0.0,,,,,
store_1,2018-01-23,,,,0,,,0,0,,0,0.0,0.0,0.0,0.0,,,,,
store_1,2018-01-24,,,,0,,,0,0,,0,0.0,0.0,0.0,0.0,,,,,
store_1,2018-01-25,,,,0,,,0,0,,0,0.0,0.0,0.0,0.0,,,,,
store_1,2018-01-26,,,,0,,,0,0,,0,0.0,0.0,0.0,0.0,,,,,
store_1,2018-01-27,,,,0,,,0,0,,0,0.0,0.0,0.0,0.0,,,,,
store_1,2018-01-28,,,,0,,,0,0,,0,0.0,0.0,0.0,0.0,,,,,
store_1,2018-01-29,,,,0,,,0,0,,0,0.0,0.0,0.0,0.0,,,,,
store_1,2018-01-30,,,,0,,,0,0,,0,0.0,0.0,0.0,0.0,,,,,
store_1,2018-01-31,,,,0,,,0,0,,0,0.0,0.0,0.0,0.0,,,,,
store_1,2018-02-01,,,,0,,,0,0,,0,0.0,0.0,0.0,0.0,,,,,
store_1,2018-02-02,,,,0,,,0,0,,0,0.0,0.0,0.0,0.0,,,,,
store_1,2018-02-03,,,,0,,,0,0,,0,0.0,0.0,0.0,0.0,,,,,
store_1,2018-02-04,,,,0,,,0,0,,0,0.0,0.0,0.0,0.0,,,,,
store_1,2018-02-05,,,,0,,,0,0,,0,0.0,0.0,0.0,0.0,,,,,
store_1,2018-02-06,,,,0,,,0,0,,0,0.0,0.0,0.0,0.0,,,,,
store_1,2018-02-07,,,,0,,,0,0,,0,0.0,0.0,0.0,0.0,,,,,
store_1,2018-02-08,,,,0,,,0,0,,0,0.0,0.0,0.0,0.0,,,,,
store_1,2018-02-09,,,,0,,,0,0,,0,0.0,0.0,0.0,0.0,,,,,
store_1,2018-02-10,,,,0,,,0,0,,0,0.0,0.0,0.0,0.0,,,,,
store_1,2018-02-11,,,,0,,,0,0,,0,0.0,0.0,0.0,0.0,,,,,
store_1,2018-02-12,,,,0,,,0,0,,0,0.0,0.0,0.0,0.0,,,,,
store_1,2018-02-13,,,,0,,,135,0,,0,0.0,0.0,0.0,0.0,,,,,
store_1,2018-02-14,,,,0,,,90,0,,0,0.0,0.0,0.0,0.0,,,,,
store_1,2018-02-15,,,,0,,,40,0,,0,0.0,0.0,0.0,0.0,,,,,
store_1,2018-02-16,,,,0,,,94,7,,0,0.0,0.0,0.0,0.0,,,,,
store_1,2018-02-17,,,,0,,,1,18,,0,0.0,0.0,0.0,0.0,,,,,
store_1,2018-02-18,,,,0,,,0,47,,0,0.0,0.0,0.0,0.0,,,,,
store_1,2018-02-19,,,,0,,,0,160,,0,0.0,0.0,0.0,0.0,,,,,
store_1,2018-02-20,,,,0,,,0,25,,0,0.0,0.0,0.0,0.0,,,,,
store_1,2018-02-21,,,,0,,,0,0,,0,0.0,0.0,0.0,0.0,,,,,
store_1,2018-02-22,,,,0,,,0,0,,0,0.0,0.0,0.0,0.0,,,,,
store_1,2018-02-23,,,,0,,,0,0,,0,0.0,0.0,0.0,0.0,,,,,
store_1,2018-02-24,,,,0,,,0,0,,0,0.0,0.0,0.0,0.0,,,,,
store_1,2018-02-25,,,,0,,,0,0,,0,0.0,0.0,0.0,0.0,,,,,
store_1,2018-02-26,,,,0,,,0,0,,0,0.0,0.0,0.0,0.0,,,,,
store_1,2018-02-27,,,,0,,,0,0,,0,0.0,0.0,0.0,0.0,,,,,
store_1,2018-02-28,,,,0,,,0,0,,0,0.0,0.0,0.0,0.0,,,,,
store_1,2018-03-01,,,,0,,,0,0,,0,0.0,0.0,0.0,0.0,,,,,
store_1,2018-03-02,,,,0,,,0,0,,0,0.0,0.0,0.0,0.0,,,,,
store_1,2018-03-03,,,,0,,,0,0,,0,0.0,0.0,0.0,0.0,,,,,
store_1,2018-03-04,,,,0,,,0,0,,0,0.0,0.0,0.0,0.0,,,,,
store_1,2018-03-05,,,,0,,,0,0,,0,0.0,0.0,0.0,0.0,,,,,
store_1,2018-03-06,,,,0,,,0,0,,0,0.0,0.0,0.0,0.0,,,,,
store_1,2018-03-07,,,,0,,,0,0,,0,0.0,0.0,0.0,0.0,,,,,
store_1,2018-03-08,,,,0,,,0,0,,0,0.0,0.0,0.0,0.0,,,,,
store_1,2018-03-09,,,,0,,,0,0,,0,0.0,0.0,0.0,0.0,,,,,
store_1,2018-03-10,,,,0,,,0,0,,0,0.0,0.0,0.0,0.0,,,,,
store_1,2018-03-11,,,,0,,,0,0,,0,0.0,0.0,0.0,0.0,,,,,
store_1,2018-03-12,,,,0,,,0,0,,0,0.0,0.0,0.0,0.0,,,,,
store_1,2018-03-13,,,,0,,,0,0,,0,0.0,0.0,0.0,0.0,,,,,
store_1,2018-03-14,,,,0,,,0,0,,0,0.0,0.0,0.0,0.0,,,,,
store_1,2018-03-15,,,,0,,,9,0,,0,0.0,0.0,0.0,0.0,,,,,
store_1,2018-03-16,,,,0,,,10,0,,0,0.0,0.0,0.0,0.0,,,,,
store_1,2018-03-17,,,,0,,,90,0,,0,0.0,0.0,0.0,0.0,,,,,
store_1,2018-03-18,,,,0,,,24,0,,0,0.0,0.0,0.0,0.0,,,,,
store_1,2018-03-19,,,,0,,,0,0,,0,0.0,0.0,0.0,0.0,,,,,
store_1,2018-03-20,,,,0,,,0,0,,0,0.0,0.0,0.0,0.0,,,,,
store_1,2018-03-21,,,,0,,,0,0,,0,0.0,0.0,0.0,0.0,,,,,
store_1,2018-03-22,,,,0,,,0,0,,0,0.0,0.0,0.0,0.0,,,,,
store_1,2018-03-23,,,,0,,,0,0,,0,0.0,0.0,0.0,0.0,,,,,
store_1,2018-03-24,,,,0,,,0,0,,0,0.0,0.0,0.0,0.0,,,,,
store_1,2018-03-25,,,,0,,,0,0,,0,0.0,0.0,0.0,0.0,,,,,
store_1,2018-03-26,,,,0,,,0,0,,0,0.0,0.0,0.0,0.0,,,,,
store_1,2018-03-27,,,,0,,,0,0,,0,0.0,0.0,0.0,0.0,,,,,
store_1,2018-03-28,,,,0,,,0,0,,0,0.0,0.0,0.0,0.0,,,,,
store_1,2018-03-29,,,,0,,,69,0,,0,0.0,0.0,0.0,0.0,,,,,
store_1,2018-03-30,,,,0,,,74,11,,0,0.0,0.0,0.0,0.0,,,,,
store_1,2018-03-31,,,,0,,,4,70,,0,0.0,0.0,0.0,0.0,,,,,
store_1,2018-04-01,,,,0,,,94,24,,0,0.0,0.0,0.0,0.0,,,,,
store_1,2018-04-02,,,,0,,,118,11,,0,0.0,0.0,0.0,0.0,,,,,
store_1,2018-04-03,,,,0,,,80,11,,0,0.0,0.0,0.0,0.0,,,,,
store_1,2018-04-04,,,,0,,,5,11,,0,0.0,0.0,0.0,0.0,,,,,
store_1,2018-04-05,,,,0,,,9,0,,0,0.0,0.0,0.0,0.0,,,,,
store_1,2018-04-06,,,,0,,,74,0,,0,0.0,0.0,0.0,0.0,,,,,
store_1,2018-04-07,,,,0,,,4,0,,0,0.0,0.0,0.0,0.0,,,,,
store_1,2018-04-08,,,,0,,,94,0,,0,0.0,0.0,0.0,0.0,,,,,
store_1,2018-04-09,,,,0,,,118,0,,0,0.0,0.0,0.0,0.0,,,,,
store_1,2018-04-10,,,,0,,,80,0,,0,0.0,0.0,0.0,0.0,,,,,
store_1,2018-04-11,,,,0,,,5,0,,0,0.0,0.0,0.0,0.0,,,,,
store_1,2018-04-12,,,,0,,,5,0,,0,0.0,0.0,0.0,0.0,,,,,
store_1,2018-04-13,,,,0,,,0,0,,0,0.0,0.0,0.0,0.0,,,,,
store_1,2018-04-14,,,,0,,,0,0,,0,0.0,0.0,0.0,0.0,,,,,
store_1,2018-04-15,,,,0,,,0,0,,0,0.0,0.0,0.0,0.0,,,,,
store_1,2018-04-16,,,,0,,,0,0,,0,0.0,0.0,0.0,0.0,,,,,
store_1,2018-04-17,,,,0,,,0,0,,0,0.0,0.0,0.0,0.0,,,,,
store_1,2018-04-18,,,,0,,,0,0,,0,0.0,0.0,0.0,0.0,,,,,
store_1,2018-04-19,,,,0,,,0,0,,0,0.0,0.0,0.0,0.0,,,,,
store_1,2018-04-20,,,,0,,,0,0,,0,0.0,0.0,0.0,0.0,,,,,
store_1,2018-04-21,,,,0,,,0,0,,0,0.0,0.0,0.0,0.0,,,,,
store_1,2018-04-22,,,,0,,,0,0,,0,0.0,0.0,0.0,0.0,,,,,
store_1,2018-04-23,,,,0,,,0,0,,0,0.0,0.0,0.0,0.0,,,,,
store_1,2018-04-24,,,,0,,,0,0,,0,0.0,0.0,0.0,0.0,,,,,
store_1,2018-04-25,,,,0,,,0,0,,0,0.0,0.0,0.0,0.0,,,,,
store_1,2018-04-26,,,,0,,,0,0,,0,0.0,0.0,0.0,0.0,,,,,
store_1,2018-04-27,,,,0,,,0,0,,0,0.0,0.0,0.0,0.0,,,,,
store_1,2018-04-28,,,,0,,,0,0,,0,0.0,0.0,0.0,0.0,,,,,
store_1,2018-04-29,,,,0,,,0,0,,0,0.0,0.0,0.0,0.0,,,,,
store_1,2018-04-30,,,,0,,,0,0,,0,0.0,0.0,0.0,0.0,,,,,
store_1,2018-05-01,,,,0,,,0,0,,0,0.0,0.0,0.0,0.0,,,,,
store_1,2018-05-02,,,,0,,,0,0,,0,0.0,0.0,0.0,0.0,,,,,
store_1,2018-05-03,,,,0,,,0,0,,0,0.0,0.0,0.0,0.0,,,,,
store_1,2018-05-04,,,,0,,,0,0,,0,0.0,0.0,0.0,0.0,,,,,
store_1,2018-05-05,,,,0,,,70,0,,0,0.0,0.0,0.0,0.0,,,,,
store_1,2018-05-06,,,,0,,,0,0,,0,0.0,0.0,0.0,0.0,,,,,
store_1,2018-05-07,,,,0,,,0,0,,0,0.0,0.0,0.0,0.0,,,,,
store_1,2018-05-08,,,,0,,,65,0,,0,0.0,0.0,0.0,0.0,,,,,
store_1,2018-05-09,,,,0,,,0,0,,0,0.0,0.0,0.0,0.0,,,,,
store_1,2018-05-10,,,,0,,,4,0,,0,0.0,0.0,0.0,0.0,,,,,
store_1,2018-05-11,,,,0,,,4,0,,0,0.0,0.0,0.0,0.0,,,,,
store_1,2018-05-12,,,,0,,,4,0,,0,0.0,0.0,0.0,0.0,,,,,
store_1,2018-05-13,,,,0,,,90,0,,0,0.0,0.0,0.0,0.0,,,,,
store_1,2018-05-14,,,,0,,,28,0,,0,0.0,0.0,0.0,0.0,,,,,
store_1,2018-05-15,,,,0,,,25,0,,0,0.0,0.0,0.0,0.0,,,,,
store_1,2018-05-16,,,,0,,,0,0,,0,0.0,0.0,0.0,0.0,,,,,
store_1,2018-05-17,,,,0,,,0,0,,0,0.0,0.0,0.0,0.0,,,,,
store_1,2018-05-18,,,,0,,,65,0,,0,0.0,0.0,0.0,0.0,,,,,
store_1,2018-05-19,,,,0,,,0,0,,0,0.0,0.0,0.0,0.0,,,,,
store_1,2018-05-20,,,,0,,,70,0,,0,0.0,0.0,0.0,0.0,,,,,
store_1,2018-05-21,,,,0,,,0,0,,0,0.0,0.0,0.0,0.0,,,,,
store_1,2018-05-22,,,,0,,,0,0,,0,0.0,0.0,0.0,0.0,,,,,
store_1,2018-05-23,,,,0,,,0,0,,0,0.0,0.0,0.0,0.0,,,,,
store_1,2018-05-24,,,,0,,,0,0,,0,0.0,0.0,0.0,0.0,,,,,
store_1,2018-05-25,,,,0,,,65,7,,0,0.0,0.0,0.0,0.0,,,,,
store_1,2018-05-26,,,,0,,,0,18,,0,0.0,0.0,0.0,0.0,,,,,
store_1,2018-05-27,,,,0,,,0,47,,0,0.0,0.0,0.0,0.0,,,,,
store_1,2018-05-28,,,,0,,,0,160,,0,0.0,0.0,0.0,0.0,,,,,
store_1,2018-05-29,,,,0,,,65,25,,0,0.0,0.0,0.0,0.0,,,,,
store_1,2018-05-30,,,,0,,,0,0,,0,0.0,0.0,0.0,0.0,,,,,
store_1,2018-05-31,,,,0,,,0,0,,0,0.0,0.0,0.0,0.0,,,,,
store_1,2018-06-01,,,,0,,,0,0,,0,0.0,0.0,0.0,0.0,,,,,
store_1,2018-06-02,,,,0,,,0,0,,0,0.0,0.0,0.0,0.0,,,,,
store_1,2018-06-03,,,,0,,,0,0,,0,0.0,0.0,0.0,0.0,,,,,
store_1,2018-06-04,,,,0,,,0,0,,0,0.0,0.0,0.0,0.0,,,,,
store_1,2018-06-05,,,,0,,,0,0,,0,0.0,0.0,0.0,0.0,,,,,
store_1,2018-06-06,,,,0,,,0,0,,0,0.0,0.0,0.0,0.0,,,,,
store_1,2018-06-07,,,,0,,,0,0,,0,0.0,0.0,0.0,0.0,,,,,
store_1,2018-06-08,,,,0,,,0,0,,0,0.0,0.0,0.0,0.0,,,,,
store_1,2018-06-09,,,,0,,,0,0,,0,0.0,0.0,0.0,0.0,,,,,
store_1,2018-06-10,,,,0,,,0,0,,0,0.0,0.0,0.0,0.0,,,,,
store_1,2018-06-11,,,,0,,,0,0,,0,0.0,0.0,0.0,0.0,,,,,
store_1,2018-06-12,,,,0,,,0,0,,0,0.0,0.0,0.0,0.0,,,,,
store_1,2018-06-13,,,,0,,,0,0,,0,0.0,0.0,0.0,0.0,,,,,
store_1,2018-06-14,,,,0,,,74,0,,0,0.0,0.0,0.0,0.0,,,,,
store_1,2018-06-15,,,,0,,,4,0,,0,0.0,0.0,0.0,0.0,,,,,
store_1,2018-06-16,,,,0,,,4,0,,0,0.0,0.0,0.0,0.0,,,,,
store_1,2018-06-17,,,,0,,,90,0,,0,0.0,0.0,0.0,0.0,,,,,
store_1,2018-06-18,,,,0,,,28,0,,0,0.0,0.0,0.0,0.0,,,,,
store_1,2018-06-19,,,,0,,,25,0,,0,0.0,0.0,0.0,0.0,,,,,
store_1,2018-06-20,,,,0,,,0,0,,0,0.0,0.0,0.0,0.0,,,,,
store_1,2018-06-21,,,,0,,,0,0,,0,0.0,0.0,0.0,0.0,,,,,
store_1,2018-06-22,,,,0,,,0,0,,0,0.0,0.0,0.0,0.0,,,,,
store_1,2018-06-23,,,,0,,,0,0,,0,0.0,0.0,0.0,0.0,,,,,
store_1,2018-06-24,,,,0,,,0,0,,0,0.0,0.0,0.0,0.0,,,,,
store_1,2018-06-25,,,,0,,,0,0,,0,0.0,0.0,0.0,0.0,,,,,
store_1,2018-06-26,,,,0,,,0,0,,0,0.0,0.0,0.0,0.0,,,,,
store_1,2018-06-27,,,,0,,,0,0,,0,0.0,0.0,0.0,0.0,,,,,
store_1,2018-06-28,,,,0,,,0,0,,0,0.0,0.0,0.0,0.0,,,,,
store_1,2018-06-29,,,,0,,,0,0,,0,0.0,0.0,0.0,0.0,,,,,
store_1,2018-06-30,,,,0,,,0,0,,0,0.0,0.0,0.0,0.0,,,,,
store_1,2018-07-01,,,,0,,,0,4,,0,0.0,0.0,0.0,0.0,,,,,
store_1,2018-07-02,,,,0,,,0,31,,0,0.0,0.0,0.0,0.0,,,,,
store_1,2018-07-03,,,,0,,,0,67,,0,0.0,0.0,9.0,0.0,,,,,
store_1,2018-07-04,,,,0,,,0,160,,0,0.0,0.0,16.0,0.0,,,,,
store_1,2018-07-05,,,,0,,,0,0,,0,0.0,0.0,37.0,0.0,,,,,
store_1,2018-07-06,,,,0,,,0,0,,0,0.0,0.0,80.0,0.0,,,,,
store_1,2018-07-07,,,,0,,,0,0,,0,0.0,0.0,80.0,0.0,,,,,
store_1,2018-07-08,,,,0,,,0,0,,0,0.0,0.0,65.0,0.0,,,,,
store_1,2018-07-09,,,,0,,,0,0,,0,0.0,0.0,32.0,0.0,,,,,
store_1,2018-07-10,,,,0,,,0,0,,0,0.0,0.0,14.0,0.0,,,,,
store_1,2018-07-11,,,,0,,,0,0,,0,0.0,0.0,6.0,0.0,,,,,
store_1,2018-07-12,,,,0,,,0,0,,0,0.0,0.0,0.0,0.0,,,,,
store_1,2018-07-13,,,,0,,,0,0,,0,0.0,0.0,0.0,0.0,,,,,
store_1,2018-07-14,,,,0,,,0,0,,0,0.0,0.0,0.0,0.0,,,,,
store_1,2018-07-15,,,,0,,,0,0,,0,0.0,0.0,0.0,0.0,,,,,
store_1,2018-07-16,,,,0,,,0,0,,0,0.0,0.0,0.0,0.0,,,,,
store_1,2018-07-17,,,,0,,,0,0,,0,0.0,0.0,0.0,0.0,,,,,
store_1,2018-07-18,,,,0,,,0,0,,0,0.0,0.0,0.0,0.0,,,,,
store_1,2018-07-19,,,,0,,,0,0,,0,0.0,0.0,0.0,0.0,,,,,
store_1,2018-07-20,,,,0,,,0,0,,0,0.0,0.0,0.0,0.0,,,,,
store_1,2018-07-21,,,,0,,,0,0,,0,0.0,0.0,9.0,0.0,,,,,
store_1,2018-07-22,,,,0,,,0,0,,0,0.0,0.0,16.0,0.0,,,,,
store_1,2018-07-23,,,,0,,,0,0,,0,0.0,0.0,80.0,0.0,,,,,
store_1,2018-07-24,,,,0,,,0,0,,0,0.0,0.0,80.0,0.0,,,,,
store_1,2018-07-25,,,,0,,,0,0,,0,0.0,0.0,80.0,0.0,,,,,
store_1,2018-07-26,,,,0,,,0,0,,0,0.0,0.0,80.0,0.0,,,,,
store_1,2018-07-27,,,,0,,,65,0,,0,0.0,0.0,80.0,0.0,,,,,
store_1,2018-07-28,,,,0,,,0,0,,0,0.0,0.0,80.0,0.0,,,,,
store_1,2018-07-29,,,,0,,,0,0,,0,0.0,0.0,80.0,0.0,,,,,
store_1,2018-07-30,,,,0,,,0,0,,0,0.0,0.0,32.0,0.0,,,,,
store_1,2018-07-31,,,,0,,,0,0,,0,0.0,0.0,16.0,0.0,,,,,
store_1,2018-08-01,,,,0,,,0,0,,0,0.0,0.0,9.0,0.0,,,,,
store_1,2018-08-02,,,,0,,,0,0,,0,0.0,0.0,0.0,0.0,,,,,
store_1,2018-08-03,,,,0,,,0,0,,0,0.0,0.0,0.0,0.0,,,,,
store_1,2018-08-04,,,,0,,,70,0,,0,0.0,0.0,9.0,0.0,,,,,
store_1,2018-08-05,,,,0,,,0,0,,0,0.0,0.0,16.0,0.0,,,,,
store_1,2018-08-06,,,,0,,,0,0,,0,0.0,0.0,37.0,0.0,,,,,
store_1,2018-08-07,,,,0,,,0,0,,0,0.0,0.0,80.0,0.0,,,,,
store_1,2018-08-08,,,,0,,,0,0,,0,0.0,0.0,80.0,0.0,,,,,
store_1,2018-08-09,,,,0,,,0,0,,0,0.0,0.0,80.0,0.0,,,,,
store_1,2018-08-10,,,,0,,,0,0,,0,0.0,0.0,65.0,0.0,,,,,
store_1,2018-08-11,,,,0,,,0,0,,0,0.0,0.0,32.0,0.0,,,,,
store_1,2018-08-12,,,,0,,,0,0,,0,0.0,0.0,14.0,0.0,,,,,
store_1,2018-08-13,,,,0,,,0,0,,0,0.0,0.0,6.0,0.0,,,,,
store_1,2018-08-14,,,,0,,,0,0,,0,0.0,0.0,0.0,0.0,,,,,
store_1,2018-08-15,,,,0,,,0,0,,0,0.0,0.0,0.0,0.0,,,,,
store_1,2018-08-16,,,,0,,,0,0,,0,0.0,0.0,0.0,0.0,,,,,
store_1,2018-08-17,,,,0,,,0,0,,0,0.0,0.0,0.0,0.0,,,,,
store_1,2018-08-18,,,,0,,,0,0,,0,0.0,0.0,0.0,0.0,,,,,
store_1,2018-08-19,,,,0,,,0,0,,0,0.0,0.0,0.0,0.0,,,,,
store_1,2018-08-20,,,,0,,,0,0,,0,0.0,0.0,0.0,0.0,,,,,
store_1,2018-08-21,,,,0,,,0,0,,0,0.0,0.0,0.0,0.0,,,,,
store_1,2018-08-22,,,,0,,,70,0,,0,0.0,0.0,0.0,0.0,,,,,
store_1,2018-08-23,,,,0,,,0,0,,0,0.0,0.0,0.0,0.0,,,,,
store_1,2018-08-24,,,,0,,,0,0,,0,0.0,0.0,0.0,0.0,,,,,
store_1,2018-08-25,,,,0,,,0,0,,0,0.0,0.0,0.0,0.0,,,,,
store_1,2018-08-26,,,,0,,,0,0,,0,0.0,0.0,0.0,0.0,,,,,
store_1,2018-08-27,,,,0,,,0,0,,0,0.0,0.0,0.0,0.0,,,,,
store_1,2018-08-28,,,,0,,,0,0,,0,0.0,0.0,0.0,0.0,,,,,
store_1,2018-08-29,,,,0,,,0,0,,0,0.0,0.0,0.0,0.0,,,,,
store_1,2018-08-30,,,,0,,,0,0,,0,0.0,0.0,0.0,0.0,,,,,
store_1,2018-08-31,,,,0,,,0,7,,0,0.0,0.0,0.0,0.0,,,,,
store_1,2018-09-01,,,,0,,,0,7,,0,0.0,0.0,0.0,0.0,,,,,
store_1,2018-09-02,,,,0,,,70,36,,0,0.0,0.0,0.0,0.0,,,,,
store_1,2018-09-03,,,,0,,,0,90,,0,0.0,0.0,0.0,0.0,,,,,
store_1,2018-09-04,,,,0,,,0,13,,0,0.0,0.0,0.0,0.0,,,,,
store_1,2018-09-05,,,,0,,,0,0,,0,0.0,0.0,7.0,0.0,,,,,
store_1,2018-09-06,,,,0,,,0,0,,0,0.0,0.0,21.0,0.0,,,,,
store_1,2018-09-07,,,,0,,,0,0,,0,0.0,0.0,62.0,0.0,,,,,
store_1,2018-09-08,,,,0,,,0,0,,0,0.0,0.0,65.0,0.0,,,,,
store_1,2018-09-09,,,,0,,,0,70,,0,0.0,0.0,32.0,0.0,,,,,
store_1,2018-09-10,,,,0,,,0,14,,0,0.0,0.0,14.0,0.0,,,,,
store_1,2018-09-11,,,,0,,,0,6,,0,0.0,0.0,6.0,0.0,,,,,
store_1,2018-09-12,,,,0,,,0,0,,0,0.0,0.0,0.0,0.0,,,,,
store_1,2018-09-13,,,,0,,,0,0,,0,0.0,0.0,0.0,0.0,,,,,
store_1,2018-09-14,,,,0,,,0,0,,0,0.0,0.0,0.0,0.0,,,,,
store_1,2018-09-15,,,,0,,,0,0,,0,0.0,0.0,0.0,0.0,,,,,
store_1,2018-09-16,,,,0,,,0,0,,0,0.0,0.0,0.0,0.0,,,,,
store_1,2018-09-17,,,,0,,,65,0,,0,0.0,0.0,0.0,0.0,,,,,
store_1,2018-09-18,,,,0,,,70,0,,0,0.0,0.0,0.0,0.0,,,,,
store_1,2018-09-19,,,,0,,,0,0,,0,0.0,0.0,0.0,0.0,,,,,
store_1,2018-09-20,,,,0,,,0,0,,0,0.0,0.0,0.0,0.0,,,,,
store_1,2018-09-21,,,,0,,,0,0,,0,0.0,0.0,0.0,0.0,,,,,
store_1,2018-09-22,,,,0,,,0,0,,0,0.0,0.0,0.0,0.0,,,,,
store_1,2018-09-23,,,,0,,,0,0,,0,0.0,0.0,0.0,0.0,,,,,
store_1,2018-09-24,,,,0,,,0,0,,0,0.0,0.0,0.0,0.0,,,,,
store_1,2018-09-25,,,,0,,,0,0,,0,0.0,0.0,0.0,0.0,,,,,
store_1,2018-09-26,,,,0,,,0,0,,0,0.0,0.0,0.0,0.0,,,,,
store_1,2018-09-27,,,,0,,,4,0,,0,0.0,0.0,0.0,0.0,,,,,
store_1,2018-09-28,,,,0,,,4,0,,0,0.0,0.0,0.0,0.0,,,,,
store_1,2018-09-29,,,,0,,,4,0,,0,0.0,0.0,0.0,0.0,,,,,
store_1,2018-09-30,,,,0,,,90,0,,0,0.0,0.0,0.0,0.0,,,,,
store_1,2018-10-01,,,,0,,,28,0,,0,0.0,0.0,0.0,0.0,,,,,
store_1,2018-10-02,,,,0,,,25,0,,0,0.0,0.0,0.0,0.0,,,,,
store_1,2018-10-03,,,,0,,,0,0,,0,0.0,0.0,0.0,0.0,,,,,
store_1,2018-10-04,,,,0,,,0,0,,0,0.0,0.0,0.0,0.0,,,,,
store_1,2018-10-05,,,,0,,,0,14,,0,0.0,0.0,0.0,0.0,,,,,
store_1,2018-10-06,,,,0,,,0,14,,0,0.0,0.0,0.0,0.0,,,,,
store_1,2018-10-07,,,,0,,,0,72,,0,0.0,0.0,0.0,0.0,,,,,
store_1,2018-10-08,,,,0,,,0,180,,0,0.0,0.0,0.0,0.0,,,,,
store_1,2018-10-09,,,,0,,,0,26,,0,0.0,0.0,0.0,0.0,,,,,
store_1,2018-10-10,,,,0,,,0,0,,0,0.0,0.0,0.0,0.0,,,,,
store_1,2018-10-11,,,,0,,,0,0,,0,0.0,0.0,0.0,0.0,,,,,
store_1,2018-10-12,,,,0,,,0,0,,0,0.0,0.0,0.0,0.0,,,,,
store_1,2018-10-13,,,,0,,,70,0,,0,0.0,0.0,0.0,0.0,,,,,
store_1,2018-10-14,,,,0,,,0,0,,0,0.0,0.0,0.0,0.0,,,,,
store_1,2018-10-15,,,,0,,,65,0,,0,0.0,0.0,0.0,0.0,,,,,
store_1,2018-10-16,,,,0,,,0,0,,0,0.0,0.0,0.0,0.0,,,,,
store_1,2018-10-17,,,,0,,,0,0,,0,0.0,0.0,0.0,0.0,,,,,
store_1,2018-10-18,,,,0,,,0,0,,0,0.0,0.0,0.0,0.0,,,,,
store_1,2018-10-19,,,,0,,,0,0,,0,0.0,0.0,0.0,0.0,,,,,
store_1,2018-10-20,,,,0,,,0,0,,0,0.0,0.0,0.0,0.0,,,,,
store_1,2018-10-21,,,,0,,,0,0,,0,0.0,0.0,0.0,0.0,,,,,
store_1,2018-10-22,,,,0,,,0,0,,0,0.0,0.0,0.0,0.0,,,,,
store_1,2018-10-23,,,,0,,,0,0,,0,0.0,0.0,0.0,0.0,,,,,
store_1,2018-10-24,,,,0,,,0,0,,0,0.0,0.0,0.0,0.0,,,,,
store_1,2018-10-25,,,,0,,,0,0,,0,0.0,0.0,0.0,0.0,,,,,
store_1,2018-10-26,,,,0,,,0,0,,0,0.0,0.0,0.0,0.0,,,,,
store_1,2018-10-27,,,,0,,,0,0,,0,0.0,0.0,0.0,0.0,,,,,
store_1,2018-10-28,,,,0,,,0,0,,0,0.0,0.0,0.0,0.0,,,,,
store_1,2018-10-29,,,,0,,,0,0,,0,0.0,0.0,0.0,0.0,,,,,
store_1,2018-10-30,,,,0,,,0,0,,0,0.0,0.0,0.0,0.0,,,,,
store_1,2018-10-31,,,,0,,,90,0,,0,0.0,0.0,0.0,0.0,,,,,
store_1,2018-11-01,,,,0,,,69,0,,0,0.0,0.0,0.0,0.0,,,,,
store_1,2018-11-02,,,,0,,,69,0,,0,0.0,0.0,0.0,0.0,,,,,
store_1,2018-11-03,,,,0,,,0,0,,0,0.0,0.0,0.0,0.0,,,,,
store_1,2018-11-04,,,,0,,,0,0,,0,0.0,0.0,0.0,0.0,,,,,
store_1,2018-11-05,,,,0,,,0,0,,0,0.0,0.0,0.0,0.0,,,,,
store_1,2018-11-06,,,,0,,,0,0,,0,0.0,0.0,0.0,0.0,,,,,
store_1,2018-11-07,,,,0,,,70,0,,0,0.0,0.0,0.0,0.0,,,,,
store_1,2018-11-08,,,,0,,,4,0,,0,0.0,0.0,0.0,0.0,,,,,
store_1,2018-11-09,,,,0,,,4,7,,0,0.0,0.0,0.0,0.0,,,,,
store_1,2018-11-10,,,,0,,,4,7,,0,0.0,0.0,0.0,0.0,,,,,
store_1,2018-11-11,,,,0,,,90,126,,0,0.0,0.0,0.0,0.0,,,,,
store_1,2018-11-12,,,,0,,,28,95,,0,0.0,0.0,0.0,0.0,,,,,
store_1,2018-11-13,,,,0,,,25,13,,0,0.0,0.0,0.0,0.0,,,,,
store_1,2018-11-14,,,,0,,,0,0,,0,0.0,0.0,0.0,0.0,,,,,
store_1,2018-11-15,,,,0,,,0,0,,0,0.0,0.0,0.0,0.0,,,,,
store_1,2018-11-16,,,,0,,,0,0,,0,0.0,0.0,0.0,0.0,,,,,
store_1,2018-11-17,,,,0,,,0,0,,0,143270.0,0.0,0.0,0.0,,,,,
store_1,2018-11-18,,,,0,,,0,0,,0,143270.0,0.0,0.0,0.0,,,,,
store_1,2018-11-19,,,,0,,,0,18,,0,143270.0,0.0,0.0,0.0,,,,,
store_1,2018-11-20,,,,0,,,0,18,,0,143270.0,0.0,0.0,0.0,,,,,
store_1,2018-11-21,,,,0,,,70,49,,0,143270.0,0.0,0.0,0.0,,,,,
store_1,2018-11-22,,,,0,,,36,91,,0,186691.0,0.0,0.0,0.0,,,,,
store_1,2018-11-23,,,,0,,,90,70,,0,186691.0,0.0,0.0,0.0,,,,,
store_1,2018-11-24,,,,0,,,1,18,,0,186691.0,0.0,0.0,0.0,,,,,
store_1,2018-11-25,,,,0,,,4,4,,0,186691.0,0.0,0.0,0.0,,,,,
store_1,2018-11-26,,,,0,,,90,4,,0,0.0,0.0,0.0,0.0,,,,,
store_1,2018-11-27,,,,0,,,55,4,,0,0.0,0.0,0.0,0.0,,,,,
store_1,2018-11-28,,,,0,,,5,4,,0,0.0,0.0,0.0,0.0,,,,,
store_1,2018-11-29,,,,0,,,5,0,,0,0.0,0.0,0.0,0.0,,,,,
store_1,2018-11-30,,,,0,,,0,0,,0,0.0,0.0,0.0,0.0,,,,,
store_2,2017-01-09,,0.0,24662.0,120468,0.0,0.0,133,50,0.0,0,,,,,25350.0,0.0,0.0,0.0,0.0
store_2,2017-01-16,,0.0,84540.0,104279,0.0,0.0,0,103,0.0,0,,,,,7392.0,0.0,0.0,0.0,0.0
store_2,2017-01-23,,0.0,81037.0,100380,0.0,0.0,133,0,0.0,0,,,,,0.0,0.0,0.0,0.0,0.0
store_2,2017-01-30,,0.0,10703.0,122735,0.0,0.0,0,0,0.0,0,,,,,41877.0,0.0,0.0,0.0,0.0
store_2,2017-02-06,,5376.0,17714.0,218997,0.0,0.0,30,92,0.0,0,,,,,15638.0,0.0,0.0,0.0,0.0
store_2,2017-02-13,,95186.0,23227.0,31244,0.0,0.0,166,174,0.0,0,,,,,61660.0,0.0,180.0,0.0,0.0
store_2,2017-02-20,,0.0,29318.0,101841,0.0,0.0,65,185,0.0,0,,,,,41391.0,0.0,630.0,0.0,0.0
store_2,2017-02-27,,0.0,8513.0,136027,0.0,0.0,70,116,0.0,0,,,,,68639.0,0.0,0.0,0.0,0.0
store_2,2017-03-06,,0.0,51681.0,356764,0.0,0.0,0,0,0.0,0,,,,,0.0,0.0,0.0,0.0,0.0
store_2,2017-03-13,,0.0,72955.0,119648,0.0,0.0,127,93,0.0,0,,,,,6369.0,0.0,0.0,0.0,0.0
store_2,2017-03-20,,0.0,16656.0,124051,0.0,0.0,0,12,0.0,0,,,,,0.0,0.0,0.0,0.0,0.0
store_2,2017-03-27,,0.0,29120.0,171778,0.0,0.0,65,0,0.0,0,,,,,40988.0,0.0,0.0,0.0,0.0
store_2,2017-04-03,,0.0,627.0,104911,0.0,0.0,0,0,0.0,0,,,,,16978.0,0.0,180.0,0.0,0.0
store_2,2017-04-10,,0.0,352294.0,64294,0.0,0.0,348,0,0.0,0,,,,,83688.0,0.0,630.0,0.0,0.0
store_2,2017-04-17,,5100.0,686522.0,67527,0.0,0.0,261,0,0.0,0,,,,,7819.0,0.0,180.0,0.0,0.0
store_2,2017-04-24,,11500.0,17010.0,0,0.0,0.0,0,0,0.0,0,,,,,25350.0,0.0,0.0,0.0,0.0
store_2,2017-05-01,,0.0,16333.0,61224,0.0,0.0,70,0,0.0,0,,,,,0.0,0.0,0.0,0.0,0.0
store_2,2017-05-08,,0.0,5280.0,44565,0.0,0.0,232,0,0.0,0,,,,,0.0,0.0,0.0,0.0,0.0
store_2,2017-05-15,,0.0,85446.0,45058,0.0,0.0,118,0,0.0,0,,,,,7819.0,0.0,0.0,0.0,0.0
store_2,2017-05-22,,0.0,41226.0,0,0.0,0.0,65,50,0.0,0,,,,,50700.0,0.0,0.0,0.0,0.0
store_2,2017-05-29,,3741.0,25200.0,38928,0.0,0.0,70,103,0.0,0,,,,,13727.0,0.0,0.0,0.0,0.0
store_2,2017-06-05,,66220.0,38968.0,59036,0.0,0.0,0,0,0.0,0,,,,,56825.0,0.0,0.0,0.0,0.0
store_2,2017-06-12,,0.0,14569.0,2998,0.0,0.0,172,22,0.0,0,,,,,44950.0,0.0,0.0,0.0,0.0
store_2,2017-06-19,,10301.0,26144.0,50558,0.0,0.0,53,82,0.0,0,,,,,105.0,0.0,0.0,0.0,0.0
store_2,2017-06-26,,51500.0,30845.0,0,0.0,0.0,0,9,0.0,0,,,,,42486.0,0.0,360.0,0.0,0.0
store_2,2017-07-03,,0.0,1168.0,33150,0.0,0.0,0,97,0.0,0,,,,,25550.0,0.0,630.0,0.0,0.0
store_2,2017-07-10,,0.0,10752.0,100177,0.0,0.0,0,0,0.0,0,,,,,78150.0,0.0,630.0,0.0,0.0
store_2,2017-07-17,,0.0,2372.0,40227,0.0,0.0,0,0,0.0,0,,,,,103226.0,0.0,630.0,51.0,0.0
store_2,2017-07-24,,0.0,3610.0,0,0.0,0.0,65,0,0.0,0,,,,,129084.0,0.0,630.0,65.0,52.0
store_2,2017-07-31,,0.0,3278.0,0,0.0,0.0,70,0,0.0,0,,,,,99985.0,0.0,630.0,82.0,86.0
store_2,2017-08-07,,0.0,4988.0,30729,0.0,0.0,0,0,0.0,0,,,,,36731.0,0.0,630.0,82.0,86.0
store_2,2017-08-14,,0.0,12530.0,17040,0.0,0.0,70,0,0.0,0,,,,,51055.0,0.0,630.0,0.0,0.0
store_2,2017-08-21,,0.0,25822.0,31959,0.0,0.0,0,0,0.0,0,,,,,61840.0,0.0,630.0,65.0,0.0
store_2,2017-08-28,,0.0,5351.0,20445,0.0,0.0,70,50,0.0,0,,,,,20949.0,0.0,630.0,0.0,0.0
store_2,2017-09-04,,0.0,6560.0,12877,0.0,0.0,0,103,0.0,0,,,,,72312.0,0.0,360.0,0.0,0.0
store_2,2017-09-11,,0.0,4814.0,19052,0.0,0.0,65,0,0.0,0,,,,,140938.0,0.0,0.0,82.0,0.0
store_2,2017-09-18,,0.0,6562.0,60156,0.0,0.0,237,0,0.0,0,,,,,43567.0,0.0,0.0,65.0,0.0
store_2,2017-09-25,,0.0,0.0,23885,0.0,0.0,53,0,0.0,0,,,,,75604.0,0.0,0.0,0.0,0.0
store_2,2017-10-02,,0.0,210870.0,94896,0.0,156.0,0,122,0.0,0,,,,,51581.0,0.0,0.0,0.0,0.0
store_2,2017-10-09,,18974.0,49806.0,127002,0.0,78.0,135,288,0.0,0,,,,,68474.0,0.0,0.0,0.0,0.0
store_2,2017-10-16,,117411.0,20157.0,130418,0.0,0.0,70,0,0.0,0,,,,,41200.0,0.0,0.0,0.0,0.0
store_2,2017-10-23,,18060.0,37159.0,95538,0.0,0.0,30,0,0.0,0,,,,,19900.0,0.0,0.0,82.0,0.0
store_2,2017-10-30,,0.0,26225.0,226322,0.0,0.0,296,0,0.0,0,,,,,25509.0,0.0,0.0,32.0,0.0
store_2,2017-11-06,,0.0,12253.0,163321,0.0,0.0,133,388,65.0,0,,,,,50505.0,0.0,0.0,0.0,0.0
store_2,2017-11-13,,0.0,27001.0,110576,0.0,0.0,0,13,18.0,0,,,,,50895.0,0.0,0.0,0.0,0.0
store_2,2017-11-20,,0.0,31162.0,152252,0.0,2465.0,131,175,0.0,0,,,,,0.0,0.0,360.0,0.0,0.0
store_2,2017-11-27,,0.0,94942.0,199497,0.0,0.0,225,0,0.0,0,,,,,0.0,0.0,0.0,0.0,0.0
store_2,2017-12-04,,0.0,23868.0,176143,0.0,0.0,0,0,0.0,0,,,,,13000.0,0.0,0.0,0.0,0.0
store_2,2017-12-11,,0.0,0.0,159128,2387.0,0.0,210,0,0.0,0,,,,,85420.0,0.0,0.0,0.0,0.0
store_2,2017-12-18,,0.0,0.0,106697,1611.0,2382.0,102,72,0.0,0,,,,,157755.0,0.0,180.0,0.0,0.0
store_2,2017-12-25,,0.0,0.0,90509,0.0,4060.0,225,235,0.0,0,,,,,363987.0,0.0,630.0,0.0,0.0
store_2,2018-01-01,,0.0,27682.0,190069,0.0,2985.0,155,103,0.0,80,,,,,79586.0,0.0,90.0,0.0,0.0
store_2,2018-01-08,,0.0,67837.0,142969,0.0,2555.0,155,50,0.0,0,,,,,42665.0,0.0,0.0,0.0,0.0
store_2,2018-01-15,,0.0,33234.0,94482,0.0,2555.0,53,103,0.0,0,,,,,7819.0,0.0,0.0,0.0,0.0
store_2,2018-01-22,,0.0,87038.0,6345,0.0,1540.0,0,0,0.0,0,,,,,66861.0,0.0,0.0,0.0,0.0
store_2,2018-01-29,,0.0,10755.0,123699,0.0,532.0,0,0,0.0,0,,,,,25181.0,0.0,0.0,0.0,0.0
store_2,2018-02-05,,0.0,17714.0,101711,0.0,532.0,0,22,0.0,0,,,,,6532.0,0.0,0.0,0.0,0.0
store_2,2018-02-12,,0.0,17592.0,57991,0.0,532.0,360,154,0.0,80,,,,,59939.0,0.0,270.0,0.0,0.0
store_2,2018-02-19,,16950.0,14318.0,133869,0.0,532.0,0,185,0.0,0,,,,,86448.0,0.0,630.0,0.0,0.0
store_2,2018-02-26,,51834.0,28118.0,220070,0.0,304.0,0,0,0.0,0,,,,,52148.0,0.0,0.0,0.0,0.0
store_2,2018-03-05,,0.0,64742.0,401131,0.0,156.0,0,0,0.0,80,,,,,6145.0,0.0,0.0,0.0,0.0
store_2,2018-03-12,,0.0,79152.0,222577,0.0,680.0,133,0,0.0,0,,,,,63621.0,0.0,0.0,0.0,0.0
store_2,2018-03-19,,0.0,11888.0,136063,0.0,605.0,0,0,0.0,80,,,,,47455.0,0.0,0.0,0.0,0.0
store_2,2018-03-26,,0.0,446606.0,168985,0.0,1580.0,241,0,0.0,0,,,,,58875.0,0.0,270.0,0.0,0.0
store_2,2018-04-02,,0.0,869803.0,107441,0.0,2576.0,384,0,0.0,0,,,,,38881.0,0.0,630.0,0.0,0.0
store_2,2018-04-09,,0.0,26657.0,26257,0.0,0.0,208,0,0.0,0,,,,,31409.0,0.0,0.0,36.0,0.0
store_2,2018-04-16,,0.0,12911.0,9520,0.0,0.0,0,0,0.0,0,,,,,0.0,0.0,0.0,82.0,0.0
store_2,2018-04-23,,0.0,5375.0,0,0.0,0.0,0,0,0.0,0,,,,,8004.0,0.0,0.0,0.0,0.0
store_2,2018-04-30,,45450.0,6425.0,0,0.0,0.0,70,0,0.0,0,,,,,19737.0,0.0,0.0,0.0,0.0
store_2,2018-05-07,,47250.0,14475.0,33150,390.0,0.0,167,0,0.0,0,,,,,38014.0,0.0,0.0,0.0,0.0
store_2,2018-05-14,,0.0,15286.0,0,1508.0,792.0,188,0,0.0,0,,,,,6790.0,0.0,0.0,0.0,86.0
store_2,2018-05-21,,0.0,7382.0,0,1236.0,2299.0,65,50,0.0,0,,,,,25626.0,0.0,0.0,0.0,0.0
store_2,2018-05-28,,0.0,51200.0,0,0.0,3535.0,65,103,0.0,0,,,,,42994.0,0.0,0.0,0.0,0.0
store_2,2018-06-04,,0.0,18790.0,21787,380.0,3535.0,0,0,0.0,0,,,,,25160.0,0.0,0.0,0.0,0.0
store_2,2018-06-11,,0.0,43456.0,0,152.0,3915.0,172,0,0.0,0,,,,,55861.0,0.0,0.0,0.0,0.0
store_2,2018-06-18,,0.0,0.0,0,0.0,4067.0,53,116,0.0,0,,,,,71064.0,0.0,0.0,0.0,0.0
store_2,2018-06-25,,0.0,22765.0,0,0.0,4067.0,0,4,0.0,0,,,,,80589.0,0.0,450.0,0.0,0.0
store_2,2018-07-02,,0.0,9707.0,33150,0.0,4067.0,0,161,0.0,0,,,,,595.0,0.0,630.0,0.0,0.0
store_2,2018-07-09,,0.0,0.0,244000,0.0,4067.0,0,0,0.0,0,,,,,76370.0,0.0,630.0,0.0,0.0
store_2,2018-07-16,,0.0,3724.0,37520,0.0,4067.0,0,0,0.0,0,,,,,82175.0,0.0,630.0,0.0,0.0
store_2,2018-07-23,,0.0,33797.0,0,0.0,4067.0,65,0,0.0,0,,,,,29803.0,0.0,630.0,82.0,86.0
store_2,2018-07-30,,0.0,3424.0,23411,0.0,4067.0,70,0,0.0,0,,,,,39575.0,0.0,630.0,0.0,0.0
store_2,2018-08-06,,15151.0,15256.0,16859,0.0,4067.0,0,0,0.0,0,,,,,55457.0,0.0,630.0,11.0,86.0
store_2,2018-08-13,,750.0,17763.0,0,0.0,4067.0,0,0,0.0,0,,,,,259.0,0.0,630.0,82.0,0.0
store_2,2018-08-20,,0.0,22000.0,0,0.0,4067.0,70,0,0.0,0,,,,,98394.0,0.0,630.0,0.0,0.0
store_2,2018-08-27,,0.0,0.0,0,0.0,1078.0,70,50,0.0,0,,,,,56130.0,0.0,630.0,0.0,0.0
store_2,2018-09-03,,0.0,0.0,0,0.0,610.0,0,103,0.0,0,,,,,102210.0,0.0,270.0,0.0,0.0
store_2,2018-09-10,,10121.0,25222.0,0,0.0,152.0,0,0,0.0,0,,,,,39929.0,0.0,0.0,0.0,0.0
store_2,2018-09-17,,0.0,8089.0,36271,0.0,0.0,135,0,0.0,0,,,,,65676.0,0.0,0.0,0.0,0.0
store_2,2018-09-24,,0.0,37539.0,53099,0.0,0.0,102,0,0.0,0,,,,,42125.0,23455.0,0.0,82.0,0.0
store_2,2018-10-01,,10396.0,211674.0,69074,0.0,156.0,53,122,0.0,0,,,,,71787.0,0.0,0.0,0.0,0.0
store_2,2018-10-08,,0.0,49904.0,117428,0.0,78.0,70,288,0.0,0,,,,,81835.0,0.0,0.0,0.0,0.0
store_2,2018-10-15,,4081.0,6500.0,116875,0.0,0.0,65,0,0.0,0,,,,,84825.0,0.0,0.0,0.0,0.0
store_2,2018-10-22,,120240.0,8007.0,84950,0.0,0.0,0,0,0.0,0,,,,,73047.0,0.0,0.0,80.0,0.0
store_2,2018-10-29,,0.0,3610.0,119958,0.0,0.0,228,0,0.0,0,,,,,37013.0,0.0,0.0,0.0,0.0
store_2,2018-11-05,,11363.0,27434.0,83137,0.0,0.0,172,256,0.0,0,,,,,86388.0,23198.0,0.0,0.0,0.0
store_2,2018-11-12,,22575.0,38890.0,114615,0.0,0.0,53,108,65.0,80,,,,,37240.0,0.0,0.0,0.0,0.0
store_2,2018-11-19,,0.0,31077.0,169509,0.0,2469.0,201,175,0.0,0,,,,,8444.0,0.0,0.0,38.0,0.0
store_2,2018-11-26,,0.0,115693.0,86621,0.0,0.0,155,0,0.0,0,,,,,77761.0,0.0,0.0,80.0,0.0
store_2,2018-12-03,,0.0,3919.0,28528,0.0,0.0,70,0,0.0,0,,,,,5434.0,0.0,0.0,0.0,0.0
store_2,2018-12-10,,0.0,6250.0,100939,1212.0,0.0,140,0,0.0,0,,,,,35548.0,0.0,0.0,0.0,0.0
store_2,2018-12-17,,0.0,0.0,174759,2350.0,1650.0,74,59,0.0,0,,,,,53010.0,0.0,0.0,0.0,0.0
store_2,2018-12-24,,0.0,0.0,98601,0.0,4067.0,159,325,0.0,0,,,,,74709.0,0.0,0.0,0.0,0.0
store_2,2018-12-31,,0.0,3278.0,130797,0.0,2987.0,159,97,0.0,0,,,,,16423.0,0.0,0.0,0.0,0.0
store_2,2019-01-07,,12110.0,25617.0,96108,0.0,2555.0,159,0,0.0,0,,,,,0.0,0.0,0.0,0.0,0.0
store_2,2019-01-14,,4439.0,43286.0,82472,0.0,2555.0,155,50,0.0,0,,,,,0.0,0.0,0.0,0.0,0.0
store_2,2019-01-21,,13571.0,94640.0,129876,0.0,1925.0,0,103,0.0,0,,,,,25350.0,0.0,0.0,0.0,0.0
store_2,2019-01-28,,13436.0,17608.0,158086,0.0,532.0,30,0,0.0,0,,,,,16890.0,0.0,0.0,0.0,0.0
store_2,2019-02-04,,20847.0,22202.0,205051,0.0,532.0,166,0,0.0,0,,,,,6070.0,0.0,0.0,0.0,0.0
store_2,2019-02-11,,11531.0,94217.0,65126,0.0,532.0,104,188,0.0,0,,,,,91285.0,0.0,0.0,0.0,0.0
store_2,2019-02-18,,11531.0,29786.0,154118,0.0,532.0,0,185,0.0,0,,,,,31481.0,0.0,0.0,0.0,0.0
store_2,2019-02-25,,0.0,86560.0,148537,0.0,304.0,0,0,0.0,0,,,,,28008.0,0.0,0.0,0.0,0.0
store_2,2019-03-04,,0.0,74054.0,69371,0.0,0.0,135,0,0.0,0,,,,,50217.0,0.0,0.0,0.0,0.0
store_2,2019-03-11,,0.0,84507.0,160805,0.0,292.0,102,0,0.0,0,,,,,46228.0,0.0,0.0,0.0,0.0
store_2,2019-03-18,,0.0,58507.0,136127,0.0,1022.0,53,0,0.0,0,,,,,49237.0,0.0,0.0,0.0,0.0
store_2,2019-03-25,,6601.0,31479.0,109990,0.0,0.0,65,0,0.0,0,,,,,7548.0,0.0,0.0,0.0,0.0
store_2,2019-04-01,,39380.0,33953.0,224082,0.0,0.0,0,0,0.0,0,,,,,30232.0,0.0,0.0,0.0,0.0
store_2,2019-04-08,,0.0,21639.0,40617,0.0,136.0,0,0,0.0,0,,,,,41826.0,0.0,0.0,0.0,0.0
store_2,2019-04-15,,0.0,449155.0,52190,0.0,1565.0,176,0,0.0,0,,,,,0.0,0.0,0.0,0.0,0.0
store_2,2019-04-22,,0.0,882397.0,0,0.0,2541.0,384,0,0.0,0,,,,,24254.0,0.0,0.0,0.0,0.0
store_2,2019-04-29,,0.0,30549.0,0,0.0,0.0,278,0,0.0,0,,,,,13686.0,0.0,0.0,0.0,0.0
store_2,2019-05-06,,10301.0,96805.0,0,0.0,0.0,167,0,0.0,0,,,,,54331.0,0.0,0.0,0.0,0.0
store_2,2019-05-13,,31500.0,51560.0,0,2043.0,695.0,183,0,0.0,0,,,,,45998.0,0.0,0.0,0.0,0.0
store_2,2019-05-20,,0.0,30361.0,0,1105.0,3323.0,65,50,0.0,0,,,,,47174.0,0.0,0.0,0.0,0.0
store_2,2019-05-27,,0.0,49060.0,33150,0.0,3549.0,0,103,0.0,0,,,,,39507.0,7400.0,0.0,0.0,0.0
store_2,2019-06-03,,0.0,36468.0,21007,350.0,3549.0,140,0,0.0,0,,,,,13980.0,0.0,0.0,0.0,0.0
store_2,2019-06-10,,0.0,122681.0,33150,140.0,3899.0,172,0,0.0,0,,,,,384.0,0.0,0.0,0.0,0.0
store_2,2019-06-17,,0.0,22081.0,0,0.0,4039.0,53,97,0.0,0,,,,,64468.0,0.0,0.0,0.0,0.0
store_2,2019-06-24,,0.0,33065.0,0,0.0,4039.0,0,0,0.0,0,,,,,51374.0,51720.0,0.0,0.0,0.0
store_2,2019-07-01,,0.0,0.0,0,0.0,4039.0,0,175,0.0,0,,,,,28308.0,0.0,0.0,0.0,0.0
store_2,2019-07-08,,0.0,30349.0,244000,0.0,4039.0,0,0,0.0,0,,,,,65042.0,0.0,0.0,0.0,0.0
store_2,2019-07-15,,0.0,85743.0,28000,0.0,4039.0,0,0,0.0,0,,,,,20864.0,0.0,0.0,0.0,0.0
store_2,2019-07-22,,0.0,58332.0,0,0.0,4039.0,65,0,0.0,0,,,,,44939.0,0.0,0.0,0.0,0.0
store_2,2019-07-29,,15901.0,22252.0,0,0.0,4039.0,70,0,0.0,0,,,,,62426.0,0.0,0.0,0.0,0.0
store_2,2019-08-05,,21210.0,49980.0,0,0.0,4039.0,70,0,0.0,0,,,,,62700.0,0.0,0.0,0.0,0.0
store_2,2019-08-12,,15050.0,15014.0,0,0.0,4039.0,0,0,0.0,0,,,,,26094.0,0.0,0.0,0.0,86.0
store_2,2019-08-19,,0.0,0.0,0,0.0,4039.0,70,0,0.0,0,,,,,64464.0,0.0,0.0,0.0,86.0
store_2,2019-08-26,,0.0,0.0,0,0.0,1336.0,0,50,0.0,0,,,,,79918.0,22044.0,0.0,0.0,0.0
store_2,2019-09-02,,0.0,39718.0,6825,0.0,569.0,0,103,0.0,0,,,,,54250.0,0.0,0.0,0.0,86.0
store_2,2019-09-09,,0.0,24234.0,76555,0.0,490.0,0,0,0.0,0,,,,,40160.0,0.0,0.0,0.0,0.0
store_2,2019-09-16,,0.0,12471.0,32038,0.0,0.0,135,0,0.0,0,,,,,44276.0,0.0,0.0,0.0,0.0
store_2,2019-09-23,,0.0,36289.0,59292,0.0,0.0,102,0,0.0,0,,,,,73467.0,0.0,0.0,0.0,0.0
store_2,2019-09-30,,0.0,274488.0,73282,0.0,0.0,53,0,0.0,0,,,,,72544.0,0.0,0.0,0.0,0.0
store_2,2019-10-07,,50750.0,46217.0,62351,0.0,158.0,70,72,0.0,0,,,,,50522.0,0.0,0.0,0.0,0.0
store_2,2019-10-14,,78750.0,67791.0,89291,0.0,79.0,65,185,0.0,0,,,,,58024.0,0.0,0.0,0.0,0.0
store_2,2019-10-21,,0.0,44345.0,150815,0.0,0.0,70,0,0.0,0,,,,,31669.0,0.0,0.0,0.0,0.0
store_2,2019-10-28,,0.0,16084.0,133470,0.0,0.0,234,0,0.0,0,,,,,66812.0,0.0,0.0,0.0,0.0
store_2,2019-11-04,,0.0,17249.0,141517,0.0,0.0,74,50,65.0,0,,,,,15097.0,0.0,0.0,0.0,0.0
store_2,2019-11-11,,0.0,79682.0,114435,0.0,0.0,155,103,18.0,0,,,,,25562.0,0.0,0.0,0.0,0.0
store_2,2019-11-18,,0.0,27607.0,161728,0.0,335.0,0,0,0.0,0,,,,,33718.0,0.0,0.0,0.0,0.0
store_2,2019-11-25,,0.0,30971.0,140921,0.0,2119.0,131,175,0.0,23,,,,,6887.0,0.0,0.0,0.0,0.0
store_2,2019-12-02,,0.0,125184.0,143121,0.0,0.0,155,0,0.0,80,,,,,30509.0,0.0,0.0,0.0,0.0
store_2,2019-12-09,,0.0,57706.0,39201,1120.0,0.0,140,0,0.0,0,,,,,65535.0,0.0,0.0,0.0,0.0
store_2,2019-12-16,,0.0,7295.0,144325,2412.0,1560.0,30,13,0.0,0,,,,,560.0,0.0,0.0,0.0,0.0
store_2,2019-12-23,,0.0,0.0,25526,0.0,577.0,100,34,0.0,0,,,,,2500.0,0.0,0.0,0.0,0.0
store_3,2017-01-09,0.0,0.0,24662.0,120468,0.0,0.0,133,50,0.0,0,,0.0,,,,0.0,,0.0,0.0
store_3,2017-01-16,15500.0,0.0,84540.0,104279,0.0,0.0,0,103,0.0,0,,0.0,,,,0.0,,0.0,0.0
store_3,2017-01-23,0.0,0.0,81037.0,100380,0.0,0.0,133,0,0.0,0,,0.0,,,,0.0,,0.0,0.0
store_3,2017-01-30,0.0,0.0,10703.0,122735,0.0,0.0,0,0,0.0,0,,0.0,,,,0.0,,0.0,0.0
store_3,2017-02-06,0.0,5376.0,17714.0,218997,0.0,0.0,30,92,0.0,0,,2250.0,,,,0.0,,0.0,0.0
store_3,2017-02-13,0.0,95186.0,23227.0,31244,0.0,0.0,166,196,0.0,0,,5900.0,,,,0.0,,0.0,0.0
store_3,2017-02-20,0.0,0.0,29318.0,101841,0.0,0.0,65,267,0.0,0,,0.0,,,,0.0,,0.0,0.0
store_3,2017-02-27,0.0,0.0,27493.0,136027,0.0,0.0,70,116,0.0,0,,0.0,,,,0.0,,0.0,0.0
store_3,2017-03-06,0.0,0.0,52386.0,356764,0.0,0.0,0,0,0.0,0,,0.0,,,,0.0,,0.0,0.0
store_3,2017-03-13,0.0,0.0,72955.0,119648,0.0,0.0,127,93,0.0,0,,0.0,,,,0.0,,0.0,0.0
store_3,2017-03-20,0.0,0.0,16656.0,124051,0.0,0.0,0,12,0.0,0,,0.0,,,,0.0,,0.0,0.0
store_3,2017-03-27,0.0,0.0,23120.0,171778,0.0,0.0,65,0,0.0,0,,8909.0,,,,0.0,,0.0,0.0
store_3,2017-04-03,0.0,0.0,627.0,104911,0.0,0.0,0,0,0.0,0,,1051.0,,,,0.0,,0.0,0.0
store_3,2017-04-10,0.0,0.0,352294.0,64294,0.0,0.0,348,93,0.0,0,,40913.0,,,,0.0,,0.0,0.0
store_3,2017-04-17,0.0,5100.0,686522.0,67527,0.0,0.0,261,12,0.0,0,,0.0,,,,0.0,,0.0,0.0
store_3,2017-04-24,0.0,11500.0,17010.0,0,0.0,0.0,0,0,0.0,0,,0.0,,,,0.0,,0.0,0.0
store_3,2017-05-01,0.0,0.0,16333.0,61224,0.0,0.0,70,0,0.0,0,,0.0,,,,0.0,,0.0,0.0
store_3,2017-05-08,0.0,0.0,5280.0,44565,0.0,0.0,232,0,0.0,0,,0.0,,,,0.0,,0.0,0.0
store_3,2017-05-15,0.0,0.0,85446.0,45058,0.0,0.0,118,0,0.0,0,,127273.0,,,,0.0,,0.0,0.0
store_3,2017-05-22,14200.0,0.0,13632.0,0,0.0,0.0,65,50,0.0,0,,15001.0,,,,0.0,,0.0,0.0
store_3,2017-05-29,1300.0,3741.0,25200.0,38928,0.0,0.0,70,103,0.0,0,,0.0,,,,0.0,,0.0,0.0
store_3,2017-06-05,0.0,66220.0,38968.0,59036,0.0,0.0,0,0,0.0,0,,0.0,,,,0.0,,0.0,0.0
store_3,2017-06-12,31000.0,0.0,14569.0,2998,0.0,0.0,172,22,0.0,0,,11600.0,,,,0.0,,0.0,0.0
store_3,2017-06-19,62000.0,10301.0,26144.0,50558,0.0,0.0,53,82,0.0,0,,2901440.0,,,,0.0,,0.0,0.0
store_3,2017-06-26,31000.0,51500.0,30845.0,0,0.0,0.0,0,9,0.0,0,,360000.0,,,,0.0,,0.0,0.0
store_3,2017-07-03,31200.0,0.0,418.0,33150,0.0,0.0,0,97,0.0,0,,0.0,,,,0.0,,0.0,0.0
store_3,2017-07-10,70720.0,0.0,11252.0,39177,0.0,0.0,0,0,0.0,0,,0.0,,,,0.0,,0.0,0.0
store_3,2017-07-17,93580.0,0.0,2372.0,33227,0.0,0.0,0,0,0.0,0,,0.0,,,,0.0,,51.0,0.0
store_3,2017-07-24,62000.0,0.0,3610.0,0,0.0,0.0,65,0,0.0,0,,0.0,,,,0.0,,65.0,52.0
store_3,2017-07-31,76200.0,0.0,5435.0,0,0.0,0.0,70,0,0.0,0,,0.0,,,,0.0,,82.0,86.0
store_3,2017-08-07,94300.0,0.0,8269.0,30729,0.0,0.0,0,0,0.0,0,,0.0,,,,0.0,,82.0,86.0
store_3,2017-08-14,95352.0,0.0,11946.0,17040,0.0,0.0,70,0,0.0,0,,0.0,,,,0.0,,0.0,0.0
store_3,2017-08-21,99328.0,0.0,18473.0,31959,0.0,0.0,0,0,0.0,0,,31785.0,,,,0.0,,65.0,0.0
store_3,2017-08-28,90200.0,0.0,5351.0,20445,0.0,0.0,70,50,0.0,0,,16300.0,,,,0.0,,0.0,0.0
store_3,2017-09-04,47800.0,0.0,6560.0,12877,0.0,0.0,0,103,0.0,0,,7390.0,,,,0.0,,0.0,0.0
store_3,2017-09-11,19700.0,0.0,22292.0,19052,0.0,0.0,65,0,0.0,0,,660.0,,,,0.0,,82.0,0.0
store_3,2017-09-18,42300.0,0.0,9054.0,60156,0.0,0.0,237,0,0.0,0,,0.0,,,,0.0,,65.0,0.0
store_3,2017-09-25,15500.0,0.0,0.0,23885,0.0,0.0,53,0,0.0,0,,16546.0,,,,0.0,,0.0,0.0
store_3,2017-10-02,31000.0,0.0,210870.0,94896,0.0,156.0,0,144,0.0,0,,1950.0,,,,0.0,,0.0,0.0
store_3,2017-10-09,62000.0,0.0,26806.0,127002,0.0,78.0,135,370,0.0,0,,0.0,,,,0.0,,0.0,0.0
store_3,2017-10-16,15500.0,4200.0,18600.0,130418,0.0,0.0,70,0,0.0,0,,8150.0,,,,0.0,,0.0,0.0
store_3,2017-10-23,31000.0,18060.0,46596.0,95538,0.0,0.0,30,0,0.0,0,,19656.0,,,,0.0,,82.0,0.0
store_3,2017-10-30,15500.0,0.0,29976.0,226322,0.0,0.0,296,0,0.0,0,,0.0,,,,0.0,,32.0,0.0
store_3,2017-11-06,31000.0,0.0,12253.0,163321,0.0,0.0,133,504,65.0,0,,0.0,,,,0.0,,0.0,0.0
store_3,2017-11-13,1300.0,0.0,14001.0,110576,0.0,0.0,0,13,18.0,0,,14500.0,,,,0.0,,0.0,0.0
store_3,2017-11-20,14200.0,0.0,31162.0,152252,0.0,2501.0,131,175,0.0,0,,5706800.0,,,,0.0,,0.0,0.0
store_3,2017-11-27,72871.0,0.0,94942.0,199497,0.0,0.0,225,0,0.0,0,,14080.0,,,,0.0,,0.0,0.0
store_3,2017-12-04,98675.0,0.0,23868.0,176143,0.0,0.0,0,0,0.0,0,,50003.0,,,,0.0,,0.0,0.0
store_3,2017-12-11,67675.0,0.0,0.0,159128,1931.0,0.0,210,0,0.0,0,,22130.0,,,,0.0,,0.0,0.0
store_3,2017-12-18,67675.0,0.0,0.0,106697,1535.0,2130.0,102,94,0.0,0,,6647.0,,,,0.0,,0.0,0.0
store_3,2017-12-25,53475.0,0.0,0.0,90509,0.0,4004.0,225,317,0.0,0,,0.0,,,,0.0,,0.0,0.0
store_3,2018-01-01,52175.0,0.0,27682.0,190069,0.0,2929.0,155,103,0.0,80,,0.0,,,,0.0,,0.0,0.0
store_3,2018-01-08,1060.0,0.0,67837.0,142969,0.0,2499.0,155,50,0.0,0,,0.0,,,,0.0,,0.0,0.0
store_3,2018-01-15,0.0,0.0,33234.0,94482,0.0,2499.0,53,103,0.0,0,,0.0,,,,0.0,,0.0,0.0
store_3,2018-01-22,0.0,0.0,87038.0,6345,0.0,1008.0,0,0,0.0,0,,16250.0,,,,0.0,,0.0,0.0
store_3,2018-01-29,0.0,0.0,10755.0,123699,0.0,0.0,0,0,0.0,0,,11528.0,,,,0.0,,0.0,0.0
store_3,2018-02-05,0.0,0.0,17714.0,101711,0.0,0.0,0,22,0.0,0,,0.0,,,,0.0,,0.0,0.0
store_3,2018-02-12,0.0,0.0,17592.0,57991,0.0,0.0,360,176,0.0,80,,0.0,,,,0.0,,0.0,0.0
store_3,2018-02-19,0.0,16950.0,17758.0,133869,0.0,0.0,0,267,0.0,0,,17028.0,,,,0.0,,0.0,0.0
store_3,2018-02-26,14200.0,51834.0,33352.0,220070,0.0,0.0,0,0,0.0,0,,0.0,,,,0.0,,80.0,0.0
store_3,2018-03-05,15500.0,0.0,62585.0,401131,0.0,292.0,0,0,0.0,80,,25959.0,,,,0.0,,14.0,0.0
store_3,2018-03-12,15500.0,0.0,75871.0,222577,0.0,1156.0,133,0,0.0,0,,0.0,,,,0.0,,0.0,0.0
store_3,2018-03-19,15500.0,0.0,11888.0,136063,0.0,605.0,0,0,0.0,80,,0.0,,,,0.0,,0.0,0.0
store_3,2018-03-26,15500.0,0.0,446606.0,168985,0.0,1352.0,241,93,0.0,0,,0.0,,,,0.0,,0.0,0.0
store_3,2018-04-02,15500.0,0.0,869678.0,107441,0.0,2044.0,384,12,0.0,0,,0.0,,,,0.0,,0.0,0.0
store_3,2018-04-09,15500.0,0.0,20782.0,26257,0.0,0.0,208,0,0.0,0,,0.0,,,,0.0,,36.0,0.0
store_3,2018-04-16,40322.0,0.0,12286.0,9520,0.0,0.0,0,0,0.0,0,,17400.0,,,,0.0,,82.0,0.0
store_3,2018-04-23,15500.0,0.0,0.0,0,0.0,0.0,0,0,0.0,0,,24884.0,,,,0.0,,0.0,0.0
store_3,2018-04-30,31000.0,45450.0,175.0,0,0.0,0.0,70,0,0.0,0,,8575.0,,,,0.0,,0.0,0.0
store_3,2018-05-07,31000.0,47250.0,14475.0,33150,390.0,136.0,167,0,0.0,0,,514.0,,,,0.0,,0.0,86.0
store_3,2018-05-14,15500.0,0.0,15286.0,0,1508.0,1268.0,188,0,0.0,0,,0.0,,,,0.0,,0.0,86.0
store_3,2018-05-21,16800.0,0.0,7382.0,0,1236.0,2775.0,65,50,0.0,0,,0.0,,,,0.0,,0.0,0.0
store_3,2018-05-28,15700.0,0.0,24950.0,0,0.0,4011.0,65,103,0.0,0,,18300.0,,,,0.0,,0.0,0.0
store_3,2018-06-04,46500.0,0.0,18790.0,21787,0.0,4011.0,0,0,0.0,0,,127273.0,,,,29600.0,,0.0,0.0
store_3,2018-06-11,46700.0,0.0,43456.0,0,0.0,4011.0,172,0,0.0,0,,15001.0,,,,0.0,,0.0,0.0
store_3,2018-06-18,92225.0,0.0,0.0,0,0.0,4011.0,53,116,0.0,0,,2900000.0,,,,0.0,,0.0,0.0
store_3,2018-06-25,62000.0,0.0,22765.0,0,0.0,4011.0,0,4,0.0,0,,360000.0,,,,0.0,,0.0,0.0
store_3,2018-07-02,76400.0,0.0,9707.0,33150,0.0,4011.0,0,161,0.0,0,,0.0,,,,0.0,,0.0,0.0
store_3,2018-07-09,78800.0,0.0,0.0,0,0.0,4011.0,0,0,0.0,0,,0.0,,,,0.0,,0.0,0.0
store_3,2018-07-16,77500.0,0.0,3724.0,9520,0.0,4011.0,0,0,0.0,0,,0.0,,,,0.0,,0.0,0.0
store_3,2018-07-23,77500.0,0.0,33797.0,0,0.0,4011.0,65,0,0.0,0,,0.0,,,,0.0,,82.0,86.0
store_3,2018-07-30,77500.0,0.0,3424.0,23411,0.0,4011.0,70,0,0.0,0,,0.0,,,,0.0,,0.0,0.0
store_3,2018-08-06,77500.0,15151.0,15256.0,16859,0.0,4011.0,0,0,0.0,0,,0.0,,,,0.0,,11.0,86.0
store_3,2018-08-13,77500.0,750.0,17763.0,0,0.0,4011.0,0,0,0.0,0,,0.0,,,,0.0,,82.0,0.0
store_3,2018-08-20,93000.0,0.0,22000.0,0,0.0,4011.0,70,0,0.0,0,,0.0,,,,0.0,,0.0,0.0
store_3,2018-08-27,77500.0,0.0,0.0,0,0.0,1022.0,70,50,0.0,0,,0.0,,,,0.0,,0.0,0.0
store_3,2018-09-03,77500.0,0.0,0.0,0,0.0,214.0,0,103,0.0,0,,163000.0,,,,0.0,,0.0,0.0
store_3,2018-09-10,61600.0,0.0,25222.0,0,0.0,0.0,0,0,0.0,0,,0.0,,,,0.0,,0.0,0.0
store_3,2018-09-17,30800.0,0.0,8089.0,36271,0.0,0.0,135,0,0.0,0,,17818.0,,,,0.0,,11.0,0.0
store_3,2018-09-24,15500.0,0.0,40089.0,53099,0.0,0.0,102,0,0.0,0,,2101.0,,,,23455.0,,82.0,0.0
store_3,2018-10-01,31000.0,0.0,230374.0,69074,0.0,156.0,53,144,0.0,0,,0.0,,,,0.0,,0.0,0.0
store_3,2018-10-08,31000.0,0.0,24704.0,117428,0.0,78.0,70,370,0.0,0,,0.0,,,,0.0,,0.0,0.0
store_3,2018-10-15,0.0,4081.0,250.0,116875,0.0,0.0,65,0,0.0,0,,0.0,,,,0.0,,0.0,0.0
store_3,2018-10-22,14200.0,120240.0,7775.0,84950,0.0,0.0,0,0,0.0,0,,32600.0,,,,0.0,,80.0,0.0
store_3,2018-10-29,1300.0,0.0,31431.0,119958,0.0,0.0,228,0,0.0,0,,32600.0,,,,0.0,,0.0,0.0
store_3,2018-11-05,29700.0,1275.0,23059.0,83137,0.0,0.0,172,372,65.0,0,,0.0,,,,23198.0,,0.0,0.0
store_3,2018-11-12,1300.0,22575.0,32640.0,114615,0.0,0.0,53,108,65.0,80,,0.0,,,,0.0,,0.0,0.0
store_3,2018-11-19,0.0,0.0,31077.0,169509,0.0,2505.0,201,175,0.0,0,,5705000.0,,,,0.0,,38.0,0.0
store_3,2018-11-26,147647.0,5721.0,115693.0,86621,0.0,0.0,155,0,0.0,0,,23686.0,,,,0.0,,80.0,0.0
store_3,2018-12-03,17457.0,4100.0,3919.0,28528,0.0,0.0,70,0,0.0,0,,0.0,,,,0.0,,0.0,0.0
store_3,2018-12-10,127658.0,0.0,0.0,100939,908.0,0.0,140,0,0.0,0,,0.0,,,,0.0,,0.0,0.0
store_3,2018-12-17,143158.0,0.0,0.0,174759,2122.0,1482.0,74,59,0.0,0,,0.0,,,,0.0,,0.0,0.0
store_3,2018-12-24,127658.0,0.0,0.0,98601,0.0,4011.0,159,441,0.0,0,,12500.0,,,,0.0,,0.0,0.0
store_3,2018-12-31,127658.0,0.0,3278.0,130797,0.0,2931.0,159,97,0.0,0,,58250.0,,,,0.0,,0.0,0.0
store_3,2019-01-07,18032.0,0.0,19867.0,96108,0.0,2499.0,159,0,0.0,0,,0.0,,,,0.0,,0.0,0.0
store_3,2019-01-14,0.0,4439.0,42786.0,82472,0.0,2499.0,155,50,0.0,0,,0.0,,,,0.0,,0.0,0.0
store_3,2019-01-21,0.0,13571.0,94640.0,129876,0.0,1869.0,0,103,0.0,0,,0.0,,,,0.0,,0.0,0.0
store_3,2019-01-28,0.0,13436.0,11358.0,158086,0.0,0.0,30,0,0.0,0,,0.0,,,,0.0,,0.0,0.0
store_3,2019-02-04,0.0,20847.0,22202.0,205051,0.0,0.0,166,0,0.0,0,,0.0,,,,0.0,,0.0,0.0
store_3,2019-02-11,0.0,0.0,87217.0,65126,0.0,0.0,104,210,0.0,0,,0.0,,,,0.0,,0.0,0.0
store_3,2019-02-18,0.0,0.0,35645.0,154118,0.0,0.0,0,267,0.0,0,,0.0,,,,0.0,,0.0,0.0
store_3,2019-02-25,200.0,0.0,89059.0,148537,0.0,0.0,0,0,0.0,0,,0.0,,,,0.0,,0.0,0.0
store_3,2019-03-04,15300.0,0.0,68554.0,69371,0.0,0.0,135,0,0.0,0,,0.0,,,,0.0,,0.0,0.0
store_3,2019-03-11,0.0,0.0,74143.0,160805,0.0,428.0,102,0,0.0,0,,0.0,,,,0.0,,0.0,0.0
store_3,2019-03-18,0.0,0.0,48617.0,136127,0.0,1498.0,53,0,0.0,0,,0.0,,,,0.0,,0.0,0.0
store_3,2019-03-25,15500.0,6601.0,22358.0,109990,0.0,0.0,65,0,0.0,0,,0.0,,,,0.0,,0.0,0.0
store_3,2019-04-01,15500.0,39380.0,33953.0,224082,0.0,0.0,0,0,0.0,0,,9150.0,,,,0.0,,0.0,0.0
store_3,2019-04-08,0.0,0.0,13000.0,40617,0.0,136.0,0,0,0.0,0,,27750.0,,,,0.0,,0.0,0.0
store_3,2019-04-15,0.0,0.0,446284.0,52190,0.0,1355.0,176,93,0.0,0,,48000.0,,,,0.0,,0.0,0.0
store_3,2019-04-22,31000.0,0.0,882397.0,0,0.0,2051.0,384,12,0.0,0,,48000.0,,,,0.0,,0.0,0.0
store_3,2019-04-29,200.0,0.0,30549.0,0,0.0,0.0,278,0,0.0,0,,2475.0,,,,0.0,,0.0,0.0
store_3,2019-05-06,35000.0,0.0,96805.0,0,0.0,0.0,167,0,0.0,0,,0.0,,,,0.0,,0.0,0.0
store_3,2019-05-13,42300.0,0.0,54493.0,0,2043.0,831.0,183,0,0.0,0,,17843.0,,,,0.0,,0.0,0.0
store_3,2019-05-20,15500.0,0.0,32747.0,0,1105.0,3799.0,65,50,0.0,0,,1200.0,,,,0.0,,0.0,0.0
store_3,2019-05-27,15700.0,0.0,48818.0,33150,0.0,4025.0,0,103,0.0,0,,0.0,,,,7400.0,,0.0,0.0
store_3,2019-06-03,31000.0,0.0,28903.0,21007,0.0,4025.0,140,0,0.0,0,,16546.0,,,,0.0,,0.0,0.0
store_3,2019-06-10,35200.0,0.0,119810.0,33150,0.0,4025.0,172,0,0.0,0,,64450.0,,,,0.0,,0.0,0.0
store_3,2019-06-17,45400.0,0.0,21331.0,0,0.0,4025.0,53,97,0.0,0,,1000000.0,,,,0.0,,0.0,0.0
store_3,2019-06-24,46500.0,0.0,27565.0,0,0.0,4025.0,0,0,0.0,0,,1000000.0,,,,51720.0,,0.0,0.0
store_3,2019-07-01,15500.0,0.0,0.0,0,0.0,4025.0,0,175,0.0,0,,51563.0,,,,0.0,,0.0,0.0
store_3,2019-07-08,29700.0,0.0,24099.0,0,0.0,4025.0,0,0,0.0,0,,0.0,,,,0.0,,0.0,0.0
store_3,2019-07-15,48000.0,0.0,25743.0,0,0.0,4025.0,0,0,0.0,0,,0.0,,,,0.0,,0.0,0.0
store_3,2019-07-22,46500.0,0.0,47641.0,0,0.0,4025.0,65,0,0.0,0,,0.0,,,,0.0,,0.0,0.0
store_3,2019-07-29,49600.0,15901.0,21563.0,0,0.0,4025.0,70,0,0.0,0,,0.0,,,,0.0,,0.0,0.0
store_3,2019-08-05,31000.0,0.0,44804.0,0,0.0,4025.0,70,0,0.0,0,,725000.0,,,,0.0,,82.0,86.0
store_3,2019-08-12,49600.0,0.0,15014.0,0,0.0,4025.0,0,0,0.0,0,,90000.0,,,,0.0,,0.0,86.0
store_3,2019-08-19,46100.0,0.0,0.0,0,0.0,4025.0,70,0,0.0,0,,0.0,,,,0.0,,0.0,86.0
store_3,2019-08-26,47100.0,0.0,0.0,0,0.0,1322.0,0,50,0.0,0,,0.0,,,,22044.0,,0.0,0.0
store_3,2019-09-02,92800.0,0.0,39718.0,6825,0.0,215.0,0,103,0.0,0,,163000.0,,,,0.0,,0.0,86.0
store_3,2019-09-09,61600.0,0.0,24234.0,76555,0.0,0.0,0,0,0.0,0,,0.0,,,,0.0,,0.0,0.0
store_3,2019-09-16,31000.0,0.0,12471.0,32038,0.0,0.0,135,0,0.0,0,,0.0,,,,0.0,,0.0,0.0
store_3,2019-09-23,31000.0,0.0,18789.0,59292,0.0,0.0,102,0,0.0,0,,0.0,,,,0.0,,0.0,0.0
store_3,2019-09-30,31000.0,0.0,295738.0,73282,0.0,0.0,53,0,0.0,0,,24450.0,,,,0.0,,0.0,0.0
store_3,2019-10-07,0.0,50750.0,46217.0,62351,0.0,158.0,70,94,0.0,0,,24450.0,,,,0.0,,0.0,0.0
store_3,2019-10-14,0.0,78750.0,42591.0,89291,0.0,79.0,65,267,0.0,0,,40750.0,,,,0.0,,0.0,0.0
store_3,2019-10-21,14200.0,0.0,38095.0,150815,0.0,0.0,70,0,0.0,0,,24450.0,,,,0.0,,0.0,0.0
store_3,2019-10-28,32300.0,0.0,10084.0,133470,0.0,0.0,234,0,0.0,0,,16300.0,,,,0.0,,0.0,0.0
store_3,2019-11-04,15500.0,0.0,17249.0,141517,0.0,0.0,74,166,65.0,0,,21773.0,,,,0.0,,0.0,0.0
store_3,2019-11-11,0.0,0.0,79682.0,114435,0.0,0.0,155,103,18.0,0,,36376.0,,,,0.0,,0.0,0.0
store_3,2019-11-18,0.0,0.0,27607.0,161728,0.0,335.0,0,0,0.0,0,,0.0,,,,0.0,,0.0,0.0
store_3,2019-11-25,0.0,0.0,30729.0,140921,0.0,2179.0,131,175,0.0,23,,0.0,,,,0.0,,0.0,0.0
store_3,2019-12-02,35200.0,0.0,120008.0,143121,0.0,0.0,155,0,0.0,80,,0.0,,,,0.0,,0.0,0.0
store_3,2019-12-09,11300.0,0.0,32706.0,39201,910.0,0.0,140,0,0.0,0,,31785.0,,,,0.0,,0.0,0.0
store_3,2019-12-16,0.0,0.0,7295.0,144325,2132.0,1486.0,30,13,0.0,0,,7382.0,,,,0.0,,0.0,0.0
store_3,2019-12-23,0.0,0.0,0.0,25526,0.0,575.0,100,34,0.0,0,,870.0,,,,0.0,,0.0,0.0
