group,location,date,phq_attendance_community_hospitality_stats_sum,phq_attendance_conferences_hospitality_stats_sum,phq_attendance_expos_hospitality_stats_sum,phq_attendance_sports_hospitality_stats_sum,phq_impact_academic_exam_stats_sum,phq_impact_academic_holiday_stats_sum,phq_impact_observances_hospitality_stats_sum,phq_impact_public_holidays_hospitality_stats_sum,phq_impact_severe_weather_cold_wave_retail_stats_max,phq_impact_severe_weather_cold_wave_storm_retail_stats_max,phq_impact_severe_weather_heat_wave_retail_stats_max,phq_impact_severe_weather_tornado_retail_stats_max,phq_attendance_performing_arts_hospitality_stats_sum,phq_impact_severe_weather_flood_retail_stats_max,phq_impact_severe_weather_thunderstorm_retail_stats_max
group_A,store_0,2017-01-02,6704.0,0,0,26115,0,0,0,95,0,0,0.0,0.0,,,
group_A,store_0,2017-01-03,6704.0,0,0,31876,0,0,0,13,0,0,0.0,0.0,,,
group_A,store_0,2017-01-04,6704.0,0,0,26115,0,0,0,0,0,0,0.0,0.0,,,
group_A,store_0,2017-01-05,6704.0,0,0,13760,0,0,9,0,0,0,0.0,0.0,,,
group_A,store_0,2017-01-06,8380.0,0,0,19500,0,0,10,0,0,0,0.0,0.0,,,
group_A,store_0,2017-01-07,10056.0,0,0,6825,0,0,90,0,0,0,0.0,0.0,,,
group_A,store_0,2017-01-08,1308.0,0,0,6935,0,0,94,0,0,0,0.0,0.0,,,
group_A,store_0,2017-01-09,0.0,0,0,19812,0,0,0,0,0,0,0.0,0.0,,,
group_A,store_0,2017-01-10,0.0,0,0,6935,0,0,0,0,0,0,0.0,0.0,,,
group_A,store_0,2017-01-11,0.0,0,142,6935,0,0,0,0,0,0,0.0,0.0,,,
group_A,store_0,2017-01-12,0.0,0,567,26115,0,0,9,0,0,0,0.0,0.0,,,
group_A,store_0,2017-01-13,0.0,0,2833,31000,0,0,10,7,0,0,0.0,0.0,,,
group_A,store_0,2017-01-14,0.0,0,4774,23612,0,0,90,7,0,0,0.0,0.0,,,
group_A,store_0,2017-01-15,0.0,0,16346,6059,0,0,24,36,0,0,0.0,0.0,,,
group_A,store_0,2017-01-16,0.0,0,13506,6303,0,0,0,90,0,0,0.0,0.0,,,
group_A,store_0,2017-01-17,0.0,0,22576,18006,0,0,0,13,0,0,0.0,0.0,,,
group_A,store_0,2017-01-18,0.0,0,13756,13238,0,0,0,0,0,0,0.0,0.0,,,
group_A,store_0,2017-01-19,200.0,0,17382,19812,0,0,0,0,0,0,0.0,0.0,,,
group_A,store_0,2017-01-20,4000.0,0,8784,13870,0,0,0,0,0,0,0.0,0.0,,,
group_A,store_0,2017-01-21,10000.0,0,7143,19812,0,0,0,0,0,0,0.0,0.0,,,
group_A,store_0,2017-01-22,1300.0,0,1393,13238,0,0,0,0,0,0,0.0,0.0,,,
group_A,store_0,2017-01-23,0.0,0,2046,18006,0,0,0,0,0,0,0.0,0.0,,,
group_A,store_0,2017-01-24,0.0,0,3182,12606,0,0,0,0,0,0,0.0,0.0,,,
group_A,store_0,2017-01-25,0.0,0,9727,18006,0,0,0,0,0,0,0.0,0.0,,,
group_A,store_0,2017-01-26,0.0,0,9763,13238,0,0,9,0,0,0,0.0,0.0,,,
group_A,store_0,2017-01-27,0.0,0,18773,19812,0,0,10,0,0,0,0.0,0.0,,,
group_A,store_0,2017-01-28,0.0,0,18773,9989,0,0,90,0,0,0,0.0,0.0,,,
group_A,store_0,2017-01-29,0.0,0,18773,8723,0,0,24,0,0,0,0.0,0.0,,,
group_A,store_0,2017-01-30,0.0,0,2817,9357,0,0,0,0,0,0,0.0,0.0,,,
group_A,store_0,2017-01-31,0.0,0,0,22977,0,0,0,0,0,0,0.0,0.0,,,
group_A,store_0,2017-02-01,0.0,0,0,20504,0,0,0,0,0,0,0.0,0.0,,,
group_A,store_0,2017-02-02,0.0,0,0,4971,0,0,0,0,0,0,0.0,0.0,,,
group_A,store_0,2017-02-03,0.0,0,0,6935,0,0,0,0,0,0,0.0,0.0,,,
group_A,store_0,2017-02-04,0.0,0,1029,26115,0,0,0,0,0,0,0.0,0.0,,,
group_A,store_0,2017-02-05,0.0,0,6857,31876,0,0,0,0,0,0,0.0,0.0,,,
group_A,store_0,2017-02-06,0.0,0,5714,32418,0,0,0,0,0,0,0.0,0.0,,,
group_A,store_0,2017-02-07,0.0,0,5714,31876,0,0,0,0,0,0,0.0,0.0,,,
group_A,store_0,2017-02-08,0.0,0,5714,32418,0,0,0,0,0,0,0.0,0.0,,,
group_A,store_0,2017-02-09,0.0,0,572,31876,0,0,0,0,0,0,0.0,0.0,,,
group_A,store_0,2017-02-10,0.0,0,0,32418,0,0,0,0,0,0,0.0,0.0,,,
group_A,store_0,2017-02-11,0.0,0,0,31876,0,0,0,11,0,0,0.0,0.0,,,
group_A,store_0,2017-02-12,0.0,5376,0,26115,0,0,30,81,0,0,0.0,0.0,,,
group_A,store_0,2017-02-13,0.0,13598,0,6935,0,0,30,84,0,0,0.0,0.0,,,
group_A,store_0,2017-02-14,0.0,13598,74,0,0,0,90,18,0,0,0.0,0.0,,,
group_A,store_0,2017-02-15,0.0,31623,295,0,0,0,32,0,0,0,0.0,0.0,,,
group_A,store_0,2017-02-16,0.0,31623,1471,0,0,0,7,0,0,0,0.0,0.0,,,
group_A,store_0,2017-02-17,0.0,4744,2993,0,0,0,7,7,0,0,0.0,0.0,,,
group_A,store_0,2017-02-18,0.0,0,9947,6303,0,0,0,29,0,0,0.0,0.0,,,
group_A,store_0,2017-02-19,0.0,0,8447,18006,0,0,0,58,0,0,0.0,0.0,,,
group_A,store_0,2017-02-20,0.0,0,6818,12606,0,0,0,230,0,0,0.0,0.0,,,
group_A,store_0,2017-02-21,0.0,0,8618,18006,0,0,0,37,0,0,0.0,0.0,,,
group_A,store_0,2017-02-22,0.0,0,12682,6303,0,0,0,0,0,0,0.0,0.0,,,
group_A,store_0,2017-02-23,0.0,0,1200,0,0,0,0,0,0,0,0.0,0.0,,,
group_A,store_0,2017-02-24,0.0,0,0,6935,0,0,65,0,0,0,0.0,0.0,,,
group_A,store_0,2017-02-25,0.0,0,0,26115,0,0,0,0,0,0,0.0,0.0,,,
group_A,store_0,2017-02-26,0.0,0,0,31876,0,0,0,0,0,0,0.0,0.0,,,
group_A,store_0,2017-02-27,0.0,0,0,32418,0,0,0,3,0,0,0.0,0.0,,,
group_A,store_0,2017-02-28,0.0,0,196,24941,0,0,70,70,0,0,0.0,0.0,,,
group_A,store_0,2017-03-01,0.0,0,783,6303,0,0,0,39,0,0,0.0,0.0,,,
group_A,store_0,2017-03-02,0.0,0,3913,0,0,0,0,2,0,0,0.0,0.0,,,
group_A,store_0,2017-03-03,0.0,0,4696,9393,0,0,0,2,0,0,0.0,0.0,,,
group_A,store_0,2017-03-04,0.0,0,5709,33767,0,0,0,0,0,0,0.0,0.0,,,
group_A,store_0,2017-03-05,0.0,0,12196,29205,0,0,0,0,0,0,0.0,0.0,,,
group_A,store_0,2017-03-06,0.0,0,11330,6935,0,0,0,0,0,0,0.0,0.0,,,
group_A,store_0,2017-03-07,0.0,0,6125,11659,0,0,0,0,0,0,0.0,0.0,,,
group_A,store_0,2017-03-08,0.0,0,563,56642,0,0,0,0,0,0,0.0,0.0,,,
group_A,store_0,2017-03-09,0.0,0,0,104195,0,0,0,0,0,0,0.0,0.0,,,
group_A,store_0,2017-03-10,0.0,0,750,92991,0,0,0,0,0,0,0.0,0.0,,,
group_A,store_0,2017-03-11,0.0,0,8668,61402,0,0,0,0,0,0,0.0,0.0,,,
group_A,store_0,2017-03-12,0.0,0,24950,22940,0,0,0,0,0,0,0.0,0.0,,,
group_A,store_0,2017-03-13,0.0,0,21000,24398,0,0,0,0,0,0,0.0,0.0,,,
group_A,store_0,2017-03-14,0.0,0,22875,24564,0,0,0,0,0,0,0.0,0.0,,,
group_A,store_0,2017-03-15,0.0,0,14538,13327,0,0,0,0,0,0,0.0,0.0,,,
group_A,store_0,2017-03-16,0.0,0,12500,26115,0,0,36,1,0,0,0.0,0.0,,,
group_A,store_0,2017-03-17,0.0,0,1875,24941,0,0,90,70,0,0,0.0,0.0,,,
group_A,store_0,2017-03-18,0.0,0,0,6303,0,0,1,18,0,0,0.0,0.0,,,
group_A,store_0,2017-03-19,0.0,0,167,0,0,0,0,4,0,0,0.0,0.0,,,
group_A,store_0,2017-03-20,0.0,0,724,0,0,0,0,4,0,0,0.0,0.0,,,
group_A,store_0,2017-03-21,0.0,0,3561,6303,0,0,0,4,0,0,0.0,0.0,,,
group_A,store_0,2017-03-22,0.0,0,4469,18006,0,0,0,4,0,0,0.0,0.0,,,
group_A,store_0,2017-03-23,0.0,0,4469,20337,0,0,0,0,0,0,0.0,0.0,,,
group_A,store_0,2017-03-24,0.0,0,1864,40094,0,0,0,0,0,0,0.0,0.0,,,
group_A,store_0,2017-03-25,0.0,0,1364,18818,0,0,0,0,0,0,0.0,0.0,,,
group_A,store_0,2017-03-26,0.0,0,205,20493,0,0,0,0,0,0,0.0,0.0,,,
group_A,store_0,2017-03-27,0.0,0,0,24284,0,0,0,0,0,0,0.0,0.0,,,
group_A,store_0,2017-03-28,0.0,0,174,13760,0,0,0,0,0,0,0.0,0.0,,,
group_A,store_0,2017-03-29,0.0,0,1446,25025,0,0,65,0,0,0,0.0,0.0,,,
group_A,store_0,2017-03-30,0.0,0,8478,28131,0,0,0,0,0,0,0.0,0.0,,,
group_A,store_0,2017-03-31,0.0,0,4674,23219,0,0,0,0,0,0,0.0,0.0,,,
group_A,store_0,2017-04-01,0.0,0,4174,19541,0,0,0,0,0,0,0.0,0.0,,,
group_A,store_0,2017-04-02,0.0,0,4174,37818,0,0,0,0,0,0,0.0,0.0,,,
group_A,store_0,2017-04-03,0.0,0,627,20173,0,0,0,0,0,0,0.0,0.0,,,
group_A,store_0,2017-04-04,0.0,0,0,19812,0,0,0,0,0,0,0.0,0.0,,,
group_A,store_0,2017-04-05,0.0,0,0,13870,0,0,0,0,0,0,0.0,0.0,,,
group_A,store_0,2017-04-06,0.0,0,0,19812,0,0,0,0,0,0,0.0,0.0,,,
group_A,store_0,2017-04-07,0.0,0,0,6935,0,0,0,0,0,0,0.0,0.0,,,
group_A,store_0,2017-04-08,0.0,0,0,6303,0,0,0,0,0,0,0.0,0.0,,,
group_A,store_0,2017-04-09,0.0,0,0,18006,0,0,0,0,0,0,0.0,0.0,,,
group_A,store_0,2017-04-10,0.0,0,0,6303,0,0,70,0,0,0,0.0,0.0,,,
group_A,store_0,2017-04-11,0.0,0,0,6935,0,0,0,0,0,0,0.0,0.0,,,
group_A,store_0,2017-04-12,0.0,0,5420,19812,0,0,0,0,0,0,0.0,0.0,,,
group_A,store_0,2017-04-13,0.0,0,21680,6935,0,0,8,1,0,0,0.0,0.0,,,
group_A,store_0,2017-04-14,0.0,0,108398,0,0,0,78,70,0,0,0.0,0.0,,,
group_A,store_0,2017-04-15,0.0,0,108398,6303,0,0,8,18,0,0,0.0,0.0,,,
group_A,store_0,2017-04-16,0.0,0,108398,18006,0,0,184,4,0,0,0.0,0.0,,,
group_A,store_0,2017-04-17,0.0,0,90332,12606,0,0,146,4,0,0,0.0,0.0,,,
group_A,store_0,2017-04-18,0.0,0,90332,18006,0,0,105,4,0,0,0.0,0.0,,,
group_A,store_0,2017-04-19,0.0,0,90332,6303,0,0,5,4,0,0,0.0,0.0,,,
group_A,store_0,2017-04-20,0.0,0,90332,0,0,0,5,0,0,0,0.0,0.0,,,
group_A,store_0,2017-04-21,0.0,0,108398,6303,0,0,0,0,0,0,0.0,0.0,,,
group_A,store_0,2017-04-22,0.0,800,108398,18006,0,0,0,0,0,0,0.0,0.0,,,
group_A,store_0,2017-04-23,0.0,4300,108398,6303,0,0,0,0,0,0,0.0,0.0,,,
group_A,store_0,2017-04-24,0.0,10000,16260,0,0,0,0,0,0,0,0.0,0.0,,,
group_A,store_0,2017-04-25,0.0,1500,0,0,0,0,0,0,0,0,0.0,0.0,,,
group_A,store_0,2017-04-26,0.0,0,0,0,0,0,0,0,0,0,0.0,0.0,,,
group_A,store_0,2017-04-27,0.0,0,0,0,0,0,0,0,0,0,0.0,0.0,,,
group_A,store_0,2017-04-28,0.0,0,0,0,0,0,0,0,0,0,0.0,0.0,,,
group_A,store_0,2017-04-29,0.0,0,0,0,0,0,0,0,0,0,0.0,0.0,,,
group_A,store_0,2017-04-30,0.0,0,750,0,0,0,0,0,0,0,0.0,0.0,,,
group_A,store_0,2017-05-01,0.0,0,5000,6303,0,0,0,0,0,0,0.0,0.0,,,
group_A,store_0,2017-05-02,0.0,0,500,18006,0,0,0,0,0,0,0.0,0.0,,,
group_A,store_0,2017-05-03,0.0,0,167,12606,0,0,0,0,0,0,0.0,0.0,,,
group_A,store_0,2017-05-04,0.0,0,667,18006,0,0,0,0,0,0,0.0,0.0,,,
group_A,store_0,2017-05-05,0.0,0,3333,6303,0,0,70,0,0,0,0.0,0.0,,,
group_A,store_0,2017-05-06,0.0,0,3333,0,0,0,0,0,0,0,0.0,0.0,,,
group_A,store_0,2017-05-07,0.0,0,3333,0,0,0,0,0,0,0,0.0,0.0,,,
group_A,store_0,2017-05-08,0.0,0,500,6303,0,0,65,0,0,0,0.0,0.0,,,
group_A,store_0,2017-05-09,0.0,0,0,18006,0,0,0,0,0,0,0.0,0.0,,,
group_A,store_0,2017-05-10,0.0,0,0,6303,0,0,65,0,0,0,0.0,0.0,,,
group_A,store_0,2017-05-11,0.0,0,0,0,0,0,4,0,0,0,0.0,0.0,,,
group_A,store_0,2017-05-12,0.0,0,0,2873,0,0,4,0,0,0,0.0,0.0,,,
group_A,store_0,2017-05-13,0.0,0,0,8207,0,0,4,0,0,0,0.0,0.0,,,
group_A,store_0,2017-05-14,0.0,0,4780,2873,0,0,90,0,0,0,0.0,0.0,,,
group_A,store_0,2017-05-15,0.0,0,31120,0,0,0,28,0,0,0,0.0,0.0,,,
group_A,store_0,2017-05-16,0.0,0,8600,0,0,0,25,0,0,0,0.0,0.0,,,
group_A,store_0,2017-05-17,0.0,0,6350,2452,0,0,0,0,0,0,0.0,0.0,,,
group_A,store_0,2017-05-18,0.0,0,3840,7004,0,0,0,0,0,0,0.0,0.0,,,
group_A,store_0,2017-05-19,0.0,0,15000,9277,0,0,65,0,0,0,0.0,0.0,,,
group_A,store_0,2017-05-20,0.0,0,15429,19500,0,0,0,0,0,0,0.0,0.0,,,
group_A,store_0,2017-05-21,0.0,0,5107,6825,0,0,0,0,0,0,0.0,0.0,,,
group_A,store_0,2017-05-22,0.0,0,3131,0,0,0,0,0,0,0,0.0,0.0,,,
group_A,store_0,2017-05-23,0.0,0,7381,0,0,0,0,0,0,0,0.0,0.0,,,
group_A,store_0,2017-05-24,0.0,0,2881,0,0,0,0,0,0,0,0.0,0.0,,,
group_A,store_0,2017-05-25,0.0,0,239,0,0,0,65,0,0,0,0.0,0.0,,,
group_A,store_0,2017-05-26,200.0,0,0,0,0,0,0,7,0,0,0.0,0.0,,,
group_A,store_0,2017-05-27,4000.0,0,0,0,0,0,0,7,0,0,0.0,0.0,,,
group_A,store_0,2017-05-28,10000.0,0,0,0,0,0,0,36,0,0,0.0,0.0,,,
group_A,store_0,2017-05-29,1300.0,0,343,2838,0,0,0,90,0,0,0.0,0.0,,,
group_A,store_0,2017-05-30,0.0,0,1370,8108,0,0,0,13,0,0,0.0,0.0,,,
group_A,store_0,2017-05-31,0.0,0,6850,2838,0,0,0,0,0,0,0.0,0.0,,,
group_A,store_0,2017-06-01,0.0,0,6850,2600,0,0,0,0,0,0,0.0,0.0,,,
group_A,store_0,2017-06-02,0.0,0,8220,7426,0,0,0,0,0,0,0.0,0.0,,,
group_A,store_0,2017-06-03,0.0,0,1233,5846,0,0,0,0,0,0,0.0,0.0,,,
group_A,store_0,2017-06-04,0.0,3741,334,9272,0,0,70,0,0,0,0.0,0.0,,,
group_A,store_0,2017-06-05,0.0,9460,1413,3246,0,0,0,0,0,0,0.0,0.0,,,
group_A,store_0,2017-06-06,0.0,9460,6980,5186,0,0,0,0,0,0,0.0,0.0,,,
group_A,store_0,2017-06-07,0.0,22000,8229,16776,0,0,0,0,0,0,0.0,0.0,,,
group_A,store_0,2017-06-08,0.0,22000,8229,12746,0,0,0,0,0,0,0.0,0.0,,,
group_A,store_0,2017-06-09,0.0,3300,3626,7560,0,0,0,0,0,0,0.0,0.0,,,
group_A,store_0,2017-06-10,0.0,0,5282,4958,0,0,0,0,0,0,0.0,0.0,,,
group_A,store_0,2017-06-11,0.0,0,5209,8564,0,0,0,0,0,0,0.0,0.0,,,
group_A,store_0,2017-06-12,400.0,0,1333,2998,0,0,0,0,0,0,0.0,0.0,,,
group_A,store_0,2017-06-13,8000.0,0,4162,0,0,0,0,0,0,0,0.0,0.0,,,
group_A,store_0,2017-06-14,20000.0,0,4162,0,0,0,70,0,0,0,0.0,0.0,,,
group_A,store_0,2017-06-15,2600.0,0,4162,0,0,0,4,0,0,0,0.0,0.0,,,
group_A,store_0,2017-06-16,0.0,0,625,0,0,0,4,0,0,0,0.0,0.0,,,
group_A,store_0,2017-06-17,0.0,0,0,0,0,0,4,11,0,0,0.0,0.0,,,
group_A,store_0,2017-06-18,0.0,0,125,0,0,0,90,11,0,0,0.0,0.0,,,
group_A,store_0,2017-06-19,400.0,0,500,0,0,0,28,70,0,0,0.0,0.0,,,
group_A,store_0,2017-06-20,8000.0,0,2500,0,0,0,25,12,0,0,0.0,0.0,,,
group_A,store_0,2017-06-21,20200.0,0,2500,0,0,0,0,0,0,0,0.0,0.0,,,
group_A,store_0,2017-06-22,6800.0,0,375,3584,0,0,0,0,0,0,0.0,0.0,,,
group_A,store_0,2017-06-23,14000.0,1701,0,17065,0,0,0,0,0,0,0.0,0.0,,,
group_A,store_0,2017-06-24,11300.0,4300,2644,23084,0,0,0,0,0,0,0.0,0.0,,,
group_A,store_0,2017-06-25,1300.0,4300,17625,6825,0,0,0,0,0,0,0.0,0.0,,,
group_A,store_0,2017-06-26,400.0,10000,14688,0,0,0,0,0,0,0,0.0,0.0,,,
group_A,store_0,2017-06-27,8000.0,10000,14688,0,0,0,0,0,0,0,0.0,0.0,,,
group_A,store_0,2017-06-28,20000.0,10000,1469,0,0,0,0,0,0,0,0.0,0.0,,,
group_A,store_0,2017-06-29,2600.0,10000,0,0,0,0,0,0,0,0,0.0,0.0,,,
group_A,store_0,2017-06-30,0.0,10000,0,0,0,0,0,3,0,0,0.0,0.0,,,
group_A,store_0,2017-07-01,0.0,1500,0,0,0,0,0,3,0,0,0.0,0.0,,,
group_A,store_0,2017-07-02,0.0,0,0,0,0,0,0,3,0,0,0.0,0.0,,,
group_A,store_0,2017-07-03,400.0,0,0,0,0,0,0,3,0,0,0.0,0.0,,,
group_A,store_0,2017-07-04,8000.0,0,0,0,0,0,0,90,0,0,0.0,0.0,,,
group_A,store_0,2017-07-05,20000.0,0,0,0,0,0,0,2,0,0,0.0,0.0,,,
group_A,store_0,2017-07-06,2600.0,0,0,6825,0,0,0,2,0,0,0.0,0.0,,,
group_A,store_0,2017-07-07,0.0,0,0,19500,0,0,0,0,0,0,0.0,0.0,,,
group_A,store_0,2017-07-08,0.0,0,84,6825,0,0,0,0,0,0,0.0,0.0,,,
group_A,store_0,2017-07-09,200.0,0,334,0,0,0,0,0,0,0,0.0,0.0,,,
group_A,store_0,2017-07-10,4400.0,0,1792,0,0,0,0,0,0,0,0.0,0.0,,,
group_A,store_0,2017-07-11,18200.0,0,2167,0,0,0,0,0,0,0,0.0,0.0,,,
group_A,store_0,2017-07-12,25300.0,0,4167,0,0,0,0,0,0,0,0.0,0.0,,,
group_A,store_0,2017-07-13,12600.0,0,2751,5230,0,0,0,0,0,0,0.0,0.0,,,
group_A,store_0,2017-07-14,1420.0,0,375,14941,0,0,0,0,0,0,0.0,0.0,,,
group_A,store_0,2017-07-15,2400.0,0,0,8802,0,0,0,0,0,0,0.0,0.0,,,
group_A,store_0,2017-07-16,6400.0,0,0,10204,0,0,0,0,0,0,0.0,0.0,,,
group_A,store_0,2017-07-17,9180.0,0,0,3572,0,0,0,0,0,0,0.0,0.0,,,
group_A,store_0,2017-07-18,28200.0,0,0,6106,0,0,0,0,0,0,0.0,0.0,,,
group_A,store_0,2017-07-19,26600.0,0,0,17443,0,0,0,0,0,0,0.0,0.0,,,
group_A,store_0,2017-07-20,12800.0,0,0,6106,0,0,0,0,0,0,0.0,0.0,,,
group_A,store_0,2017-07-21,5300.0,0,0,0,0,0,0,0,0,0,0.0,0.0,,,
group_A,store_0,2017-07-22,10000.0,0,310,0,0,0,0,0,0,0,0.0,0.0,,,
group_A,store_0,2017-07-23,1500.0,0,2062,0,0,0,0,0,0,0,0.0,0.0,,,
group_A,store_0,2017-07-24,4400.0,0,1719,0,0,0,0,0,0,0,0.0,0.0,,,
group_A,store_0,2017-07-25,18200.0,0,1719,0,0,0,0,0,0,0,0.0,0.0,,,
group_A,store_0,2017-07-26,25300.0,0,172,0,0,0,0,0,0,0,0.0,0.0,,,
group_A,store_0,2017-07-27,12600.0,0,0,0,0,0,65,0,0,0,0.0,0.0,,,
group_A,store_0,2017-07-28,1300.0,0,0,0,0,0,0,0,0,0,0.0,0.0,,,
group_A,store_0,2017-07-29,0.0,0,0,0,0,0,0,0,0,0,0.0,0.0,,,
group_A,store_0,2017-07-30,200.0,0,0,0,0,0,0,0,0,0,0.0,0.0,,,
group_A,store_0,2017-07-31,4400.0,0,0,0,0,0,0,0,0,0,0.0,0.0,,,
group_A,store_0,2017-08-01,18200.0,0,0,0,0,0,0,0,0,0,0.0,0.0,,,
group_A,store_0,2017-08-02,25300.0,0,0,0,0,0,0,0,0,0,0.0,0.0,,,
group_A,store_0,2017-08-03,12600.0,0,0,0,0,0,0,0,0,0,0.0,0.0,,,
group_A,store_0,2017-08-04,1500.0,0,0,0,0,0,70,0,0,0,0.0,0.0,,,
group_A,store_0,2017-08-05,4000.0,0,710,0,0,0,0,0,0,0,0.0,0.0,,,
group_A,store_0,2017-08-06,10200.0,0,4725,0,0,0,0,0,0,0,0.0,0.0,,,
group_A,store_0,2017-08-07,5700.0,0,3937,3524,0,0,0,0,0,0,0.0,0.0,,,
group_A,store_0,2017-08-08,18600.0,0,3937,10068,0,0,0,0,0,0,0.0,0.0,,,
group_A,store_0,2017-08-09,33300.0,0,395,3524,0,0,0,0,0,0,0.0,0.0,,,
group_A,store_0,2017-08-10,32600.0,0,0,0,0,0,0,0,0,0,0.0,0.0,,,
group_A,store_0,2017-08-11,3900.0,0,0,0,0,0,0,0,0,0,0.0,0.0,,,
group_A,store_0,2017-08-12,0.0,0,0,3530,0,0,0,0,0,0,0.0,0.0,,,
group_A,store_0,2017-08-13,200.0,0,0,10083,0,0,0,0,0,0,0.0,0.0,,,
group_A,store_0,2017-08-14,4400.0,0,0,3530,0,0,70,0,0,0,0.0,0.0,,,
group_A,store_0,2017-08-15,18600.0,0,0,0,0,0,0,0,0,0,0.0,0.0,,,
group_A,store_0,2017-08-16,33300.0,0,0,0,0,0,0,0,0,0,0.0,0.0,,,
group_A,store_0,2017-08-17,32600.0,0,0,0,0,0,0,0,0,0,0.0,0.0,,,
group_A,store_0,2017-08-18,3900.0,0,834,0,0,0,0,0,0,0,0.0,0.0,,,
group_A,store_0,2017-08-19,112.0,0,5556,3503,0,0,0,0,0,0,0.0,0.0,,,
group_A,store_0,2017-08-20,2440.0,0,5556,10007,0,0,0,0,0,0,0.0,0.0,,,
group_A,store_0,2017-08-21,10000.0,0,4666,3503,0,0,0,0,0,0,0.0,0.0,,,
group_A,store_0,2017-08-22,19328.0,0,4771,0,0,0,0,0,0,0,0.0,0.0,,,
group_A,store_0,2017-08-23,33300.0,0,5334,0,0,0,0,0,0,0,0.0,0.0,,,
group_A,store_0,2017-08-24,32600.0,0,1167,3269,0,0,0,0,0,0,0.0,0.0,,,
group_A,store_0,2017-08-25,3900.0,0,845,9340,0,0,0,0,0,0,0.0,0.0,,,
group_A,store_0,2017-08-26,0.0,0,845,6530,0,0,0,0,0,0,0.0,0.0,,,
group_A,store_0,2017-08-27,200.0,0,845,9317,0,0,0,0,0,0,0.0,0.0,,,
group_A,store_0,2017-08-28,4400.0,0,704,3261,0,0,0,0,0,0,0.0,0.0,,,
group_A,store_0,2017-08-29,18200.0,0,704,0,0,0,0,0,0,0,0.0,0.0,,,
group_A,store_0,2017-08-30,25300.0,0,704,0,0,0,0,0,0,0,0.0,0.0,,,
group_A,store_0,2017-08-31,12600.0,0,704,3538,0,0,0,0,0,0,0.0,0.0,,,
group_A,store_0,2017-09-01,1700.0,0,845,10108,0,0,0,7,0,0,0.0,0.0,,,
group_A,store_0,2017-09-02,8000.0,0,845,3538,0,0,70,7,0,0,0.0,0.0,,,
group_A,store_0,2017-09-03,20000.0,0,845,0,0,0,0,36,0,0,0.0,0.0,,,
group_A,store_0,2017-09-04,2600.0,0,704,0,0,0,0,90,0,0,0.0,0.0,,,
group_A,store_0,2017-09-05,200.0,0,106,0,0,0,0,13,0,0,0.0,0.0,,,
group_A,store_0,2017-09-06,4200.0,0,0,0,0,0,0,0,0,0,0.0,0.0,,,
group_A,store_0,2017-09-07,14000.0,0,0,0,0,0,0,0,0,0,0.0,0.0,,,
group_A,store_0,2017-09-08,11500.0,0,0,0,0,0,0,0,0,0,0.0,0.0,,,
group_A,store_0,2017-09-09,5300.0,0,750,3339,0,0,0,0,0,0,0.0,0.0,,,
group_A,store_0,2017-09-10,10000.0,0,5000,9538,0,0,0,0,0,0,0.0,0.0,,,
group_A,store_0,2017-09-11,1300.0,0,608,5299,0,0,0,0,0,0,0.0,0.0,,,
group_A,store_0,2017-09-12,0.0,0,429,5600,0,0,0,0,0,0,0.0,0.0,,,
group_A,store_0,2017-09-13,0.0,0,2143,1960,0,0,0,0,0,0,0.0,0.0,,,
group_A,store_0,2017-09-14,0.0,0,2143,0,0,0,0,0,0,0,0.0,0.0,,,
group_A,store_0,2017-09-15,200.0,0,2917,0,0,0,0,0,0,0,0.0,0.0,,,
group_A,store_0,2017-09-16,4200.0,0,5433,0,0,0,0,0,0,0,0.0,0.0,,,
group_A,store_0,2017-09-17,14000.0,0,8619,6193,0,0,65,0,0,0,0.0,0.0,,,
group_A,store_0,2017-09-18,11300.0,0,5424,17692,0,0,135,0,0,0,0.0,0.0,,,
group_A,store_0,2017-09-19,1300.0,0,3316,12386,0,0,0,0,0,0,0.0,0.0,,,
group_A,store_0,2017-09-20,200.0,0,314,17692,0,0,0,0,0,0,0.0,0.0,,,
group_A,store_0,2017-09-21,4000.0,0,0,6193,0,0,4,0,0,0,0.0,0.0,,,
group_A,store_0,2017-09-22,10200.0,0,0,0,0,0,4,0,0,0,0.0,0.0,,,
group_A,store_0,2017-09-23,5300.0,0,0,0,0,0,4,0,0,0,0.0,0.0,,,
group_A,store_0,2017-09-24,10000.0,0,0,6193,0,0,90,0,0,0,0.0,0.0,,,
group_A,store_0,2017-09-25,1300.0,0,0,17692,0,0,28,0,0,0,0.0,0.0,,,
group_A,store_0,2017-09-26,0.0,0,0,6193,0,0,25,0,0,0,0.0,0.0,,,
group_A,store_0,2017-09-27,0.0,0,0,0,0,0,0,0,0,0,0.0,0.0,,,
group_A,store_0,2017-09-28,0.0,0,0,0,0,0,0,0,0,0,0.0,0.0,,,
group_A,store_0,2017-09-29,200.0,0,0,0,0,0,0,0,0,0,0.0,0.0,,,
group_A,store_0,2017-09-30,4000.0,0,0,0,0,0,0,0,0,0,0.0,0.0,,,
group_A,store_0,2017-10-01,10000.0,0,0,0,0,0,0,0,0,0,0.0,0.0,,,
group_A,store_0,2017-10-02,1300.0,0,0,6825,0,0,0,0,0,0,0.0,0.0,,,
group_A,store_0,2017-10-03,0.0,0,2174,19500,0,0,0,0,0,0,0.0,0.0,,,
group_A,store_0,2017-10-04,0.0,0,8696,13128,0,0,0,0,0,0,0.0,0.0,,,
group_A,store_0,2017-10-05,200.0,0,43478,18006,0,0,0,0,0,0,0.0,0.0,,,
group_A,store_0,2017-10-06,4200.0,0,52174,6303,0,0,0,14,0,0,0.0,0.0,,,
group_A,store_0,2017-10-07,14000.0,0,52174,6303,0,78,0,36,0,0,0.0,0.0,,,
group_A,store_0,2017-10-08,11300.0,0,52174,24831,0,78,0,94,0,0,0.0,0.0,,,
group_A,store_0,2017-10-09,1500.0,0,7827,32106,0,78,0,320,0,0,0.0,0.0,,,
group_A,store_0,2017-10-10,4000.0,0,114,24831,0,0,0,50,0,0,0.0,0.0,,,
group_A,store_0,2017-10-11,10000.0,0,655,6303,0,0,0,0,0,0,0.0,0.0,,,
group_A,store_0,2017-10-12,1700.0,0,3073,6825,0,0,0,0,0,0,0.0,0.0,,,
group_A,store_0,2017-10-13,8200.0,0,6727,25803,0,0,70,0,0,0,0.0,0.0,,,
group_A,store_0,2017-10-14,24000.0,0,4410,24831,0,0,0,0,0,0,0.0,0.0,,,
group_A,store_0,2017-10-15,12600.0,0,4000,6303,0,0,65,0,0,0,0.0,0.0,,,
group_A,store_0,2017-10-16,1300.0,0,975,6303,0,0,0,0,0,0,0.0,0.0,,,
group_A,store_0,2017-10-17,0.0,0,1500,18006,0,0,0,0,0,0,0.0,0.0,,,
group_A,store_0,2017-10-18,0.0,0,7500,12606,0,0,70,0,0,0,0.0,0.0,,,
group_A,store_0,2017-10-19,0.0,0,7500,18006,0,0,0,0,0,0,0.0,0.0,,,
group_A,store_0,2017-10-20,200.0,0,1125,19252,0,0,0,0,0,0,0.0,0.0,,,
group_A,store_0,2017-10-21,4000.0,1190,0,36993,0,0,0,0,0,0,0.0,0.0,,,
group_A,store_0,2017-10-22,10000.0,3010,0,19252,0,0,0,0,0,0,0.0,0.0,,,
group_A,store_0,2017-10-23,1300.0,3010,0,18006,0,0,0,0,0,0,0.0,0.0,,,
group_A,store_0,2017-10-24,0.0,7000,0,6303,0,0,0,0,0,0,0.0,0.0,,,
group_A,store_0,2017-10-25,0.0,7000,680,6303,0,0,0,0,0,0,0.0,0.0,,,
group_A,store_0,2017-10-26,200.0,1050,2717,24941,0,0,0,0,0,0,0.0,0.0,,,
group_A,store_0,2017-10-27,4200.0,0,13580,26115,0,0,0,0,0,0,0.0,0.0,,,
group_A,store_0,2017-10-28,14000.0,0,13890,6935,0,0,0,0,0,0,0.0,0.0,,,
group_A,store_0,2017-10-29,11300.0,0,15729,6935,0,0,30,0,0,0,0.0,0.0,,,
group_A,store_0,2017-10-30,1300.0,0,6967,25865,0,0,30,0,0,0,0.0,0.0,,,
group_A,store_0,2017-10-31,0.0,0,4694,30641,0,0,90,0,0,0,0.0,0.0,,,
group_A,store_0,2017-11-01,0.0,0,6453,24373,0,0,97,0,0,0,0.0,0.0,,,
group_A,store_0,2017-11-02,0.0,0,10531,15164,0,0,72,0,0,0,0.0,0.0,,,
group_A,store_0,2017-11-03,200.0,0,1331,38654,0,0,7,0,0,0,0.0,0.0,,,
group_A,store_0,2017-11-04,4000.0,0,0,54014,0,0,0,0,0,0,0.0,0.0,,,
group_A,store_0,2017-11-05,10000.0,0,0,37611,0,0,0,0,0,0,0.0,0.0,,,
group_A,store_0,2017-11-06,1300.0,0,0,30157,0,0,0,4,0,0,0.0,0.0,,,
group_A,store_0,2017-11-07,0.0,0,114,31079,0,0,0,71,0,0,0.0,0.0,,,
group_A,store_0,2017-11-08,0.0,0,455,24553,0,0,0,40,0,0,0.0,0.0,,,
group_A,store_0,2017-11-09,200.0,0,2273,6303,0,0,9,7,23,0,0.0,0.0,,,
group_A,store_0,2017-11-10,4200.0,0,2727,13238,0,0,10,140,43,0,0.0,0.0,,,
group_A,store_0,2017-11-11,14000.0,0,1229,37818,0,0,90,169,65,0,0.0,0.0,,,
group_A,store_0,2017-11-12,11300.0,0,5455,20173,0,0,24,73,30,0,0.0,0.0,,,
group_A,store_0,2017-11-13,1300.0,0,4733,19812,0,0,0,7,18,0,0.0,0.0,,,
group_A,store_0,2017-11-14,0.0,0,1205,13479,0,0,0,4,10,0,0.0,0.0,,,
group_A,store_0,2017-11-15,0.0,0,3750,20832,0,0,0,2,0,0,0.0,0.0,,,
group_A,store_0,2017-11-16,0.0,0,3750,14998,0,0,0,0,0,0,0.0,0.0,,,
group_A,store_0,2017-11-17,0.0,0,563,8850,0,0,0,0,0,0,0.0,0.0,,,
group_A,store_0,2017-11-18,0.0,0,0,8484,0,0,0,0,0,0,0.0,0.0,,,
group_A,store_0,2017-11-19,0.0,0,0,24121,0,0,0,0,0,0,0.0,0.0,,,
group_A,store_0,2017-11-20,0.0,0,0,24982,0,0,0,18,0,0,0.0,0.0,,,
group_A,store_0,2017-11-21,0.0,0,0,13532,0,0,0,18,0,0,0.0,0.0,,,
group_A,store_0,2017-11-22,0.0,0,480,19812,0,213,0,49,0,0,0.0,0.0,,,
group_A,store_0,2017-11-23,0.0,0,1918,13238,0,572,36,90,0,0,0.0,0.0,,,
group_A,store_0,2017-11-24,200.0,0,9588,23386,0,572,90,0,0,0,0.0,0.0,,,
group_A,store_0,2017-11-25,4000.0,0,9588,27846,0,572,1,0,0,0,0.0,0.0,,,
group_A,store_0,2017-11-26,10000.0,0,9588,29456,0,572,4,0,0,0,0.0,0.0,,,
group_A,store_0,2017-11-27,1431.0,0,7990,30663,0,0,90,0,0,0,0.0,0.0,,,
group_A,store_0,2017-11-28,2609.0,0,7990,30013,0,0,55,0,0,0,0.0,0.0,,,
group_A,store_0,2017-11-29,6522.0,0,9049,25904,0,0,5,0,0,0,0.0,0.0,,,
group_A,store_0,2017-11-30,6722.0,0,5434,20428,0,0,5,0,0,0,0.0,0.0,,,
group_A,store_0,2017-12-01,12352.0,0,21172,32249,0,0,70,0,0,0,0.0,0.0,,,
group_A,store_0,2017-12-02,23783.0,0,21365,34333,0,0,0,0,0,0,0.0,0.0,,,
group_A,store_0,2017-12-03,19452.0,0,21942,25907,0,0,0,0,0,0,0.0,0.0,,,
group_A,store_0,2017-12-04,7822.0,0,7022,12816,0,0,0,0,0,0,0.0,0.0,,,
group_A,store_0,2017-12-05,6722.0,0,3846,24467,0,0,0,0,0,0,0.0,0.0,,,
group_A,store_0,2017-12-06,10522.0,0,3846,25949,0,0,0,0,0,0,0.0,0.0,,,
group_A,store_0,2017-12-07,16722.0,0,3846,6935,0,0,0,0,0,0,0.0,0.0,,,
group_A,store_0,2017-12-08,13652.0,0,4615,13656,0,0,0,0,0,0,0.0,0.0,,,
group_A,store_0,2017-12-09,23783.0,0,693,47691,0,0,0,0,0,0,0.0,0.0,,,
group_A,store_0,2017-12-10,19452.0,0,0,44629,0,0,0,0,0,0,0.0,0.0,,,
group_A,store_0,2017-12-11,7822.0,0,0,33120,68,0,0,0,0,0,0.0,0.0,,,
group_A,store_0,2017-12-12,6522.0,0,0,25543,68,0,70,0,0,0,0.0,0.0,,,
group_A,store_0,2017-12-13,6522.0,0,0,6776,359,0,140,0,0,0,0.0,0.0,,,
group_A,store_0,2017-12-14,6522.0,0,0,6215,359,0,0,0,0,0,0.0,0.0,,,
group_A,store_0,2017-12-15,8352.0,0,0,26975,359,0,0,0,0,0,0.0,0.0,,,
group_A,store_0,2017-12-16,13783.0,0,0,37408,359,0,0,0,0,0,0.0,0.0,,,
group_A,store_0,2017-12-17,18152.0,0,0,23091,359,0,0,0,0,0,0.0,0.0,,,
group_A,store_0,2017-12-18,7822.0,0,0,11159,437,0,0,0,0,0,0.0,0.0,,,
group_A,store_0,2017-12-19,6522.0,0,0,18006,437,67,0,0,0,0,0.0,0.0,,,
group_A,store_0,2017-12-20,6522.0,0,0,13238,437,67,0,0,0,0,0.0,0.0,,,
group_A,store_0,2017-12-21,6522.0,0,0,19812,146,358,4,0,0,0,0.0,0.0,,,
group_A,store_0,2017-12-22,8352.0,0,0,13238,78,494,4,7,0,0,0.0,0.0,,,
group_A,store_0,2017-12-23,13783.0,0,0,18006,0,572,4,29,0,0,0.0,0.0,,,
group_A,store_0,2017-12-24,18152.0,0,0,13238,0,572,90,58,0,0,0.0,0.0,,,
group_A,store_0,2017-12-25,7822.0,0,0,26637,0,572,28,230,0,0,0.0,0.0,,,
group_A,store_0,2017-12-26,6522.0,0,0,32738,0,572,25,37,0,0,0.0,0.0,,,
group_A,store_0,2017-12-27,6522.0,0,0,24831,0,572,0,0,0,0,0.0,0.0,,,
group_A,store_0,2017-12-28,6522.0,0,0,6303,0,572,74,0,0,0,0.0,0.0,,,
group_A,store_0,2017-12-29,8152.0,0,0,0,0,572,4,7,0,0,0.0,0.0,,,
group_A,store_0,2017-12-30,9783.0,0,0,0,0,572,4,7,0,0,0.0,0.0,,,
group_A,store_0,2017-12-31,8152.0,0,0,0,0,572,90,36,0,0,0.0,0.0,,,
group_A,store_0,2018-01-01,6522.0,0,0,6935,0,572,28,90,0,0,0.0,0.0,,,
group_A,store_0,2018-01-02,6522.0,0,0,26115,0,572,25,13,0,0,0.0,0.0,,,
group_A,store_0,2018-01-03,6522.0,0,0,24941,0,357,0,0,0,0,0.0,0.0,,,
group_A,store_0,2018-01-04,6522.0,0,0,13128,0,357,4,0,0,80,0.0,0.0,,,
group_A,store_0,2018-01-05,8152.0,0,0,33150,0,357,4,0,0,13,0.0,0.0,,,
group_A,store_0,2018-01-06,9783.0,0,3612,52650,0,357,4,0,0,0,0.0,0.0,,,
group_A,store_0,2018-01-07,8152.0,0,24070,33150,0,357,90,0,0,0,0.0,0.0,,,
group_A,store_0,2018-01-08,1060.0,0,20059,10118,0,357,28,0,0,0,0.0,0.0,,,
group_A,store_0,2018-01-09,0.0,0,20059,16341,0,357,25,0,0,0,0.0,0.0,,,
group_A,store_0,2018-01-10,0.0,0,2174,23105,0,357,0,0,0,0,0.0,0.0,,,
group_A,store_0,2018-01-11,0.0,0,667,6935,0,357,4,0,0,0,0.0,0.0,,,
group_A,store_0,2018-01-12,0.0,0,3333,12297,0,357,4,7,0,0,0.0,0.0,,,
group_A,store_0,2018-01-13,0.0,0,5274,42064,0,357,4,7,0,0,0.0,0.0,,,
group_A,store_0,2018-01-14,0.0,0,16271,32109,0,357,90,36,0,0,0.0,0.0,,,
group_A,store_0,2018-01-15,0.0,0,11420,13238,0,357,28,90,0,0,0.0,0.0,,,
group_A,store_0,2018-01-16,0.0,0,11336,18006,0,357,25,13,0,0,0.0,0.0,,,
group_A,store_0,2018-01-17,0.0,0,3854,12606,0,357,0,0,0,0,0.0,0.0,,,
group_A,store_0,2018-01-18,0.0,0,2775,18006,0,357,0,0,0,0,0.0,0.0,,,
group_A,store_0,2018-01-19,0.0,0,417,11384,0,357,0,0,0,0,0.0,0.0,,,
group_A,store_0,2018-01-20,0.0,0,479,14516,0,357,0,0,0,0,0.0,0.0,,,
group_A,store_0,2018-01-21,0.0,0,2953,6726,0,357,0,0,0,0,0.0,0.0,,,
group_A,store_0,2018-01-22,0.0,0,4312,4700,0,144,0,0,0,0,0.0,0.0,,,
group_A,store_0,2018-01-23,0.0,0,5448,1645,0,144,0,0,0,0,0.0,0.0,,,
group_A,store_0,2018-01-24,0.0,0,10061,0,0,144,0,0,0,0,0.0,0.0,,,
group_A,store_0,2018-01-25,0.0,0,9848,0,0,144,0,0,0,0,0.0,0.0,,,
group_A,store_0,2018-01-26,0.0,0,19123,0,0,144,0,0,0,0,0.0,0.0,,,
group_A,store_0,2018-01-27,0.0,0,19123,0,0,144,0,0,0,0,0.0,0.0,,,
group_A,store_0,2018-01-28,0.0,0,19123,0,0,144,0,0,0,0,0.0,0.0,,,
group_A,store_0,2018-01-29,0.0,0,2869,6827,0,0,0,0,0,0,0.0,0.0,,,
group_A,store_0,2018-01-30,0.0,0,0,19505,0,0,0,0,0,0,0.0,0.0,,,
group_A,store_0,2018-01-31,0.0,0,0,13130,0,0,0,0,0,0,0.0,0.0,,,
group_A,store_0,2018-02-01,0.0,0,0,18006,0,0,0,0,0,0,0.0,0.0,,,
group_A,store_0,2018-02-02,0.0,0,0,13238,0,0,0,0,0,0,0.0,0.0,,,
group_A,store_0,2018-02-03,0.0,0,1029,26617,0,0,0,0,0,0,0.0,0.0,,,
group_A,store_0,2018-02-04,0.0,0,6857,26376,0,0,0,0,0,0,0.0,0.0,,,
group_A,store_0,2018-02-05,0.0,0,5714,13740,0,0,0,0,0,0,0.0,0.0,,,
group_A,store_0,2018-02-06,0.0,0,5714,26115,0,0,0,0,0,0,0.0,0.0,,,
group_A,store_0,2018-02-07,0.0,0,5714,24941,0,0,0,0,0,0,0.0,0.0,,,
group_A,store_0,2018-02-08,0.0,0,572,12606,0,0,0,0,0,0,0.0,0.0,,,
group_A,store_0,2018-02-09,0.0,0,0,18006,0,0,0,0,0,0,0.0,0.0,,,
group_A,store_0,2018-02-10,0.0,0,0,6303,0,0,0,11,0,0,0.0,0.0,,,
group_A,store_0,2018-02-11,0.0,0,0,0,0,0,0,11,0,0,0.0,0.0,,,
group_A,store_0,2018-02-12,0.0,0,0,0,0,0,0,70,0,0,0.0,0.0,,,
group_A,store_0,2018-02-13,0.0,0,0,6935,0,0,135,12,0,0,0.0,0.0,,,
group_A,store_0,2018-02-14,0.0,0,0,19812,0,0,90,0,0,0,0.0,0.0,,,
group_A,store_0,2018-02-15,0.0,0,0,6935,0,0,40,0,0,0,0.0,0.0,,,
group_A,store_0,2018-02-16,0.0,0,1228,0,0,0,94,7,0,41,0.0,0.0,,,
group_A,store_0,2018-02-17,0.0,0,8182,6303,0,0,1,29,0,80,0.0,0.0,,,
group_A,store_0,2018-02-18,0.0,0,8182,18006,0,0,0,58,0,80,0.0,0.0,,,
group_A,store_0,2018-02-19,0.0,0,6818,6303,0,0,0,230,0,0,0.0,0.0,,,
group_A,store_0,2018-02-20,0.0,0,6818,0,0,0,0,37,0,0,0.0,0.0,,,
group_A,store_0,2018-02-21,0.0,0,682,0,0,0,0,0,0,0,0.0,0.0,,,
group_A,store_0,2018-02-22,0.0,0,0,6303,0,0,0,0,0,0,0.0,0.0,,,
group_A,store_0,2018-02-23,0.0,2798,0,31535,0,0,0,0,0,0,0.0,0.0,,,
group_A,store_0,2018-02-24,0.0,7076,449,51258,0,0,0,0,0,0,0.0,0.0,,,
group_A,store_0,2018-02-25,0.0,7076,2991,38470,0,0,0,0,0,0,0.0,0.0,,,
group_A,store_0,2018-02-26,0.0,16455,2492,26115,0,0,0,0,0,0,0.0,0.0,,,
group_A,store_0,2018-02-27,0.0,16455,2492,12074,0,0,0,0,0,0,0.0,0.0,,,
group_A,store_0,2018-02-28,0.0,16455,250,19580,0,0,0,0,0,0,0.0,0.0,,,
group_A,store_0,2018-03-01,0.0,2469,0,24221,0,0,0,0,0,0,0.0,0.0,,,
group_A,store_0,2018-03-02,200.0,0,0,37219,0,0,0,0,0,0,0.0,0.0,,,
group_A,store_0,2018-03-03,4000.0,0,3668,61183,0,0,0,0,0,0,0.0,0.0,,,
group_A,store_0,2018-03-04,10000.0,0,24450,39678,0,0,0,0,0,0,0.0,0.0,,,
group_A,store_0,2018-03-05,1300.0,0,20375,31076,0,0,0,0,0,27,0.0,0.0,,,
group_A,store_0,2018-03-06,0.0,0,20549,31754,0,0,0,0,0,80,0.0,0.0,,,
group_A,store_0,2018-03-07,0.0,0,2734,52306,0,0,0,0,0,80,0.0,0.0,,,
group_A,store_0,2018-03-08,0.0,0,3478,101632,0,0,0,0,0,14,0.0,0.0,,,
group_A,store_0,2018-03-09,200.0,0,4174,77694,0,0,0,0,0,0,0.0,0.0,,,
group_A,store_0,2018-03-10,4000.0,0,4556,63350,0,146,0,0,0,0,0.0,0.0,,,
group_A,store_0,2018-03-11,10000.0,0,6719,43319,0,146,0,0,0,0,0.0,0.0,,,
group_A,store_0,2018-03-12,1300.0,0,3373,31123,0,146,0,0,0,0,0.0,0.0,,,
group_A,store_0,2018-03-13,0.0,0,4799,30868,0,146,0,0,0,0,0.0,0.0,,,
group_A,store_0,2018-03-14,0.0,0,14440,32461,0,146,0,0,0,0,0.0,0.0,,,
group_A,store_0,2018-03-15,0.0,0,22114,39362,0,146,9,0,0,0,0.0,0.0,,,
group_A,store_0,2018-03-16,200.0,0,11965,41849,0,146,10,0,0,0,0.0,0.0,,,
group_A,store_0,2018-03-17,4000.0,0,9590,32145,0,213,90,0,0,0,0.0,0.0,,,
group_A,store_0,2018-03-18,10000.0,0,9590,14769,0,213,24,0,0,0,0.0,0.0,,,
group_A,store_0,2018-03-19,1300.0,0,1529,24853,0,67,0,0,0,0,0.0,0.0,,,
group_A,store_0,2018-03-20,0.0,0,358,23787,0,67,0,0,0,27,0.0,0.0,,,
group_A,store_0,2018-03-21,0.0,0,1786,6018,0,67,0,0,0,80,0.0,0.0,,,
group_A,store_0,2018-03-22,0.0,0,1786,6620,0,67,0,0,0,80,0.0,0.0,,,
group_A,store_0,2018-03-23,200.0,0,2143,27757,0,67,0,0,0,14,0.0,0.0,,,
group_A,store_0,2018-03-24,4000.0,0,2143,31882,0,135,0,0,0,0,0.0,0.0,,,
group_A,store_0,2018-03-25,10000.0,0,2143,15146,0,135,0,0,0,0,0.0,0.0,,,
group_A,store_0,2018-03-26,1300.0,0,322,25797,0,68,0,0,0,0,0.0,0.0,,,
group_A,store_0,2018-03-27,0.0,0,0,28562,0,68,0,0,0,0,0.0,0.0,,,
group_A,store_0,2018-03-28,0.0,0,6866,16550,0,68,0,0,0,0,0.0,0.0,,,
group_A,store_0,2018-03-29,0.0,0,27464,31326,0,68,69,1,0,0,0.0,0.0,,,
group_A,store_0,2018-03-30,200.0,0,137318,33700,0,360,74,70,0,0,0.0,0.0,,,
group_A,store_0,2018-03-31,4000.0,0,137318,26115,0,360,4,18,0,0,0.0,0.0,,,
group_A,store_0,2018-04-01,10000.0,0,137318,6935,0,360,94,4,0,0,0.0,0.0,,,
group_A,store_0,2018-04-02,1300.0,0,114431,6935,0,292,118,4,0,0,0.0,0.0,,,
group_A,store_0,2018-04-03,0.0,0,114431,19812,0,292,80,4,0,0,0.0,0.0,,,
group_A,store_0,2018-04-04,0.0,0,114431,6935,0,292,5,4,0,0,0.0,0.0,,,
group_A,store_0,2018-04-05,0.0,0,114431,6850,0,292,9,0,0,0,0.0,0.0,,,
group_A,store_0,2018-04-06,200.0,0,137318,26504,0,292,74,0,0,0,0.0,0.0,,,
group_A,store_0,2018-04-07,4000.0,0,137318,26662,0,292,4,0,0,0,0.0,0.0,,,
group_A,store_0,2018-04-08,10000.0,0,137318,13743,0,292,94,0,0,0,0.0,0.0,,,
group_A,store_0,2018-04-09,1300.0,0,20598,19449,0,0,118,0,0,0,0.0,0.0,,,
group_A,store_0,2018-04-10,0.0,0,0,6808,0,0,80,0,0,0,0.0,0.0,,,
group_A,store_0,2018-04-11,0.0,0,0,0,0,0,5,0,0,0,0.0,0.0,,,
group_A,store_0,2018-04-12,0.0,0,0,0,0,0,5,0,0,0,0.0,0.0,,,
group_A,store_0,2018-04-13,200.0,0,0,0,0,0,0,0,0,0,0.0,0.0,,,
group_A,store_0,2018-04-14,4000.0,0,0,0,0,0,0,0,0,0,0.0,0.0,,,
group_A,store_0,2018-04-15,10000.0,0,184,0,0,0,0,0,0,0,0.0,0.0,,,
group_A,store_0,2018-04-16,1300.0,0,734,0,0,0,0,0,0,0,0.0,0.0,,,
group_A,store_0,2018-04-17,0.0,0,3667,0,0,0,0,0,0,0,0.0,0.0,,,
group_A,store_0,2018-04-18,121.0,0,3667,0,0,0,0,0,0,0,0.0,0.0,,,
group_A,store_0,2018-04-19,2606.0,0,3667,1960,0,0,0,0,0,0,0.0,0.0,,,
group_A,store_0,2018-04-20,10213.0,0,551,5600,0,0,0,0,0,0,0.0,0.0,,,
group_A,store_0,2018-04-21,14782.0,0,0,1960,0,0,0,0,0,0,0.0,0.0,,,
group_A,store_0,2018-04-22,11300.0,0,0,0,0,0,0,0,0,0,0.0,0.0,,,
group_A,store_0,2018-04-23,1300.0,0,0,0,0,0,0,0,0,0,0.0,0.0,,,
group_A,store_0,2018-04-24,0.0,0,0,0,0,0,0,0,0,0,0.0,0.0,,,
group_A,store_0,2018-04-25,0.0,0,0,0,0,0,0,0,0,0,0.0,0.0,,,
group_A,store_0,2018-04-26,0.0,0,0,0,0,0,0,0,0,0,0.0,0.0,,,
group_A,store_0,2018-04-27,200.0,0,0,0,0,0,0,0,0,0,0.0,0.0,,,
group_A,store_0,2018-04-28,4000.0,0,0,0,0,0,0,0,0,0,0.0,0.0,,,
group_A,store_0,2018-04-29,10000.0,0,0,0,0,0,0,0,0,0,0.0,0.0,,,
group_A,store_0,2018-04-30,1300.0,0,0,0,0,0,0,0,0,0,0.0,0.0,,,
group_A,store_0,2018-05-01,0.0,0,0,0,0,0,0,0,0,0,0.0,0.0,,,
group_A,store_0,2018-05-02,0.0,2550,0,0,0,0,0,0,0,0,0.0,0.0,,,
group_A,store_0,2018-05-03,200.0,6450,0,0,0,0,0,0,0,0,0.0,0.0,,,
group_A,store_0,2018-05-04,4200.0,6450,0,0,0,0,0,0,0,0,0.0,0.0,,,
group_A,store_0,2018-05-05,14000.0,15000,0,0,0,0,70,0,0,0,0.0,0.0,,,
group_A,store_0,2018-05-06,11300.0,15000,175,0,0,0,0,0,0,0,0.0,0.0,,,
group_A,store_0,2018-05-07,1300.0,15000,700,0,0,0,0,0,0,0,0.0,0.0,,,
group_A,store_0,2018-05-08,0.0,15000,3500,0,0,0,65,0,0,0,0.0,0.0,,,
group_A,store_0,2018-05-09,200.0,15000,4250,0,78,0,0,0,0,0,0.0,0.0,,,
group_A,store_0,2018-05-10,4000.0,2250,5525,0,78,0,4,0,0,0,0.0,0.0,,,
group_A,store_0,2018-05-11,10200.0,0,500,6825,78,0,4,0,0,0,0.0,0.0,,,
group_A,store_0,2018-05-12,5300.0,0,0,19500,78,68,4,0,0,0,0.0,0.0,,,
group_A,store_0,2018-05-13,10000.0,0,0,6825,78,68,90,0,0,0,0.0,0.0,,,
group_A,store_0,2018-05-14,1300.0,0,0,0,146,68,28,0,0,0,0.0,0.0,,,
group_A,store_0,2018-05-15,0.0,0,0,0,146,135,25,0,0,0,0.0,0.0,,,
group_A,store_0,2018-05-16,0.0,0,250,0,68,213,0,0,0,0,0.0,0.0,,,
group_A,store_0,2018-05-17,0.0,0,1000,0,68,213,0,0,0,0,0.0,0.0,,,
group_A,store_0,2018-05-18,200.0,0,5000,0,360,213,65,0,0,0,0.0,0.0,,,
group_A,store_0,2018-05-19,4000.0,0,5429,0,360,213,0,0,0,0,0.0,0.0,,,
group_A,store_0,2018-05-20,10000.0,0,3607,0,360,213,70,0,0,0,0.0,0.0,,,
group_A,store_0,2018-05-21,1300.0,0,2381,0,360,213,0,0,0,0,0.0,0.0,,,
group_A,store_0,2018-05-22,0.0,0,2381,0,292,281,0,0,0,0,0.0,0.0,,,
group_A,store_0,2018-05-23,0.0,0,2381,0,292,281,0,0,0,0,0.0,0.0,,,
group_A,store_0,2018-05-24,200.0,0,239,0,292,281,0,0,0,0,0.0,0.0,,,
group_A,store_0,2018-05-25,4000.0,0,0,0,0,573,65,7,0,0,0.0,0.0,,,
group_A,store_0,2018-05-26,10000.0,0,0,0,0,573,0,7,0,0,0.0,0.0,,,
group_A,store_0,2018-05-27,1300.0,0,0,0,0,573,0,36,0,0,0.0,0.0,,,
group_A,store_0,2018-05-28,0.0,0,343,0,0,573,0,90,0,0,0.0,0.0,,,
group_A,store_0,2018-05-29,0.0,0,1370,0,0,573,65,13,0,0,0.0,0.0,,,
group_A,store_0,2018-05-30,0.0,0,6850,0,0,573,0,0,0,0,0.0,0.0,,,
group_A,store_0,2018-05-31,200.0,0,6850,0,0,573,0,0,0,0,0.0,0.0,,,
group_A,store_0,2018-06-01,4000.0,0,8220,0,0,573,0,0,0,0,0.0,0.0,,,
group_A,store_0,2018-06-02,10000.0,0,1233,0,0,573,0,0,0,0,0.0,0.0,,,
group_A,store_0,2018-06-03,1500.0,0,84,0,0,573,0,0,0,0,0.0,0.0,,,
group_A,store_0,2018-06-04,4200.0,0,334,2526,0,573,0,0,0,0,0.0,0.0,,,
group_A,store_0,2018-06-05,14200.0,0,1667,7215,0,573,0,0,0,0,0.0,0.0,,,
group_A,store_0,2018-06-06,15300.0,0,1667,4486,0,573,0,0,0,0,0.0,0.0,,,
group_A,store_0,2018-06-07,11300.0,0,1667,5600,0,573,0,0,0,0,0.0,0.0,,,
group_A,store_0,2018-06-08,1300.0,0,251,1960,0,573,0,0,0,0,0.0,0.0,,,
group_A,store_0,2018-06-09,0.0,0,1716,0,0,573,0,0,0,0,0.0,0.0,,,
group_A,store_0,2018-06-10,200.0,0,11488,0,0,573,0,0,0,0,0.0,0.0,,,
group_A,store_0,2018-06-11,4200.0,0,11869,0,0,573,0,0,0,0,0.0,0.0,,,
group_A,store_0,2018-06-12,14200.0,0,16449,0,0,573,0,0,0,0,0.0,0.0,,,
group_A,store_0,2018-06-13,15300.0,0,8301,0,0,573,0,0,0,0,0.0,0.0,,,
group_A,store_0,2018-06-14,11300.0,0,5977,0,0,573,74,0,0,0,0.0,0.0,,,
group_A,store_0,2018-06-15,1300.0,0,860,0,0,573,4,0,0,0,7.0,0.0,,,
group_A,store_0,2018-06-16,0.0,0,0,0,0,573,4,0,0,0,21.0,0.0,,,
group_A,store_0,2018-06-17,400.0,0,0,0,0,573,90,0,0,0,62.0,0.0,,,
group_A,store_0,2018-06-18,8200.0,0,0,0,0,573,28,3,0,0,65.0,0.0,,,
group_A,store_0,2018-06-19,24200.0,0,0,0,0,573,25,70,0,0,32.0,0.0,,,
group_A,store_0,2018-06-20,16990.0,0,0,0,0,573,0,39,0,0,14.0,0.0,,,
group_A,store_0,2018-06-21,19100.0,0,0,0,0,573,0,2,0,0,6.0,0.0,,,
group_A,store_0,2018-06-22,20800.0,0,0,0,0,573,0,2,0,0,0.0,0.0,,,
group_A,store_0,2018-06-23,2535.0,0,0,0,0,573,0,0,0,0,0.0,0.0,,,
group_A,store_0,2018-06-24,400.0,0,0,0,0,573,0,0,0,0,0.0,0.0,,,
group_A,store_0,2018-06-25,8200.0,0,0,0,0,573,0,0,0,0,0.0,0.0,,,
group_A,store_0,2018-06-26,24200.0,0,0,0,0,573,0,0,0,0,0.0,0.0,,,
group_A,store_0,2018-06-27,16600.0,0,0,0,0,573,0,0,0,0,7.0,0.0,,,
group_A,store_0,2018-06-28,11300.0,0,0,0,0,573,0,0,0,0,21.0,0.0,,,
group_A,store_0,2018-06-29,1300.0,0,1589,0,0,573,0,0,0,0,62.0,0.0,,,
group_A,store_0,2018-06-30,0.0,0,10588,0,0,573,0,0,0,0,65.0,0.0,,,
group_A,store_0,2018-07-01,400.0,0,10588,0,0,573,0,4,0,0,80.0,0.0,,,
group_A,store_0,2018-07-02,8200.0,0,8824,0,0,573,0,31,0,0,80.0,0.0,,,
group_A,store_0,2018-07-03,24200.0,0,883,0,0,573,0,40,0,0,80.0,0.0,,,
group_A,store_0,2018-07-04,16600.0,0,0,0,0,573,0,90,0,0,65.0,0.0,,,
group_A,store_0,2018-07-05,11300.0,0,0,0,0,573,0,0,0,0,35.0,0.0,,,
group_A,store_0,2018-07-06,1500.0,0,0,6825,0,573,0,0,0,0,22.0,0.0,,,
group_A,store_0,2018-07-07,4000.0,0,0,19500,0,573,0,0,0,0,13.0,0.0,,,
group_A,store_0,2018-07-08,10600.0,0,0,6825,0,573,0,0,0,0,0.0,0.0,,,
group_A,store_0,2018-07-09,13500.0,0,0,0,0,573,0,0,0,0,0.0,0.0,,,
group_A,store_0,2018-07-10,34200.0,0,0,0,0,573,0,0,0,0,0.0,0.0,,,
group_A,store_0,2018-07-11,17900.0,0,0,0,0,573,0,0,0,0,0.0,0.0,,,
group_A,store_0,2018-07-12,11300.0,0,0,0,0,573,0,0,0,0,0.0,0.0,,,
group_A,store_0,2018-07-13,1300.0,0,0,0,0,573,0,0,0,0,0.0,0.0,,,
group_A,store_0,2018-07-14,0.0,0,0,0,0,573,0,0,0,0,0.0,0.0,,,
group_A,store_0,2018-07-15,600.0,0,0,0,0,573,0,0,0,0,13.0,0.0,,,
group_A,store_0,2018-07-16,12200.0,0,0,0,0,573,0,0,0,0,31.0,0.0,,,
group_A,store_0,2018-07-17,34200.0,0,0,0,0,573,0,0,0,0,65.0,0.0,,,
group_A,store_0,2018-07-18,17900.0,0,0,0,0,573,0,0,0,0,35.0,0.0,,,
group_A,store_0,2018-07-19,11300.0,0,0,1960,0,573,0,0,0,0,22.0,0.0,,,
group_A,store_0,2018-07-20,1300.0,0,0,5600,0,573,0,0,0,0,13.0,0.0,,,
group_A,store_0,2018-07-21,0.0,0,520,1960,0,573,0,0,0,0,0.0,0.0,,,
group_A,store_0,2018-07-22,600.0,0,3204,0,0,573,0,0,0,0,0.0,0.0,,,
group_A,store_0,2018-07-23,12200.0,0,4389,0,0,573,0,0,0,0,0.0,0.0,,,
group_A,store_0,2018-07-24,34200.0,0,4656,0,0,573,0,0,0,0,0.0,0.0,,,
group_A,store_0,2018-07-25,17900.0,0,4221,0,0,573,0,0,0,0,0.0,0.0,,,
group_A,store_0,2018-07-26,11300.0,0,3074,0,0,573,0,0,0,0,0.0,0.0,,,
group_A,store_0,2018-07-27,1300.0,0,7136,0,0,573,65,0,0,0,0.0,0.0,,,
group_A,store_0,2018-07-28,0.0,0,5321,0,0,573,0,0,0,0,0.0,0.0,,,
group_A,store_0,2018-07-29,600.0,0,5000,0,0,573,0,0,0,0,0.0,0.0,,,
group_A,store_0,2018-07-30,12200.0,0,750,0,0,573,0,0,0,0,0.0,0.0,,,
group_A,store_0,2018-07-31,34200.0,0,0,0,0,573,0,0,0,0,0.0,0.0,,,
group_A,store_0,2018-08-01,17900.0,0,0,0,0,573,0,0,0,0,0.0,0.0,,,
group_A,store_0,2018-08-02,11300.0,0,0,1960,0,573,0,0,0,0,7.0,0.0,,,
group_A,store_0,2018-08-03,1300.0,0,0,7560,0,573,0,0,0,0,21.0,0.0,,,
group_A,store_0,2018-08-04,0.0,0,379,7560,0,573,70,0,0,0,62.0,0.0,,,
group_A,store_0,2018-08-05,600.0,0,2295,6331,0,573,0,0,0,0,65.0,0.0,,,
group_A,store_0,2018-08-06,12200.0,0,3301,12488,0,573,0,0,0,0,65.0,0.0,,,
group_A,store_0,2018-08-07,34200.0,0,3301,4371,0,573,0,0,0,0,32.0,0.0,,,
group_A,store_0,2018-08-08,17900.0,851,1831,0,0,573,0,0,0,0,65.0,0.0,,,
group_A,store_0,2018-08-09,11300.0,2150,251,0,0,573,0,0,0,0,35.0,0.0,,,
group_A,store_0,2018-08-10,1300.0,2150,0,0,0,573,0,0,0,0,22.0,0.0,,,
group_A,store_0,2018-08-11,0.0,5000,858,0,0,573,0,0,0,0,13.0,0.0,,,
group_A,store_0,2018-08-12,600.0,5000,5714,0,0,573,0,0,0,0,0.0,0.0,,,
group_A,store_0,2018-08-13,12200.0,750,4762,0,0,573,0,0,0,0,13.0,0.0,,,
group_A,store_0,2018-08-14,34200.0,0,4762,0,0,573,0,0,0,0,31.0,0.0,,,
group_A,store_0,2018-08-15,17900.0,0,4762,0,0,573,0,0,0,0,65.0,0.0,,,
group_A,store_0,2018-08-16,11300.0,0,477,0,0,573,0,0,0,0,65.0,0.0,,,
group_A,store_0,2018-08-17,1300.0,0,0,0,0,573,0,0,0,0,65.0,0.0,,,
group_A,store_0,2018-08-18,0.0,0,0,0,0,573,0,0,0,0,32.0,0.0,,,
group_A,store_0,2018-08-19,600.0,0,3000,0,0,573,0,0,0,0,14.0,0.0,,,
group_A,store_0,2018-08-20,12200.0,0,20000,0,0,573,0,0,0,0,6.0,0.0,,,
group_A,store_0,2018-08-21,34200.0,0,2000,0,0,573,0,0,0,0,0.0,0.0,,,
group_A,store_0,2018-08-22,17900.0,0,0,0,0,573,70,0,0,0,0.0,0.0,,,
group_A,store_0,2018-08-23,11500.0,0,0,0,0,573,0,0,0,0,0.0,0.0,,,
group_A,store_0,2018-08-24,5300.0,0,0,0,0,573,0,0,0,0,0.0,0.0,,,
group_A,store_0,2018-08-25,10000.0,0,0,0,0,573,0,0,0,0,0.0,0.0,,,
group_A,store_0,2018-08-26,1900.0,0,0,0,0,573,0,0,0,0,0.0,0.0,,,
group_A,store_0,2018-08-27,12200.0,0,0,0,0,146,0,0,0,0,0.0,0.0,,,
group_A,store_0,2018-08-28,34200.0,0,0,0,0,146,0,0,0,0,13.0,0.0,,,
group_A,store_0,2018-08-29,17900.0,0,0,0,0,146,0,0,0,0,31.0,0.0,,,
group_A,store_0,2018-08-30,11300.0,0,0,0,0,146,0,0,0,0,65.0,0.0,,,
group_A,store_0,2018-08-31,1300.0,0,0,0,0,146,0,7,0,0,35.0,0.0,,,
group_A,store_0,2018-09-01,0.0,0,0,0,0,146,0,7,0,0,22.0,0.0,,,
group_A,store_0,2018-09-02,600.0,0,0,0,0,146,70,36,0,0,62.0,0.0,,,
group_A,store_0,2018-09-03,12200.0,0,0,0,0,146,0,90,0,0,65.0,0.0,,,
group_A,store_0,2018-09-04,34200.0,0,0,0,0,68,0,13,0,0,65.0,0.0,,,
group_A,store_0,2018-09-05,17900.0,0,0,0,0,0,0,0,0,0,32.0,0.0,,,
group_A,store_0,2018-09-06,11300.0,0,0,0,0,0,0,0,0,0,65.0,0.0,,,
group_A,store_0,2018-09-07,1300.0,0,0,0,0,0,0,0,0,0,35.0,0.0,,,
group_A,store_0,2018-09-08,0.0,0,0,0,0,0,0,0,0,0,22.0,0.0,,,
group_A,store_0,2018-09-09,600.0,0,0,0,0,0,0,0,0,0,13.0,0.0,,,
group_A,store_0,2018-09-10,12200.0,0,0,0,0,0,0,0,0,0,0.0,0.0,,,
group_A,store_0,2018-09-11,34000.0,0,0,0,0,0,0,0,0,0,0.0,0.0,,,
group_A,store_0,2018-09-12,13900.0,0,750,0,0,0,0,0,0,0,0.0,0.0,,,
group_A,store_0,2018-09-13,1300.0,0,5000,0,0,0,0,0,0,0,0.0,0.0,,,
group_A,store_0,2018-09-14,0.0,0,1824,0,0,0,0,0,0,0,0.0,0.0,,,
group_A,store_0,2018-09-15,0.0,0,8824,0,0,0,0,0,0,0,0.0,0.0,,,
group_A,store_0,2018-09-16,200.0,0,8824,0,0,0,0,0,0,0,0.0,0.0,,,
group_A,store_0,2018-09-17,4000.0,0,7353,0,0,0,65,0,0,0,0.0,0.0,,,
group_A,store_0,2018-09-18,10200.0,0,736,6193,0,0,70,0,0,0,0.0,0.0,,,
group_A,store_0,2018-09-19,5300.0,0,0,17692,0,0,0,0,0,0,0.0,0.0,,,
group_A,store_0,2018-09-20,10000.0,0,0,6193,0,0,0,0,0,0,0.0,0.0,,,
group_A,store_0,2018-09-21,1300.0,0,0,0,0,0,0,0,0,0,0.0,0.0,,,
group_A,store_0,2018-09-22,0.0,0,0,0,0,0,0,0,0,0,0.0,0.0,,,
group_A,store_0,2018-09-23,0.0,0,0,6193,0,0,0,0,0,0,0.0,0.0,,,
group_A,store_0,2018-09-24,0.0,0,108,17692,0,0,0,0,0,0,0.0,0.0,,,
group_A,store_0,2018-09-25,200.0,0,429,12208,0,0,0,0,0,0,0.0,0.0,,,
group_A,store_0,2018-09-26,4000.0,0,2143,17184,0,0,0,0,0,0,0.0,0.0,,,
group_A,store_0,2018-09-27,10000.0,0,2143,6015,0,0,4,0,0,0,0.0,0.0,,,
group_A,store_0,2018-09-28,1300.0,0,5572,0,0,0,4,0,0,0,0.0,0.0,,,
group_A,store_0,2018-09-29,0.0,0,22572,0,0,0,4,0,0,0,0.0,0.0,,,
group_A,store_0,2018-09-30,0.0,0,7122,0,0,0,90,0,0,0,0.0,0.0,,,
group_A,store_0,2018-10-01,0.0,0,17386,0,0,0,28,0,0,0,0.0,0.0,,,
group_A,store_0,2018-10-02,200.0,0,3874,0,0,0,25,0,0,0,0.0,0.0,,,
group_A,store_0,2018-10-03,4000.0,0,8696,5991,0,0,0,0,0,0,0.0,0.0,,,
group_A,store_0,2018-10-04,10200.0,0,43478,23942,0,0,0,0,0,0,0.0,0.0,,,
group_A,store_0,2018-10-05,5300.0,0,52174,25491,0,0,0,14,0,0,0.0,0.0,,,
group_A,store_0,2018-10-06,10000.0,0,52258,6825,0,78,0,36,0,0,0.0,0.0,,,
group_A,store_0,2018-10-07,1300.0,0,52508,6825,0,78,0,94,0,0,0.0,0.0,,,
group_A,store_0,2018-10-08,0.0,0,9494,19500,0,78,0,320,0,0,0.0,0.0,,,
group_A,store_0,2018-10-09,200.0,0,2417,6825,0,0,0,50,0,0,0.0,0.0,,,
group_A,store_0,2018-10-10,4200.0,0,6667,5952,0,0,0,0,0,0,0.0,0.0,,,
group_A,store_0,2018-10-11,14000.0,0,751,23829,0,0,0,0,0,0,0.0,0.0,,,
group_A,store_0,2018-10-12,11300.0,0,375,31432,0,0,0,0,0,0,0.0,0.0,,,
group_A,store_0,2018-10-13,1300.0,0,2500,23910,0,0,70,0,0,0,0.0,0.0,,,
group_A,store_0,2018-10-14,0.0,0,2500,5980,0,0,0,0,0,0,0.0,0.0,,,
group_A,store_0,2018-10-15,0.0,0,250,6038,0,0,65,0,0,0,0.0,0.0,,,
group_A,store_0,2018-10-16,0.0,0,0,23639,0,0,0,0,0,0,0.0,0.0,,,
group_A,store_0,2018-10-17,0.0,0,0,24287,0,0,0,0,0,0,0.0,0.0,,,
group_A,store_0,2018-10-18,0.0,0,0,6388,0,0,0,0,0,0,0.0,0.0,,,
group_A,store_0,2018-10-19,0.0,0,0,6800,0,0,0,0,0,0,0.0,0.0,,,
group_A,store_0,2018-10-20,0.0,0,0,25519,0,0,0,0,0,0,0.0,0.0,,,
group_A,store_0,2018-10-21,0.0,4081,0,24204,0,0,0,0,0,0,0.0,0.0,,,
group_A,store_0,2018-10-22,0.0,10320,0,12048,0,0,0,0,0,0,0.0,0.0,,,
group_A,store_0,2018-10-23,0.0,10320,55,17016,0,0,0,0,0,0,0.0,0.0,,,
group_A,store_0,2018-10-24,0.0,24000,218,5956,0,0,0,0,0,0,0.0,0.0,,,
group_A,store_0,2018-10-25,0.0,24000,1087,6935,0,0,0,0,0,0,0.0,0.0,,,
group_A,store_0,2018-10-26,200.0,24000,1304,21772,0,0,0,0,0,0,0.0,0.0,,,
group_A,store_0,2018-10-27,4000.0,24000,1614,12535,0,0,0,0,0,0,0.0,0.0,,,
group_A,store_0,2018-10-28,10000.0,3600,3497,8688,0,0,0,0,0,0,0.0,0.0,,,
group_A,store_0,2018-10-29,1300.0,0,2437,19221,0,0,0,0,0,0,0.0,0.0,,,
group_A,store_0,2018-10-30,0.0,0,4325,13132,0,0,0,0,0,0,0.0,0.0,,,
group_A,store_0,2018-10-31,0.0,0,2778,18295,0,0,90,0,0,0,0.0,0.0,,,
group_A,store_0,2018-11-01,0.0,0,391,6404,0,0,69,0,0,0,0.0,0.0,,,
group_A,store_0,2018-11-02,0.0,0,1500,6825,0,0,69,0,0,0,0.0,0.0,,,
group_A,store_0,2018-11-03,0.0,0,10000,25417,0,0,0,0,0,0,0.0,0.0,,,
group_A,store_0,2018-11-04,0.0,0,10000,30664,0,0,0,0,0,0,0.0,0.0,,,
group_A,store_0,2018-11-05,200.0,0,1000,31829,0,0,0,6,0,0,0.0,0.0,,,
group_A,store_0,2018-11-06,4000.0,0,114,24363,0,0,0,140,0,0,0.0,0.0,,,
group_A,store_0,2018-11-07,10000.0,0,455,6100,0,0,70,78,0,0,0.0,0.0,,,
group_A,store_0,2018-11-08,1300.0,0,2273,0,0,0,4,4,0,0,0.0,0.0,,,
group_A,store_0,2018-11-09,200.0,0,2727,0,0,0,4,11,23,0,0.0,0.0,,,
group_A,store_0,2018-11-10,4000.0,0,2605,3853,0,0,4,7,43,0,0.0,0.0,,,
group_A,store_0,2018-11-11,10000.0,1275,13885,16992,0,0,90,126,65,0,0.0,0.0,,,
group_A,store_0,2018-11-12,1300.0,3225,16152,25905,0,0,28,95,30,0,0.0,0.0,,,
group_A,store_0,2018-11-13,0.0,3225,7972,9067,0,0,25,13,18,0,0.0,0.0,,,
group_A,store_0,2018-11-14,0.0,7500,1098,5046,0,0,0,0,34,16,0.0,0.0,,,
group_A,store_0,2018-11-15,0.0,7500,464,18236,0,0,0,0,65,80,0.0,0.0,,,
group_A,store_0,2018-11-16,0.0,1125,2318,22258,0,0,0,0,0,0,0.0,0.0,,,
group_A,store_0,2018-11-17,0.0,0,2318,21825,0,0,0,0,0,0,0.0,0.0,,,
group_A,store_0,2018-11-18,0.0,0,2318,12278,0,0,0,0,0,0,0.0,0.0,,,
group_A,store_0,2018-11-19,0.0,0,348,24006,0,0,0,18,0,0,0.0,0.0,,,
group_A,store_0,2018-11-20,0.0,0,0,31841,0,0,0,18,0,0,0.0,0.0,,,
group_A,store_0,2018-11-21,0.0,0,473,24232,0,213,70,49,0,0,0.0,0.0,,,
group_A,store_0,2018-11-22,0.0,0,1891,12686,0,573,36,90,0,0,0.0,0.0,,,
group_A,store_0,2018-11-23,0.0,0,9455,28278,0,573,90,0,0,0,0.0,0.0,,,
group_A,store_0,2018-11-24,0.0,0,9455,33287,0,573,1,0,0,0,0.0,0.0,,,
group_A,store_0,2018-11-25,0.0,0,9455,15179,0,573,4,0,0,0,0.0,0.0,,,
group_A,store_0,2018-11-26,520.0,0,7879,16709,0,0,90,0,0,0,0.0,0.0,,,
group_A,store_0,2018-11-27,10383.0,0,7993,5849,0,0,55,0,0,0,0.0,0.0,,,
group_A,store_0,2018-11-28,25957.0,0,9641,0,0,0,5,0,0,0,0.0,0.0,,,
group_A,store_0,2018-11-29,17457.0,0,8680,0,0,0,5,0,0,0,0.0,0.0,,,
group_A,store_0,2018-11-30,24147.0,0,28848,6935,0,0,0,0,0,0,0.0,0.0,,,
group_A,store_0,2018-12-01,37936.0,1621,26531,25925,0,0,0,0,0,0,0.0,0.0,,,
group_A,store_0,2018-12-02,31247.0,4100,26121,31203,0,0,0,0,0,0,0.0,0.0,,,
group_A,store_0,2018-12-03,17457.0,4100,3919,28528,0,0,70,0,0,0,0.0,0.0,,,
group_A,store_0,2018-12-04,20157.0,9533,0,15303,0,0,0,0,0,0,0.0,0.0,,,
group_A,store_0,2018-12-05,29957.0,9533,0,2975,0,0,0,0,0,0,0.0,0.0,,,
group_A,store_0,2018-12-06,27257.0,9533,0,1960,0,0,0,0,0,0,0.0,0.0,,,
group_A,store_0,2018-12-07,21247.0,1430,0,17678,0,0,0,0,0,0,0.0,0.0,,,
group_A,store_0,2018-12-08,23936.0,0,0,47536,0,0,0,0,0,0,0.0,0.0,,,
group_A,store_0,2018-12-09,19947.0,0,0,43703,0,0,0,0,0,0,0.0,0.0,,,
group_A,store_0,2018-12-10,15957.0,0,0,11070,68,0,0,0,0,0,0.0,0.0,,,
group_A,store_0,2018-12-11,15957.0,0,0,0,68,0,0,0,0,0,0.0,0.0,,,
group_A,store_0,2018-12-12,15957.0,0,0,0,68,0,70,0,0,0,0.0,0.0,,,
group_A,store_0,2018-12-13,15957.0,0,0,6105,68,0,70,0,0,0,0.0,0.0,,,
group_A,store_0,2018-12-14,19947.0,0,0,24266,68,0,0,0,0,0,0.0,0.0,,,
group_A,store_0,2018-12-15,23936.0,0,0,31786,284,0,0,0,0,0,0.0,0.0,,,
group_A,store_0,2018-12-16,19947.0,0,0,27712,284,0,0,0,0,0,0.0,0.0,,,
group_A,store_0,2018-12-17,16157.0,0,0,21556,438,0,0,0,0,0,0.0,0.0,,,
group_A,store_0,2018-12-18,19957.0,0,0,26808,438,67,70,0,0,0,0.0,0.0,,,
group_A,store_0,2018-12-19,25957.0,0,0,16319,438,67,0,0,0,0,0.0,0.0,,,
group_A,store_0,2018-12-20,17257.0,0,0,26490,438,67,0,0,0,0,0.0,0.0,,,
group_A,store_0,2018-12-21,19947.0,0,0,31625,370,135,0,10,0,0,0.0,0.0,,,
group_A,store_0,2018-12-22,23936.0,0,0,28836,0,573,0,10,0,0,0.0,0.0,,,
group_A,store_0,2018-12-23,19947.0,0,0,23125,0,573,4,39,0,0,0.0,0.0,,,
group_A,store_0,2018-12-24,15957.0,0,0,9599,0,573,90,99,0,0,0.0,0.0,,,
group_A,store_0,2018-12-25,15957.0,0,0,16731,0,573,55,243,0,0,0.0,0.0,,,
group_A,store_0,2018-12-26,15957.0,0,0,35709,0,573,5,80,0,0,0.0,0.0,,,
group_A,store_0,2018-12-27,15957.0,0,0,28299,0,573,5,6,0,0,0.0,0.0,,,
group_A,store_0,2018-12-28,19947.0,0,0,6303,0,573,0,7,0,0,0.0,0.0,,,
group_A,store_0,2018-12-29,23936.0,0,0,0,0,573,0,3,0,0,0.0,0.0,,,
group_A,store_0,2018-12-30,19947.0,0,0,1960,0,573,4,3,0,0,0.0,0.0,,,
group_A,store_0,2018-12-31,15957.0,0,0,5600,0,573,90,3,0,0,0.0,0.0,,,
group_A,store_0,2019-01-01,15957.0,0,0,8263,0,573,55,90,0,0,0.0,0.0,,,
group_A,store_0,2019-01-02,15957.0,0,0,18006,0,357,5,2,0,0,0.0,0.0,,,
group_A,store_0,2019-01-03,15957.0,0,0,13128,0,357,5,2,0,0,0.0,0.0,,,
group_A,store_0,2019-01-04,19947.0,0,0,26325,0,357,0,0,0,0,0.0,0.0,,,
group_A,store_0,2019-01-05,23936.0,0,428,33150,0,357,0,0,0,0,0.0,0.0,,,
group_A,store_0,2019-01-06,19947.0,0,2850,26325,0,357,4,0,0,0,0.0,0.0,,,
group_A,store_0,2019-01-07,15957.0,0,2375,6825,0,357,90,0,0,0,0.0,0.0,,,
group_A,store_0,2019-01-08,2075.0,0,2375,0,0,357,55,0,0,0,0.0,0.0,,,
group_A,store_0,2019-01-09,0.0,0,238,6279,0,357,5,0,0,0,0.0,0.0,,,
group_A,store_0,2019-01-10,0.0,0,0,24873,0,357,5,0,0,0,0.0,0.0,,,
group_A,store_0,2019-01-11,0.0,0,0,26091,0,357,0,0,0,0,0.0,0.0,,,
group_A,store_0,2019-01-12,0.0,0,1941,13444,0,357,0,0,0,0,0.0,0.0,,,
group_A,store_0,2019-01-13,0.0,0,12938,18596,0,357,4,0,0,0,0.0,0.0,,,
group_A,store_0,2019-01-14,0.0,0,10781,12682,0,357,90,0,0,0,0.0,0.0,,,
group_A,store_0,2019-01-15,0.0,0,11052,17636,0,357,55,0,0,0,0.0,0.0,,,
group_A,store_0,2019-01-16,0.0,0,2161,12275,0,357,5,0,0,0,0.0,0.0,,,
group_A,store_0,2019-01-17,0.0,0,5405,19394,0,357,5,0,0,0,0.0,0.0,,,
group_A,store_0,2019-01-18,0.0,733,6486,11702,0,357,0,7,0,0,0.0,0.0,,,
group_A,store_0,2019-01-19,0.0,1853,2541,1960,0,357,0,7,0,0,0.0,0.0,,,
group_A,store_0,2019-01-20,0.0,1853,4360,6823,0,357,0,36,0,0,0.0,0.0,,,
group_A,store_0,2019-01-21,0.0,4308,3121,19493,0,357,0,90,0,0,0.0,0.0,,,
group_A,store_0,2019-01-22,0.0,4308,4061,13410,0,290,0,13,0,0,0.0,0.0,,,
group_A,store_0,2019-01-23,0.0,4308,8423,18819,0,290,0,0,0,0,0.0,0.0,,,
group_A,store_0,2019-01-24,0.0,647,10697,6587,0,290,0,0,0,0,0.0,0.0,,,
group_A,store_0,2019-01-25,0.0,0,25946,6876,0,214,0,0,0,0,0.0,0.0,,,
group_A,store_0,2019-01-26,0.0,0,21446,29541,0,214,0,0,0,0,0.0,0.0,,,
group_A,store_0,2019-01-27,0.0,0,20946,35150,0,214,0,0,0,0,0.0,0.0,,,
group_A,store_0,2019-01-28,0.0,0,3143,20618,0,0,0,0,0,0,0.0,0.0,,,
group_A,store_0,2019-01-29,0.0,0,0,26691,0,0,0,0,0,0,0.0,0.0,,,
group_A,store_0,2019-01-30,0.0,0,0,24850,0,0,0,0,0,0,0.0,0.0,,,
group_A,store_0,2019-01-31,0.0,1126,0,13016,0,0,0,0,0,0,0.0,0.0,,,
group_A,store_0,2019-02-01,0.0,2846,0,24457,0,0,0,0,0,0,0.0,0.0,,,
group_A,store_0,2019-02-02,0.0,2846,1072,27200,0,0,0,0,0,0,0.0,0.0,,,
group_A,store_0,2019-02-03,0.0,6618,7143,21254,0,0,30,0,0,0,0.0,0.0,,,
group_A,store_0,2019-02-04,0.0,6618,5952,30049,0,0,30,0,0,0,0.0,0.0,,,
group_A,store_0,2019-02-05,0.0,6618,5952,32081,0,0,90,0,0,0,0.0,0.0,,,
group_A,store_0,2019-02-06,0.0,6618,5952,23097,0,0,32,0,0,0,0.0,0.0,,,
group_A,store_0,2019-02-07,0.0,993,596,12200,0,0,7,0,0,0,0.0,0.0,,,
group_A,store_0,2019-02-08,0.0,0,0,30311,0,0,7,0,0,0,0.0,0.0,,,
group_A,store_0,2019-02-09,0.0,0,750,47563,0,0,0,0,0,0,0.0,0.0,,,
group_A,store_0,2019-02-10,0.0,0,3000,29750,0,0,0,0,0,0,0.0,0.0,,,
group_A,store_0,2019-02-11,0.0,0,15000,6106,0,0,0,3,0,0,0.0,0.0,,,
group_A,store_0,2019-02-12,0.0,0,15000,6645,0,0,0,70,0,0,0.0,0.0,,,
group_A,store_0,2019-02-13,0.0,0,5392,18983,0,0,14,39,0,0,0.0,0.0,,,
group_A,store_0,2019-02-14,0.0,0,20567,6645,0,0,90,2,0,0,0.0,0.0,,,
group_A,store_0,2019-02-15,0.0,0,6282,0,0,0,0,9,0,0,0.0,0.0,,,
group_A,store_0,2019-02-16,0.0,0,12488,6935,0,0,0,29,0,0,0.0,0.0,,,
group_A,store_0,2019-02-17,0.0,0,12488,19812,0,0,0,58,0,0,0.0,0.0,,,
group_A,store_0,2019-02-18,0.0,0,6638,6935,0,0,0,230,0,0,0.0,0.0,,,
group_A,store_0,2019-02-19,0.0,0,5963,0,0,0,0,37,0,0,0.0,0.0,,,
group_A,store_0,2019-02-20,0.0,0,597,6045,0,0,0,0,0,0,0.0,0.0,,,
group_A,store_0,2019-02-21,0.0,0,0,23955,0,0,0,0,0,0,0.0,0.0,,,
group_A,store_0,2019-02-22,0.0,0,674,37707,0,0,0,0,0,0,0.0,0.0,,,
group_A,store_0,2019-02-23,0.0,0,6449,48891,0,0,0,0,0,0,0.0,0.0,,,
group_A,store_0,2019-02-24,0.0,0,15324,30585,0,0,0,0,0,0,0.0,0.0,,,
group_A,store_0,2019-02-25,0.0,0,26659,12549,0,0,0,0,0,0,0.0,0.0,,,
group_A,store_0,2019-02-26,0.0,0,24043,23788,0,0,0,0,0,0,0.0,0.0,,,
group_A,store_0,2019-02-27,0.0,0,22292,29405,0,0,0,0,0,0,0.0,0.0,,,
group_A,store_0,2019-02-28,0.0,0,3001,29595,0,0,0,0,0,0,0.0,0.0,,,
group_A,store_0,2019-03-01,0.0,0,0,23485,0,0,0,0,0,0,0.0,0.0,,,
group_A,store_0,2019-03-02,0.0,0,1704,12198,0,0,0,0,0,0,0.0,0.0,,,
group_A,store_0,2019-03-03,200.0,0,11360,17517,0,0,0,0,0,0,0.0,0.0,,,
group_A,store_0,2019-03-04,4000.0,0,5800,6131,0,0,65,0,0,0,0.0,0.0,,,
group_A,store_0,2019-03-05,10000.0,0,5474,0,0,0,70,0,0,0,0.0,0.0,,,
group_A,store_0,2019-03-06,1300.0,0,1226,0,0,0,0,0,0,0,0.0,0.0,,,
group_A,store_0,2019-03-07,0.0,0,3478,0,0,0,0,0,0,0,0.0,0.0,,,
group_A,store_0,2019-03-08,0.0,0,4924,13021,0,0,0,0,0,0,0.0,0.0,,,
group_A,store_0,2019-03-09,0.0,0,12915,37198,0,0,0,0,0,0,0.0,0.0,,,
group_A,store_0,2019-03-10,0.0,0,34737,13021,0,0,0,0,0,0,0.0,0.0,,,
group_A,store_0,2019-03-11,0.0,0,24408,0,0,0,0,0,0,0,0.0,0.0,,,
group_A,store_0,2019-03-12,0.0,0,33281,7279,0,0,0,0,0,0,0.0,0.0,,,
group_A,store_0,2019-03-13,0.0,0,14579,20796,0,0,0,0,0,0,0.0,0.0,,,
group_A,store_0,2019-03-14,0.0,0,1875,22756,0,0,4,0,0,0,0.0,0.0,,,
group_A,store_0,2019-03-15,0.0,0,0,31595,0,0,4,0,0,0,0.0,0.0,,,
group_A,store_0,2019-03-16,0.0,0,0,42049,0,214,4,0,0,0,0.0,0.0,,,
group_A,store_0,2019-03-17,0.0,0,0,36330,0,214,90,0,0,0,0.0,0.0,,,
group_A,store_0,2019-03-18,0.0,0,0,15179,0,214,28,0,0,0,0.0,0.0,,,
group_A,store_0,2019-03-19,0.0,0,223,24438,0,214,25,0,0,0,0.0,0.0,,,
group_A,store_0,2019-03-20,0.0,0,1307,24814,0,214,0,0,0,0,0.0,0.0,,,
group_A,store_0,2019-03-21,0.0,0,6107,13238,0,214,0,0,0,0,0.0,0.0,,,
group_A,store_0,2019-03-22,0.0,0,13660,19290,0,214,0,0,0,0,0.0,0.0,,,
group_A,store_0,2019-03-23,0.0,0,13660,13577,0,214,0,0,0,0,0.0,0.0,,,
group_A,store_0,2019-03-24,0.0,0,13660,25591,0,214,0,0,0,0,0.0,0.0,,,
group_A,store_0,2019-03-25,0.0,0,2052,24226,0,0,0,0,0,0,0.0,0.0,,,
group_A,store_0,2019-03-26,200.0,0,750,6091,0,0,0,0,0,0,0.0,0.0,,,
group_A,store_0,2019-03-27,4000.0,0,5215,6935,0,0,0,0,0,0,0.0,0.0,,,
group_A,store_0,2019-03-28,10000.0,0,1358,25961,0,0,0,0,0,0,0.0,0.0,,,
group_A,store_0,2019-03-29,1300.0,0,4286,26462,0,0,65,0,0,0,0.0,0.0,,,
group_A,store_0,2019-03-30,0.0,1871,4286,11749,0,0,0,0,0,0,0.0,0.0,,,
group_A,store_0,2019-03-31,0.0,4730,4411,8566,0,0,0,0,0,0,0.0,0.0,,,
group_A,store_0,2019-04-01,200.0,4730,4821,27017,0,0,0,0,0,0,0.0,0.0,,,
group_A,store_0,2019-04-02,4000.0,11000,11071,35667,0,0,0,0,0,0,0.0,0.0,,,
group_A,store_0,2019-04-03,10000.0,11000,3711,31293,0,0,0,0,0,0,0.0,0.0,,,
group_A,store_0,2019-04-04,1300.0,11000,1075,32649,0,0,0,0,0,0,0.0,0.0,,,
group_A,store_0,2019-04-05,0.0,1650,3500,36354,0,0,0,0,0,0,0.0,0.0,,,
group_A,store_0,2019-04-06,0.0,0,4250,34465,0,0,0,0,0,0,0.0,0.0,,,
group_A,store_0,2019-04-07,0.0,0,5525,26637,0,0,0,0,0,0,0.0,0.0,,,
group_A,store_0,2019-04-08,0.0,0,500,6935,0,0,0,0,0,0,0.0,0.0,,,
group_A,store_0,2019-04-09,0.0,0,0,6935,0,0,0,0,0,0,0.0,0.0,,,
group_A,store_0,2019-04-10,0.0,0,0,19812,0,0,0,0,0,0,0.0,0.0,,,
group_A,store_0,2019-04-11,0.0,0,1500,6935,0,0,0,0,0,0,0.0,0.0,,,
group_A,store_0,2019-04-12,0.0,0,10000,0,0,0,0,0,0,0,0.0,0.0,,,
group_A,store_0,2019-04-13,0.0,0,1000,0,0,68,0,0,0,0,0.0,0.0,,,
group_A,store_0,2019-04-14,0.0,0,0,0,0,68,0,0,0,0,0.0,0.0,,,
group_A,store_0,2019-04-15,0.0,0,0,0,0,68,0,0,0,0,0.0,0.0,,,
group_A,store_0,2019-04-16,0.0,0,0,0,0,68,0,0,0,0,0.0,0.0,,,
group_A,store_0,2019-04-17,0.0,0,6866,0,0,68,0,0,0,0,0.0,0.0,,,
group_A,store_0,2019-04-18,0.0,0,27464,1960,0,68,4,1,0,0,0.0,0.0,,,
group_A,store_0,2019-04-19,0.0,0,137318,14385,0,361,74,70,0,0,0.0,0.0,,,
group_A,store_0,2019-04-20,0.0,0,137318,27060,0,361,4,18,0,0,0.0,0.0,,,
group_A,store_0,2019-04-21,0.0,0,137318,8785,0,361,94,4,0,0,0.0,0.0,,,
group_A,store_0,2019-04-22,0.0,0,114431,0,0,293,118,4,0,0,0.0,0.0,,,
group_A,store_0,2019-04-23,0.0,0,114431,0,0,293,80,4,0,0,0.0,0.0,,,
group_A,store_0,2019-04-24,200.0,0,115265,0,0,293,5,4,0,0,0.0,0.0,,,
group_A,store_0,2019-04-25,4200.0,0,119765,0,0,293,9,0,0,0,0.0,0.0,,,
group_A,store_0,2019-04-26,14000.0,0,139485,0,0,293,74,0,0,0,0.0,0.0,,,
group_A,store_0,2019-04-27,11300.0,0,138985,0,0,293,4,0,0,0,0.0,0.0,,,
group_A,store_0,2019-04-28,1300.0,0,140035,0,0,293,94,0,0,0,0.0,0.0,,,
group_A,store_0,2019-04-29,0.0,0,27849,0,0,0,118,0,0,0,0.0,0.0,,,
group_A,store_0,2019-04-30,0.0,0,700,0,0,0,80,0,0,0,0.0,0.0,,,
group_A,store_0,2019-05-01,0.0,0,0,0,0,0,5,0,0,0,0.0,0.0,,,
group_A,store_0,2019-05-02,0.0,0,0,0,0,0,5,0,0,0,0.0,0.0,,,
group_A,store_0,2019-05-03,0.0,0,0,0,0,0,0,0,0,0,0.0,0.0,,,
group_A,store_0,2019-05-04,0.0,0,0,0,0,0,0,0,0,0,0.0,0.0,,,
group_A,store_0,2019-05-05,200.0,0,2000,0,0,0,70,0,0,0,0.0,0.0,,,
group_A,store_0,2019-05-06,4000.0,0,12000,0,0,0,0,0,0,0,0.0,0.0,,,
group_A,store_0,2019-05-07,10200.0,0,11850,0,0,0,0,0,0,0,0.0,0.0,,,
group_A,store_0,2019-05-08,5300.0,0,13397,0,0,0,65,0,0,0,0.0,0.0,,,
group_A,store_0,2019-05-09,10000.0,0,18479,0,0,0,4,0,0,0,0.0,0.0,,,
group_A,store_0,2019-05-10,1300.0,0,20374,0,0,0,4,0,0,0,0.0,0.0,,,
group_A,store_0,2019-05-11,200.0,0,18057,0,0,0,4,0,0,0,0.0,0.0,,,
group_A,store_0,2019-05-12,4000.0,0,2648,0,0,0,90,0,0,0,0.0,0.0,,,
group_A,store_0,2019-05-13,10200.0,0,1054,0,68,0,28,0,0,0,0.0,0.0,,,
group_A,store_0,2019-05-14,5500.0,0,6270,0,68,67,25,0,0,0,0.0,0.0,,,
group_A,store_0,2019-05-15,14000.0,0,6789,0,147,67,0,0,0,0,0.0,0.0,,,
group_A,store_0,2019-05-16,11300.0,0,7158,0,440,67,0,0,0,0,0.0,0.0,,,
group_A,store_0,2019-05-17,1300.0,0,6170,0,440,67,65,0,0,0,0.0,0.0,,,
group_A,store_0,2019-05-18,0.0,0,8669,0,440,135,0,0,0,0,0.0,0.0,,,
group_A,store_0,2019-05-19,0.0,0,18383,0,440,428,65,0,0,0,0.0,0.0,,,
group_A,store_0,2019-05-20,0.0,0,11498,0,440,428,0,0,0,0,0.0,0.0,,,
group_A,store_0,2019-05-21,0.0,0,10659,0,372,496,0,0,0,0,0.0,0.0,,,
group_A,store_0,2019-05-22,0.0,0,9637,0,293,575,0,0,0,0,0.0,0.0,,,
group_A,store_0,2019-05-23,200.0,0,953,0,0,575,0,0,0,0,0.0,0.0,,,
group_A,store_0,2019-05-24,4000.0,0,0,0,0,575,0,7,0,0,0.0,0.0,,,
group_A,store_0,2019-05-25,10000.0,0,0,0,0,575,65,7,0,0,0.0,0.0,,,
group_A,store_0,2019-05-26,1300.0,0,0,0,0,575,0,36,0,0,0.0,0.0,,,
group_A,store_0,2019-05-27,0.0,0,425,0,0,575,0,90,0,0,0.0,0.0,,,
group_A,store_0,2019-05-28,0.0,0,1933,0,0,575,0,13,0,0,0.0,0.0,,,
group_A,store_0,2019-05-29,0.0,0,9424,0,0,575,0,0,0,0,0.0,0.0,,,
group_A,store_0,2019-05-30,200.0,0,13188,0,0,575,0,0,0,0,0.0,0.0,,,
group_A,store_0,2019-05-31,4000.0,0,15826,6825,0,575,0,0,0,0,0.0,0.0,,,
group_A,store_0,2019-06-01,10000.0,0,7174,19500,0,575,0,0,0,0,0.0,0.0,,,
group_A,store_0,2019-06-02,1500.0,0,848,6825,0,575,0,0,0,0,0.0,0.0,,,
group_A,store_0,2019-06-03,4000.0,0,0,0,0,575,0,0,0,0,0.0,0.0,,,
group_A,store_0,2019-06-04,10200.0,0,0,0,0,575,70,0,0,0,0.0,0.0,,,
group_A,store_0,2019-06-05,5300.0,0,125,0,0,575,0,0,0,0,0.0,0.0,,,
group_A,store_0,2019-06-06,10000.0,0,1250,0,0,575,0,0,0,0,0.0,0.0,,,
group_A,store_0,2019-06-07,1300.0,0,8250,4325,0,575,0,0,0,0,0.0,0.0,,,
group_A,store_0,2019-06-08,0.0,0,9250,12357,0,575,0,0,0,0,0.0,0.0,,,
group_A,store_0,2019-06-09,200.0,0,10028,4325,0,575,70,0,0,0,0.0,0.0,,,
group_A,store_0,2019-06-10,4000.0,0,13728,0,0,575,0,0,0,0,0.0,0.0,,,
group_A,store_0,2019-06-11,10200.0,0,34001,0,0,575,0,0,0,0,0.0,0.0,,,
group_A,store_0,2019-06-12,5300.0,0,36501,0,0,575,0,0,0,0,0.0,0.0,,,
group_A,store_0,2019-06-13,10000.0,0,31001,6825,0,575,4,0,0,0,0.0,0.0,,,
group_A,store_0,2019-06-14,1300.0,0,4579,19500,0,575,74,0,0,0,0.0,0.0,,,
group_A,store_0,2019-06-15,200.0,0,0,6825,0,575,4,0,0,0,0.0,0.0,,,
group_A,store_0,2019-06-16,4200.0,0,0,0,0,575,90,0,0,0,0.0,0.0,,,
group_A,store_0,2019-06-17,14000.0,0,0,0,0,575,28,0,0,0,0.0,0.0,,,
group_A,store_0,2019-06-18,11300.0,0,0,0,0,575,25,27,0,0,0.0,0.0,,,
group_A,store_0,2019-06-19,1300.0,0,0,0,0,575,0,70,0,0,0.0,0.0,,,
group_A,store_0,2019-06-20,240.0,0,750,0,0,575,0,0,0,0,0.0,0.0,,,
group_A,store_0,2019-06-21,4800.0,0,5000,0,0,575,0,0,0,0,0.0,0.0,,,
group_A,store_0,2019-06-22,12000.0,0,2497,0,0,575,0,0,0,0,0.0,0.0,,,
group_A,store_0,2019-06-23,1760.0,0,13084,0,0,575,0,0,0,0,0.0,0.0,,,
group_A,store_0,2019-06-24,4000.0,0,12292,0,0,575,0,0,0,0,0.0,0.0,,,
group_A,store_0,2019-06-25,10400.0,0,12292,0,0,575,0,0,0,0,0.0,0.0,,,
group_A,store_0,2019-06-26,9300.0,0,2730,0,0,575,0,0,0,0,0.0,0.0,,,
group_A,store_0,2019-06-27,20000.0,0,251,0,0,575,0,0,0,0,0.0,0.0,,,
group_A,store_0,2019-06-28,2600.0,0,0,0,0,575,0,0,0,0,0.0,0.0,,,
group_A,store_0,2019-06-29,0.0,0,0,0,0,575,0,0,0,0,0.0,0.0,,,
group_A,store_0,2019-06-30,200.0,0,0,0,0,575,0,0,0,0,0.0,0.0,,,
group_A,store_0,2019-07-01,4000.0,0,0,0,0,575,0,18,0,0,0.0,0.0,,,
group_A,store_0,2019-07-02,10000.0,0,0,0,0,575,0,18,0,0,0.0,0.0,,,
group_A,store_0,2019-07-03,1300.0,0,0,0,0,575,0,49,0,0,0.0,0.0,,,
group_A,store_0,2019-07-04,0.0,0,0,0,0,575,0,90,0,0,0.0,0.0,,,
group_A,store_0,2019-07-05,0.0,0,0,0,0,575,0,0,0,0,0.0,0.0,,,
group_A,store_0,2019-07-06,0.0,0,0,0,0,575,0,0,0,0,0.0,0.0,,,
group_A,store_0,2019-07-07,200.0,0,0,0,0,575,0,0,0,0,0.0,0.0,,,
group_A,store_0,2019-07-08,4000.0,0,500,0,0,575,0,0,0,0,0.0,0.0,,,
group_A,store_0,2019-07-09,10000.0,0,2000,0,0,575,0,0,0,0,0.0,0.0,,,
group_A,store_0,2019-07-10,1300.0,0,10000,0,0,575,0,0,0,0,0.0,0.0,,,
group_A,store_0,2019-07-11,0.0,0,10000,0,0,575,0,0,0,0,0.0,0.0,,,
group_A,store_0,2019-07-12,200.0,0,1500,0,0,575,0,0,0,0,0.0,0.0,,,
group_A,store_0,2019-07-13,4000.0,0,20,0,0,575,0,0,0,0,0.0,0.0,,,
group_A,store_0,2019-07-14,10200.0,0,79,0,0,575,0,0,0,0,0.0,0.0,,,
group_A,store_0,2019-07-15,5300.0,0,391,0,0,575,0,0,0,0,0.0,0.0,,,
group_A,store_0,2019-07-16,10000.0,0,391,0,0,575,0,0,0,0,9.0,0.0,,,
group_A,store_0,2019-07-17,1500.0,0,391,0,0,575,0,0,0,0,16.0,0.0,,,
group_A,store_0,2019-07-18,4200.0,0,391,0,0,575,0,0,0,0,37.0,0.0,,,
group_A,store_0,2019-07-19,14000.0,0,469,0,0,575,0,0,0,0,80.0,0.0,,,
group_A,store_0,2019-07-20,11300.0,0,3524,0,0,575,0,0,0,0,80.0,0.0,,,
group_A,store_0,2019-07-21,1700.0,0,20186,0,0,575,0,0,0,0,80.0,0.0,,,
group_A,store_0,2019-07-22,8000.0,0,20849,0,0,575,0,0,0,0,32.0,0.0,,,
group_A,store_0,2019-07-23,20200.0,0,20849,0,0,575,0,0,0,0,16.0,0.0,,,
group_A,store_0,2019-07-24,6600.0,0,4662,0,0,575,0,0,0,0,9.0,0.0,,,
group_A,store_0,2019-07-25,10000.0,0,741,0,0,575,0,0,0,0,0.0,0.0,,,
group_A,store_0,2019-07-26,1300.0,0,469,0,0,575,0,0,0,0,0.0,0.0,,,
group_A,store_0,2019-07-27,0.0,0,71,0,0,575,65,0,0,0,0.0,0.0,,,
group_A,store_0,2019-07-28,400.0,0,0,0,0,575,0,0,0,0,0.0,0.0,,,
group_A,store_0,2019-07-29,8000.0,851,0,0,0,575,0,0,0,0,0.0,0.0,,,
group_A,store_0,2019-07-30,20000.0,2150,0,0,0,575,0,0,0,0,0.0,0.0,,,
group_A,store_0,2019-07-31,2600.0,2150,0,0,0,575,0,0,0,0,0.0,0.0,,,
group_A,store_0,2019-08-01,240.0,5000,0,0,0,575,0,0,0,0,0.0,0.0,,,
group_A,store_0,2019-08-02,4800.0,5000,0,0,0,575,0,0,0,0,0.0,0.0,,,
group_A,store_0,2019-08-03,12000.0,750,2813,0,0,575,0,0,0,0,0.0,0.0,,,
group_A,store_0,2019-08-04,1960.0,0,18750,0,0,575,70,0,0,0,0.0,0.0,,,
group_A,store_0,2019-08-05,8000.0,0,15625,0,0,575,0,0,0,0,0.0,0.0,,,
group_A,store_0,2019-08-06,20000.0,0,15625,0,0,575,0,0,0,0,0.0,0.0,,,
group_A,store_0,2019-08-07,2600.0,0,1647,0,0,575,0,0,0,0,0.0,0.0,,,
group_A,store_0,2019-08-08,0.0,0,334,0,0,575,0,0,0,0,0.0,0.0,,,
group_A,store_0,2019-08-09,0.0,0,1667,0,0,575,0,0,0,0,0.0,0.0,,,
group_A,store_0,2019-08-10,0.0,0,2525,0,0,575,0,0,0,0,0.0,0.0,,,
group_A,store_0,2019-08-11,400.0,0,7381,0,0,575,70,0,0,0,0.0,0.0,,,
group_A,store_0,2019-08-12,8000.0,0,5013,0,0,575,0,0,0,0,0.0,0.0,,,
group_A,store_0,2019-08-13,20240.0,0,4762,0,0,575,0,0,0,0,0.0,0.0,,,
group_A,store_0,2019-08-14,7400.0,0,4762,0,0,575,0,0,0,0,0.0,0.0,,,
group_A,store_0,2019-08-15,12000.0,0,477,0,0,575,0,0,0,0,0.0,0.0,,,
group_A,store_0,2019-08-16,1560.0,0,0,0,0,575,0,0,0,0,7.0,0.0,,,
group_A,store_0,2019-08-17,0.0,0,0,0,0,575,0,0,0,0,21.0,0.0,,,
group_A,store_0,2019-08-18,400.0,0,0,0,0,575,0,0,0,0,62.0,0.0,,,
group_A,store_0,2019-08-19,8000.0,0,0,0,0,575,0,0,0,0,65.0,0.0,,,
group_A,store_0,2019-08-20,20000.0,0,0,0,0,575,0,0,0,0,32.0,0.0,,,
group_A,store_0,2019-08-21,2600.0,0,0,0,0,575,0,0,0,0,65.0,0.0,,,
group_A,store_0,2019-08-22,200.0,0,0,0,0,575,0,0,0,0,65.0,0.0,,,
group_A,store_0,2019-08-23,4000.0,0,0,0,0,575,70,0,0,0,35.0,0.0,,,
group_A,store_0,2019-08-24,10000.0,0,0,0,0,575,0,0,0,0,22.0,0.0,,,
group_A,store_0,2019-08-25,1300.0,0,0,0,0,575,0,0,0,0,13.0,0.0,,,
group_A,store_0,2019-08-26,200.0,0,0,0,0,440,0,0,0,0,0.0,0.0,,,
group_A,store_0,2019-08-27,4400.0,0,0,0,0,147,0,0,0,0,0.0,0.0,,,
group_A,store_0,2019-08-28,18000.0,0,0,0,0,147,0,0,0,0,0.0,0.0,,,
group_A,store_0,2019-08-29,21300.0,0,0,0,0,147,0,0,0,0,0.0,0.0,,,
group_A,store_0,2019-08-30,2600.0,0,0,0,0,147,0,7,0,0,0.0,0.0,,,
group_A,store_0,2019-08-31,0.0,0,0,0,0,147,0,7,0,0,0.0,0.0,,,
group_A,store_0,2019-09-01,600.0,0,0,0,0,147,0,36,0,0,0.0,0.0,,,
group_A,store_0,2019-09-02,12200.0,0,0,0,0,147,0,90,0,0,0.0,0.0,,,
group_A,store_0,2019-09-03,34200.0,0,0,0,0,68,0,13,0,0,0.0,0.0,,,
group_A,store_0,2019-09-04,17900.0,0,35,0,0,0,0,0,0,0,0.0,0.0,,,
group_A,store_0,2019-09-05,11500.0,0,137,0,0,0,0,0,0,0,0.0,0.0,,,
group_A,store_0,2019-09-06,5300.0,0,5182,0,0,0,0,0,0,0,0.0,0.0,,,
group_A,store_0,2019-09-07,10000.0,0,30682,0,0,0,0,0,0,0,0.0,0.0,,,
group_A,store_0,2019-09-08,1700.0,0,3682,6825,0,0,0,0,0,0,0.0,0.0,,,
group_A,store_0,2019-09-09,8200.0,0,693,26325,0,0,0,0,0,0,0.0,0.0,,,
group_A,store_0,2019-09-10,24200.0,0,1068,26325,0,0,0,0,0,0,0.0,0.0,,,
group_A,store_0,2019-09-11,16600.0,0,3068,6825,0,0,0,0,0,0,0.0,0.0,,,
group_A,store_0,2019-09-12,11300.0,0,3068,1960,0,0,0,0,0,0,0.0,0.0,,,
group_A,store_0,2019-09-13,1300.0,0,2116,5600,0,0,0,0,0,0,0.0,0.0,,,
group_A,store_0,2019-09-14,0.0,0,7162,3920,0,0,0,0,0,0,0.0,0.0,,,
group_A,store_0,2019-09-15,0.0,0,7059,5600,0,0,0,0,0,0,0.0,0.0,,,
group_A,store_0,2019-09-16,200.0,0,5882,1960,0,0,0,0,0,0,0.0,0.0,,,
group_A,store_0,2019-09-17,4200.0,0,589,6193,0,0,65,0,0,0,0.0,0.0,,,
group_A,store_0,2019-09-18,14000.0,0,125,17692,0,0,70,0,0,0,0.0,0.0,,,
group_A,store_0,2019-09-19,11300.0,0,500,6193,0,0,0,0,0,0,0.0,0.0,,,
group_A,store_0,2019-09-20,1300.0,0,2500,0,0,0,0,0,0,0,0.0,0.0,,,
group_A,store_0,2019-09-21,0.0,0,2500,0,0,0,0,0,0,0,0.0,0.0,,,
group_A,store_0,2019-09-22,0.0,0,375,0,0,0,0,0,0,0,0.0,0.0,,,
group_A,store_0,2019-09-23,200.0,0,108,6193,0,0,0,0,0,0,0.0,0.0,,,
group_A,store_0,2019-09-24,4200.0,0,429,17692,0,0,0,0,0,0,0.0,0.0,,,
group_A,store_0,2019-09-25,14000.0,0,2893,12208,0,0,0,0,0,0,0.0,0.0,,,
group_A,store_0,2019-09-26,11300.0,0,7143,17184,0,0,4,0,0,0,0.0,0.0,,,
group_A,store_0,2019-09-27,1300.0,0,3072,6015,0,0,4,0,0,0,0.0,0.0,,,
group_A,store_0,2019-09-28,0.0,0,2572,0,0,0,4,0,0,0,0.0,0.0,,,
group_A,store_0,2019-09-29,0.0,0,2572,0,0,0,90,0,0,0,0.0,0.0,,,
group_A,store_0,2019-09-30,0.0,0,386,0,0,0,28,0,0,0,0.0,0.0,,,
group_A,store_0,2019-10-01,0.0,0,3468,1960,0,0,25,0,0,0,0.0,0.0,,,
group_A,store_0,2019-10-02,0.0,0,18420,11903,0,0,0,0,0,0,0.0,0.0,,,
group_A,store_0,2019-10-03,400.0,0,71848,19966,0,0,0,0,0,0,0.0,0.0,,,
group_A,store_0,2019-10-04,8000.0,0,66917,13128,0,0,0,0,0,0,0.0,0.0,,,
group_A,store_0,2019-10-05,20000.0,0,65774,19500,0,0,0,0,0,0,0.0,0.0,,,
group_A,store_0,2019-10-06,2600.0,0,68925,6825,0,0,0,0,0,0,0.0,0.0,,,
group_A,store_0,2019-10-07,0.0,0,12873,0,0,0,0,0,0,0,0.0,0.0,,,
group_A,store_0,2019-10-08,0.0,0,3090,0,0,0,0,0,0,0,0.0,0.0,,,
group_A,store_0,2019-10-09,0.0,0,2079,0,0,0,0,0,0,0,0.0,0.0,,,
group_A,store_0,2019-10-10,0.0,4250,11074,6825,0,0,0,0,0,0,0.0,0.0,,,
group_A,store_0,2019-10-11,0.0,10750,6367,25512,0,0,0,7,0,0,0.0,0.0,,,
group_A,store_0,2019-10-12,0.0,10750,5367,24002,0,79,0,29,0,0,0.0,0.0,,,
group_A,store_0,2019-10-13,0.0,25000,5367,6012,0,79,70,58,0,0,0.0,0.0,,,
group_A,store_0,2019-10-14,0.0,25000,806,0,0,79,0,230,0,0,0.0,0.0,,,
group_A,store_0,2019-10-15,0.0,25000,74,6825,0,0,65,37,0,0,0.0,0.0,,,
group_A,store_0,2019-10-16,0.0,25000,820,19500,0,0,0,0,0,0,0.0,0.0,,,
group_A,store_0,2019-10-17,0.0,3750,3571,13650,0,0,0,0,0,0,0.0,0.0,,,
group_A,store_0,2019-10-18,0.0,0,13315,19500,0,0,0,0,0,0,0.0,0.0,,,
group_A,store_0,2019-10-19,0.0,0,14506,12786,0,0,0,0,0,0,0.0,0.0,,,
group_A,store_0,2019-10-20,0.0,0,9499,17030,0,0,0,0,0,0,0.0,0.0,,,
group_A,store_0,2019-10-21,0.0,0,1941,12064,0,0,0,0,0,0,0.0,0.0,,,
group_A,store_0,2019-10-22,0.0,0,2954,17435,0,0,0,0,0,0,0.0,0.0,,,
group_A,store_0,2019-10-23,0.0,0,5973,12023,0,0,0,0,0,0,0.0,0.0,,,
group_A,store_0,2019-10-24,0.0,0,6842,16913,0,0,0,0,0,0,0.0,0.0,,,
group_A,store_0,2019-10-25,200.0,0,6739,12855,0,0,0,0,0,0,0.0,0.0,,,
group_A,store_0,2019-10-26,4000.0,0,5994,31698,0,0,0,0,0,0,0.0,0.0,,,
group_A,store_0,2019-10-27,10000.0,0,7652,47827,0,0,70,0,0,0,0.0,0.0,,,
group_A,store_0,2019-10-28,1300.0,0,2558,37717,0,0,0,0,0,0,0.0,0.0,,,
group_A,store_0,2019-10-29,0.0,0,1793,24131,0,0,0,0,0,0,0.0,0.0,,,
group_A,store_0,2019-10-30,0.0,0,467,6019,0,0,14,0,0,0,0.0,0.0,,,
group_A,store_0,2019-10-31,400.0,0,1471,0,0,0,90,0,0,0,0.0,0.0,,,
group_A,store_0,2019-11-01,8000.0,0,1765,6825,0,0,65,0,0,0,0.0,0.0,,,
group_A,store_0,2019-11-02,20000.0,0,1765,26435,0,0,65,0,0,0,0.0,0.0,,,
group_A,store_0,2019-11-03,2600.0,0,265,32343,0,0,0,0,0,0,0.0,0.0,,,
group_A,store_0,2019-11-04,0.0,0,0,30172,0,0,0,3,0,0,0.0,0.0,,,
group_A,store_0,2019-11-05,200.0,0,0,31400,0,0,0,70,0,0,0.0,0.0,,,
group_A,store_0,2019-11-06,4000.0,0,0,23739,0,0,0,39,0,0,0.0,0.0,,,
group_A,store_0,2019-11-07,10000.0,0,0,5882,0,0,0,2,23,0,0.0,0.0,,,
group_A,store_0,2019-11-08,1300.0,0,375,0,0,0,0,9,43,0,0.0,0.0,,,
group_A,store_0,2019-11-09,0.0,0,4050,13048,0,0,70,7,65,0,0.0,0.0,,,
group_A,store_0,2019-11-10,0.0,0,12824,37276,0,0,4,36,30,0,0.0,0.0,,,
group_A,store_0,2019-11-11,0.0,0,10852,18965,0,0,90,90,18,0,0.0,0.0,,,
group_A,store_0,2019-11-12,0.0,0,12861,16904,0,0,55,13,10,0,0.0,0.0,,,
group_A,store_0,2019-11-13,0.0,0,11334,12852,0,0,5,0,0,0,0.0,0.0,,,
group_A,store_0,2019-11-14,0.0,0,11334,19812,0,0,5,0,0,0,0.0,0.0,,,
group_A,store_0,2019-11-15,0.0,0,8917,13726,0,0,0,0,0,0,0.0,0.0,,,
group_A,store_0,2019-11-16,0.0,0,11667,19401,0,0,0,0,0,0,0.0,0.0,,,
group_A,store_0,2019-11-17,0.0,0,12717,12775,0,0,0,0,0,0,0.0,0.0,,,
group_A,store_0,2019-11-18,0.0,0,8751,17097,0,0,0,0,0,0,0.0,0.0,,,
group_A,store_0,2019-11-19,0.0,0,1700,12018,0,0,0,0,0,0,0.0,0.0,,,
group_A,store_0,2019-11-20,0.0,0,5229,21652,0,67,0,0,0,0,0.0,0.0,,,
group_A,store_0,2019-11-21,0.0,0,5915,23462,0,67,0,0,0,0,0.0,0.0,,,
group_A,store_0,2019-11-22,0.0,0,5325,24952,0,67,0,0,0,0,0.0,0.0,,,
group_A,store_0,2019-11-23,0.0,0,687,30712,0,67,0,0,0,0,0.0,0.0,,,
group_A,store_0,2019-11-24,0.0,0,0,31835,0,67,0,0,0,0,0.0,0.0,,,
group_A,store_0,2019-11-25,0.0,0,0,24576,0,0,0,18,0,0,0.0,0.0,,,
group_A,store_0,2019-11-26,0.0,0,0,12348,0,0,0,18,0,0,0.0,0.0,,,
group_A,store_0,2019-11-27,0.0,0,473,17269,0,147,0,49,0,0,0.0,0.0,,,
group_A,store_0,2019-11-28,0.0,0,1891,12384,0,508,36,90,0,0,0.0,0.0,,,
group_A,store_0,2019-11-29,0.0,0,9455,22201,0,508,90,0,0,0,0.0,0.0,,,
group_A,store_0,2019-11-30,0.0,0,9455,24332,0,508,1,0,0,0,0.0,0.0,,,
group_A,store_0,2019-12-01,0.0,0,9455,27811,0,508,4,0,0,23,0.0,0.0,,,
group_A,store_0,2019-12-02,200.0,0,9379,22627,0,0,90,0,0,80,0.0,0.0,,,
group_A,store_0,2019-12-03,4000.0,0,18629,5714,0,0,55,0,0,80,0.0,0.0,,,
group_A,store_0,2019-12-04,10000.0,0,15467,6360,0,0,5,0,0,0,0.0,0.0,,,
group_A,store_0,2019-12-05,1500.0,0,8034,26205,0,0,5,0,0,0,0.0,0.0,,,
group_A,store_0,2019-12-06,4000.0,0,31758,38552,0,0,0,0,0,0,0.0,0.0,,,
group_A,store_0,2019-12-07,10200.0,0,31758,34425,0,0,0,0,0,0,0.0,0.0,,,
group_A,store_0,2019-12-08,5300.0,0,4983,9238,0,0,0,0,0,0,0.0,0.0,,,
group_A,store_0,2019-12-09,10000.0,0,874,0,68,0,0,0,0,0,0.0,0.0,,,
group_A,store_0,2019-12-10,1300.0,0,4368,0,68,0,0,0,0,0,0.0,0.0,,,
group_A,store_0,2019-12-11,0.0,0,4422,0,68,0,0,0,0,0,0.0,0.0,,,
group_A,store_0,2019-12-12,0.0,0,4583,0,68,0,70,0,0,0,0.0,0.0,,,
group_A,store_0,2019-12-13,0.0,0,4477,6825,68,0,70,0,0,0,0.0,0.0,,,
group_A,store_0,2019-12-14,0.0,0,11411,19500,285,0,0,0,0,0,0.0,0.0,,,
group_A,store_0,2019-12-15,0.0,0,2571,12876,285,0,0,0,0,0,0.0,0.0,,,
group_A,store_0,2019-12-16,0.0,0,3393,23680,440,0,0,0,0,0,0.0,0.0,,,
group_A,store_0,2019-12-17,0.0,0,3393,24319,440,67,0,0,0,0,0.0,0.0,,,
group_A,store_0,2019-12-18,0.0,0,509,6394,440,67,0,0,0,0,0.0,0.0,,,
group_A,store_0,2019-12-19,0.0,0,0,5919,440,67,0,0,0,0,0.0,0.0,,,
group_A,store_0,2019-12-20,0.0,0,0,23253,372,135,0,3,0,0,0.0,0.0,,,
group_A,store_0,2019-12-21,0.0,0,0,30156,0,575,0,3,0,0,0.0,0.0,,,
group_A,store_0,2019-12-22,0.0,0,0,30604,0,575,30,7,0,0,0.0,0.0,,,
group_A,store_0,2019-12-23,0.0,0,0,25526,0,575,100,34,0,0,0.0,0.0,,,
group_A,store_0,2019-12-24,0.0,0,0,6795,0,575,90,184,0,0,0.0,0.0,,,
group_A,store_0,2019-12-25,0.0,0,0,6825,0,575,32,232,0,0,0.0,0.0,,,
group_A,store_0,2019-12-26,0.0,0,0,25625,0,575,7,2,0,0,0.0,0.0,,,
group_A,store_0,2019-12-27,0.0,0,0,24323,0,575,7,0,0,0,0.0,0.0,,,
group_A,store_0,2019-12-28,0.0,0,0,6125,0,575,0,0,0,0,0.0,0.0,,,
group_A,store_0,2019-12-29,0.0,0,0,0,0,575,30,4,0,0,0.0,0.0,,,
group_A,store_0,2019-12-30,0.0,0,0,1960,0,575,30,31,0,0,0.0,0.0,,,
group_A,store_0,2019-12-31,0.0,0,0,12535,0,575,90,40,0,0,0.0,0.0,,,
group_A,store_1,2017-01-02,0.0,0,0,0,0,0,0,95,0,65,0.0,0.0,,,
group_A,store_1,2017-01-03,0.0,0,0,0,0,0,0,13,0,34,0.0,0.0,,,
group_A,store_1,2017-01-04,0.0,0,0,0,0,0,0,0,0,19,0.0,0.0,,,
group_A,store_1,2017-01-05,0.0,0,0,0,0,0,9,0,0,0,0.0,0.0,,,
group_A,store_1,2017-01-06,0.0,0,0,0,0,0,10,0,0,0,0.0,0.0,,,
group_A,store_1,2017-01-07,0.0,0,0,0,0,0,90,0,0,0,0.0,0.0,,,
group_A,store_1,2017-01-08,0.0,0,0,0,0,0,94,0,0,0,0.0,0.0,,,
group_A,store_1,2017-01-09,0.0,0,0,0,0,0,0,0,0,0,0.0,0.0,,,
group_A,store_1,2017-01-10,0.0,0,0,0,0,0,0,0,0,0,0.0,0.0,,,
group_A,store_1,2017-01-11,0.0,0,0,0,0,0,0,0,0,0,0.0,0.0,,,
group_A,store_1,2017-01-12,0.0,0,0,0,0,0,9,0,0,0,0.0,0.0,,,
group_A,store_1,2017-01-13,0.0,0,0,0,0,0,10,7,0,0,0.0,0.0,,,
group_A,store_1,2017-01-14,0.0,0,0,0,0,0,90,7,0,0,0.0,0.0,,,
group_A,store_1,2017-01-15,0.0,0,0,0,0,0,24,36,0,0,0.0,0.0,,,
group_A,store_1,2017-01-16,0.0,0,0,0,0,0,0,90,0,0,0.0,0.0,,,
group_A,store_1,2017-01-17,0.0,0,0,0,0,0,0,13,0,0,0.0,0.0,,,
group_A,store_1,2017-01-18,0.0,0,0,0,0,0,0,0,0,0,0.0,0.0,,,
group_A,store_1,2017-01-19,0.0,0,0,0,0,0,0,0,0,0,0.0,0.0,,,
group_A,store_1,2017-01-20,0.0,0,0,0,0,0,0,0,0,0,0.0,0.0,,,
group_A,store_1,2017-01-21,0.0,0,0,0,0,0,0,0,0,0,0.0,0.0,,,
group_A,store_1,2017-01-22,0.0,0,0,0,0,0,0,0,0,0,0.0,0.0,,,
group_A,store_1,2017-01-23,0.0,0,0,0,0,0,0,0,0,0,0.0,0.0,,,
group_A,store_1,2017-01-24,0.0,0,0,0,0,0,0,0,0,0,0.0,0.0,,,
group_A,store_1,2017-01-25,0.0,0,0,0,0,0,0,0,0,0,0.0,0.0,,,
group_A,store_1,2017-01-26,0.0,0,0,0,0,0,9,0,0,0,0.0,0.0,,,
group_A,store_1,2017-01-27,0.0,0,0,0,0,0,10,0,0,0,0.0,0.0,,,
group_A,store_1,2017-01-28,0.0,0,0,0,0,0,90,0,0,0,0.0,0.0,,,
group_A,store_1,2017-01-29,0.0,0,0,0,0,0,24,0,0,0,0.0,0.0,,,
group_A,store_1,2017-01-30,0.0,0,0,0,0,0,0,0,0,0,0.0,0.0,,,
group_A,store_1,2017-01-31,0.0,0,0,0,0,0,0,0,0,0,0.0,0.0,,,
group_A,store_1,2017-02-01,0.0,0,0,0,0,0,0,0,0,0,0.0,0.0,,,
group_A,store_1,2017-02-02,0.0,0,0,0,0,0,0,0,0,0,0.0,0.0,,,
group_A,store_1,2017-02-03,0.0,0,0,0,0,0,0,0,0,0,0.0,0.0,,,
group_A,store_1,2017-02-04,0.0,0,0,0,0,0,0,0,0,0,0.0,0.0,,,
group_A,store_1,2017-02-05,0.0,0,0,0,0,0,0,0,0,0,0.0,0.0,,,
group_A,store_1,2017-02-06,0.0,0,0,0,0,0,0,0,0,0,0.0,0.0,,,
group_A,store_1,2017-02-07,0.0,0,0,0,0,0,0,0,0,0,0.0,0.0,,,
group_A,store_1,2017-02-08,0.0,0,0,0,0,0,0,0,0,0,0.0,0.0,,,
group_A,store_1,2017-02-09,0.0,0,0,0,0,0,0,0,0,0,0.0,0.0,,,
group_A,store_1,2017-02-10,0.0,0,0,0,0,0,0,0,0,0,0.0,0.0,,,
group_A,store_1,2017-02-11,0.0,0,0,0,0,0,0,0,0,0,0.0,0.0,,,
group_A,store_1,2017-02-12,0.0,0,0,0,0,0,30,0,0,0,0.0,0.0,,,
group_A,store_1,2017-02-13,0.0,0,0,0,0,0,30,0,0,0,0.0,0.0,,,
group_A,store_1,2017-02-14,0.0,0,0,0,0,0,90,0,0,0,0.0,0.0,,,
group_A,store_1,2017-02-15,0.0,0,0,0,0,0,32,0,0,0,0.0,0.0,,,
group_A,store_1,2017-02-16,0.0,0,0,0,0,0,7,0,0,0,0.0,0.0,,,
group_A,store_1,2017-02-17,0.0,0,0,0,0,0,7,7,0,0,0.0,0.0,,,
group_A,store_1,2017-02-18,0.0,0,0,0,0,0,0,18,0,0,0.0,0.0,,,
group_A,store_1,2017-02-19,0.0,0,0,0,0,0,0,47,0,0,0.0,0.0,,,
group_A,store_1,2017-02-20,0.0,0,0,0,0,0,0,160,0,0,0.0,0.0,,,
group_A,store_1,2017-02-21,0.0,0,0,0,0,0,0,25,0,0,0.0,0.0,,,
group_A,store_1,2017-02-22,0.0,0,0,0,0,0,0,0,0,0,0.0,0.0,,,
group_A,store_1,2017-02-23,0.0,0,0,0,0,0,0,0,0,0,0.0,0.0,,,
group_A,store_1,2017-02-24,0.0,0,0,0,0,0,65,0,0,0,0.0,0.0,,,
group_A,store_1,2017-02-25,0.0,0,0,0,0,0,0,0,0,0,0.0,0.0,,,
group_A,store_1,2017-02-26,0.0,0,0,0,0,0,0,0,0,0,0.0,0.0,,,
group_A,store_1,2017-02-27,0.0,0,0,0,0,0,0,3,0,0,0.0,0.0,,,
group_A,store_1,2017-02-28,0.0,0,0,0,0,0,70,70,0,0,0.0,0.0,,,
group_A,store_1,2017-03-01,0.0,0,0,0,0,0,0,39,0,0,0.0,0.0,,,
group_A,store_1,2017-03-02,0.0,0,0,0,0,0,0,2,0,0,0.0,0.0,,,
group_A,store_1,2017-03-03,0.0,0,0,0,0,0,0,2,0,0,0.0,0.0,,,
group_A,store_1,2017-03-04,0.0,0,0,0,0,0,0,0,0,0,0.0,0.0,,,
group_A,store_1,2017-03-05,0.0,0,0,0,0,0,0,0,0,0,0.0,0.0,,,
group_A,store_1,2017-03-06,0.0,0,0,0,0,0,0,0,0,0,0.0,0.0,,,
group_A,store_1,2017-03-07,0.0,0,0,0,0,0,0,0,0,0,0.0,0.0,,,
group_A,store_1,2017-03-08,0.0,0,0,0,0,0,0,0,0,0,0.0,0.0,,,
group_A,store_1,2017-03-09,0.0,0,0,0,0,0,0,0,0,0,0.0,0.0,,,
group_A,store_1,2017-03-10,0.0,0,0,0,0,0,0,0,0,0,0.0,0.0,,,
group_A,store_1,2017-03-11,0.0,0,0,0,0,0,0,0,0,0,0.0,0.0,,,
group_A,store_1,2017-03-12,0.0,0,0,0,0,0,0,0,0,0,0.0,0.0,,,
group_A,store_1,2017-03-13,0.0,0,0,0,0,0,0,0,0,0,0.0,0.0,,,
group_A,store_1,2017-03-14,0.0,0,0,0,0,0,0,0,0,0,0.0,0.0,,,
group_A,store_1,2017-03-15,0.0,0,0,0,0,0,0,0,0,0,0.0,0.0,,,
group_A,store_1,2017-03-16,0.0,0,0,0,0,0,36,1,0,0,0.0,0.0,,,
group_A,store_1,2017-03-17,0.0,0,0,0,0,0,90,70,0,0,0.0,0.0,,,
group_A,store_1,2017-03-18,0.0,0,0,0,0,0,1,18,0,0,0.0,0.0,,,
group_A,store_1,2017-03-19,0.0,0,0,0,0,0,0,4,0,0,0.0,0.0,,,
group_A,store_1,2017-03-20,0.0,0,0,0,0,0,0,4,0,0,0.0,0.0,,,
group_A,store_1,2017-03-21,0.0,0,0,0,0,0,0,4,0,0,0.0,0.0,,,
group_A,store_1,2017-03-22,0.0,0,0,0,0,0,0,4,0,0,0.0,0.0,,,
group_A,store_1,2017-03-23,0.0,0,0,0,0,0,0,0,0,0,0.0,0.0,,,
group_A,store_1,2017-03-24,0.0,0,0,0,0,0,0,0,0,0,0.0,0.0,,,
group_A,store_1,2017-03-25,0.0,0,0,0,0,0,0,0,0,0,0.0,0.0,,,
group_A,store_1,2017-03-26,0.0,0,0,0,0,0,0,0,0,0,0.0,0.0,,,
group_A,store_1,2017-03-27,0.0,0,0,0,0,0,0,0,0,0,0.0,0.0,,,
group_A,store_1,2017-03-28,0.0,0,0,0,0,0,0,0,0,0,0.0,0.0,,,
group_A,store_1,2017-03-29,0.0,0,0,0,0,0,65,0,0,0,0.0,0.0,,,
group_A,store_1,2017-03-30,0.0,0,0,0,0,0,0,1,0,0,0.0,0.0,,,
group_A,store_1,2017-03-31,0.0,0,0,0,0,0,0,70,0,0,0.0,0.0,,,
group_A,store_1,2017-04-01,0.0,0,0,0,0,0,0,18,0,0,0.0,0.0,,,
group_A,store_1,2017-04-02,0.0,0,0,0,0,0,0,4,0,0,0.0,0.0,,,
group_A,store_1,2017-04-03,0.0,0,0,0,0,0,0,4,0,0,0.0,0.0,,,
group_A,store_1,2017-04-04,0.0,0,0,0,0,0,0,4,0,0,0.0,0.0,,,
group_A,store_1,2017-04-05,0.0,0,0,0,0,0,0,4,0,0,0.0,0.0,,,
group_A,store_1,2017-04-06,0.0,0,0,0,0,0,0,0,0,0,0.0,0.0,,,
group_A,store_1,2017-04-07,0.0,0,0,0,0,0,0,0,0,0,0.0,0.0,,,
group_A,store_1,2017-04-08,0.0,0,0,0,0,0,0,0,0,0,0.0,0.0,,,
group_A,store_1,2017-04-09,0.0,0,0,0,0,0,0,0,0,0,0.0,0.0,,,
group_A,store_1,2017-04-10,0.0,0,0,0,0,0,70,0,0,0,0.0,0.0,,,
group_A,store_1,2017-04-11,0.0,0,0,0,0,0,0,0,0,0,0.0,0.0,,,
group_A,store_1,2017-04-12,0.0,0,0,0,0,0,0,0,0,0,0.0,0.0,,,
group_A,store_1,2017-04-13,0.0,0,0,0,0,0,8,0,0,0,0.0,0.0,,,
group_A,store_1,2017-04-14,0.0,0,0,0,0,0,78,0,0,0,0.0,0.0,,,
group_A,store_1,2017-04-15,0.0,0,0,0,0,0,8,0,0,0,0.0,0.0,,,
group_A,store_1,2017-04-16,0.0,0,0,0,0,0,184,0,0,0,0.0,0.0,,,
group_A,store_1,2017-04-17,0.0,0,0,0,0,0,146,0,0,0,0.0,0.0,,,
group_A,store_1,2017-04-18,0.0,0,0,0,0,0,105,0,0,0,0.0,0.0,,,
group_A,store_1,2017-04-19,0.0,0,0,0,0,0,5,0,0,0,0.0,0.0,,,
group_A,store_1,2017-04-20,0.0,0,0,0,0,0,5,0,0,0,0.0,0.0,,,
group_A,store_1,2017-04-21,0.0,0,0,0,0,0,0,0,0,0,0.0,0.0,,,
group_A,store_1,2017-04-22,0.0,0,0,0,0,0,0,0,0,0,0.0,0.0,,,
group_A,store_1,2017-04-23,0.0,0,0,0,0,0,0,0,0,0,0.0,0.0,,,
group_A,store_1,2017-04-24,0.0,0,0,0,0,0,0,0,0,0,0.0,0.0,,,
group_A,store_1,2017-04-25,0.0,0,0,0,0,0,0,0,0,0,0.0,0.0,,,
group_A,store_1,2017-04-26,0.0,0,0,0,0,0,0,0,0,0,0.0,0.0,,,
group_A,store_1,2017-04-27,0.0,0,0,0,0,0,0,0,0,0,0.0,0.0,,,
group_A,store_1,2017-04-28,0.0,0,0,0,0,0,0,0,0,0,0.0,0.0,,,
group_A,store_1,2017-04-29,0.0,0,0,0,0,0,0,0,0,0,0.0,0.0,,,
group_A,store_1,2017-04-30,0.0,0,0,0,0,0,0,0,0,0,0.0,0.0,,,
group_A,store_1,2017-05-01,0.0,0,0,0,0,0,0,0,0,0,0.0,0.0,,,
group_A,store_1,2017-05-02,0.0,0,0,0,0,0,0,0,0,0,0.0,0.0,,,
group_A,store_1,2017-05-03,0.0,0,0,0,0,0,0,0,0,0,0.0,0.0,,,
group_A,store_1,2017-05-04,0.0,0,0,0,0,0,0,0,0,0,0.0,0.0,,,
group_A,store_1,2017-05-05,0.0,0,0,0,0,0,70,0,0,0,0.0,0.0,,,
group_A,store_1,2017-05-06,0.0,0,0,0,0,0,0,0,0,0,0.0,0.0,,,
group_A,store_1,2017-05-07,0.0,0,0,0,0,0,0,0,0,0,0.0,0.0,,,
group_A,store_1,2017-05-08,0.0,0,0,0,0,0,65,0,0,0,0.0,0.0,,,
group_A,store_1,2017-05-09,0.0,0,0,110,0,0,0,0,0,0,0.0,0.0,,,
group_A,store_1,2017-05-10,0.0,0,0,1000,0,0,65,0,0,0,0.0,0.0,,,
group_A,store_1,2017-05-11,0.0,0,0,0,0,0,4,0,0,0,0.0,0.0,,,
group_A,store_1,2017-05-12,0.0,0,0,0,0,0,4,0,0,0,0.0,0.0,,,
group_A,store_1,2017-05-13,0.0,0,0,0,0,0,4,0,0,0,0.0,0.0,,,
group_A,store_1,2017-05-14,0.0,0,0,0,0,0,90,0,0,0,0.0,0.0,,,
group_A,store_1,2017-05-15,0.0,0,0,0,0,0,28,0,0,0,0.0,0.0,,,
group_A,store_1,2017-05-16,0.0,0,0,0,0,0,25,0,0,0,0.0,0.0,,,
group_A,store_1,2017-05-17,0.0,0,0,0,0,0,0,0,0,0,0.0,0.0,,,
group_A,store_1,2017-05-18,0.0,0,0,0,0,0,0,0,0,0,0.0,0.0,,,
group_A,store_1,2017-05-19,0.0,0,0,0,0,0,65,0,0,0,0.0,0.0,,,
group_A,store_1,2017-05-20,0.0,0,0,0,0,0,0,0,0,0,0.0,0.0,,,
group_A,store_1,2017-05-21,0.0,0,0,0,0,0,0,0,0,0,0.0,0.0,,,
group_A,store_1,2017-05-22,0.0,0,0,0,0,0,0,0,0,0,0.0,0.0,,,
group_A,store_1,2017-05-23,0.0,0,0,0,0,0,0,0,0,0,0.0,0.0,,,
group_A,store_1,2017-05-24,0.0,0,0,0,0,0,0,0,0,0,0.0,0.0,,,
group_A,store_1,2017-05-25,0.0,0,0,0,0,0,65,0,0,0,0.0,0.0,,,
group_A,store_1,2017-05-26,0.0,0,0,0,0,0,0,7,0,0,0.0,0.0,,,
group_A,store_1,2017-05-27,0.0,0,0,0,0,0,0,18,0,0,0.0,0.0,,,
group_A,store_1,2017-05-28,0.0,0,0,0,0,0,0,47,0,0,0.0,0.0,,,
group_A,store_1,2017-05-29,0.0,0,0,0,0,0,0,160,0,0,0.0,0.0,,,
group_A,store_1,2017-05-30,0.0,0,0,0,0,0,0,25,0,0,0.0,0.0,,,
group_A,store_1,2017-05-31,0.0,0,0,0,0,0,0,0,0,0,0.0,0.0,,,
group_A,store_1,2017-06-01,0.0,0,0,0,0,0,0,0,0,0,0.0,0.0,,,
group_A,store_1,2017-06-02,0.0,0,0,0,0,0,0,0,0,0,0.0,0.0,,,
group_A,store_1,2017-06-03,0.0,0,0,0,0,0,0,0,0,0,0.0,0.0,,,
group_A,store_1,2017-06-04,0.0,0,0,0,0,0,70,0,0,0,0.0,0.0,,,
group_A,store_1,2017-06-05,0.0,0,0,0,0,0,0,0,0,0,0.0,0.0,,,
group_A,store_1,2017-06-06,0.0,0,0,0,0,0,0,0,0,0,0.0,0.0,,,
group_A,store_1,2017-06-07,0.0,0,0,0,0,0,0,0,0,0,0.0,0.0,,,
group_A,store_1,2017-06-08,0.0,0,0,0,0,0,0,0,0,0,0.0,0.0,,,
group_A,store_1,2017-06-09,0.0,0,0,0,0,0,0,0,0,0,0.0,0.0,,,
group_A,store_1,2017-06-10,0.0,0,0,0,0,0,0,0,0,0,0.0,0.0,,,
group_A,store_1,2017-06-11,0.0,0,0,0,0,0,0,0,0,0,0.0,0.0,,,
group_A,store_1,2017-06-12,0.0,0,0,0,0,0,0,0,0,0,0.0,0.0,,,
group_A,store_1,2017-06-13,0.0,0,0,0,0,0,0,0,0,0,0.0,0.0,,,
group_A,store_1,2017-06-14,0.0,0,0,0,0,0,70,0,0,0,0.0,0.0,,,
group_A,store_1,2017-06-15,0.0,0,0,0,0,0,4,0,0,0,0.0,0.0,,,
group_A,store_1,2017-06-16,0.0,0,0,0,0,0,4,0,0,0,0.0,0.0,,,
group_A,store_1,2017-06-17,0.0,0,0,0,0,0,4,0,0,0,0.0,0.0,,,
group_A,store_1,2017-06-18,0.0,0,0,0,0,0,90,0,0,0,0.0,0.0,,,
group_A,store_1,2017-06-19,0.0,0,0,0,0,0,28,0,0,0,0.0,0.0,,,
group_A,store_1,2017-06-20,0.0,0,0,0,0,0,25,0,0,0,0.0,0.0,,,
group_A,store_1,2017-06-21,0.0,0,0,0,0,0,0,0,0,0,0.0,0.0,,,
group_A,store_1,2017-06-22,0.0,0,0,0,0,0,0,0,0,0,0.0,0.0,,,
group_A,store_1,2017-06-23,0.0,0,0,0,0,0,0,0,0,0,0.0,0.0,,,
group_A,store_1,2017-06-24,0.0,0,0,0,0,0,0,0,0,0,0.0,0.0,,,
group_A,store_1,2017-06-25,0.0,0,0,0,0,0,0,0,0,0,0.0,0.0,,,
group_A,store_1,2017-06-26,0.0,0,0,0,0,0,0,0,0,0,0.0,0.0,,,
group_A,store_1,2017-06-27,0.0,0,0,0,0,0,0,0,0,0,0.0,0.0,,,
group_A,store_1,2017-06-28,0.0,0,0,0,0,0,0,0,0,0,0.0,0.0,,,
group_A,store_1,2017-06-29,0.0,0,0,0,0,0,0,0,0,0,0.0,0.0,,,
group_A,store_1,2017-06-30,0.0,0,0,0,0,0,0,3,0,0,0.0,0.0,,,
group_A,store_1,2017-07-01,0.0,0,0,0,0,0,0,3,0,0,0.0,0.0,,,
group_A,store_1,2017-07-02,0.0,0,0,0,0,0,0,3,0,0,0.0,0.0,,,
group_A,store_1,2017-07-03,0.0,0,0,0,0,0,0,6,0,0,0.0,0.0,,,
group_A,store_1,2017-07-04,0.0,0,0,0,0,0,0,160,0,0,0.0,0.0,,,
group_A,store_1,2017-07-05,0.0,0,0,0,0,0,0,41,0,0,0.0,0.0,,,
group_A,store_1,2017-07-06,0.0,0,0,0,0,0,0,4,0,0,0.0,0.0,,,
group_A,store_1,2017-07-07,0.0,0,0,0,0,0,0,2,0,0,0.0,0.0,,,
group_A,store_1,2017-07-08,0.0,0,0,0,0,0,0,0,0,0,0.0,0.0,,,
group_A,store_1,2017-07-09,0.0,0,0,0,0,0,0,0,0,0,0.0,0.0,,,
group_A,store_1,2017-07-10,0.0,0,0,0,0,0,0,0,0,0,0.0,0.0,,,
group_A,store_1,2017-07-11,0.0,0,0,0,0,0,0,0,0,0,0.0,0.0,,,
group_A,store_1,2017-07-12,0.0,0,0,0,0,0,0,0,0,0,0.0,0.0,,,
group_A,store_1,2017-07-13,0.0,0,0,0,0,0,0,0,0,0,0.0,0.0,,,
group_A,store_1,2017-07-14,0.0,0,0,0,0,0,0,0,0,0,0.0,0.0,,,
group_A,store_1,2017-07-15,0.0,0,0,0,0,0,0,0,0,0,0.0,0.0,,,
group_A,store_1,2017-07-16,0.0,0,0,0,0,0,0,0,0,0,0.0,0.0,,,
group_A,store_1,2017-07-17,0.0,0,0,0,0,0,0,0,0,0,0.0,0.0,,,
group_A,store_1,2017-07-18,0.0,0,0,0,0,0,0,0,0,0,0.0,0.0,,,
group_A,store_1,2017-07-19,0.0,0,0,0,0,0,0,0,0,0,0.0,0.0,,,
group_A,store_1,2017-07-20,0.0,0,0,0,0,0,0,0,0,0,0.0,0.0,,,
group_A,store_1,2017-07-21,0.0,0,0,0,0,0,0,0,0,0,0.0,0.0,,,
group_A,store_1,2017-07-22,0.0,0,0,0,0,0,0,0,0,0,0.0,0.0,,,
group_A,store_1,2017-07-23,0.0,0,0,0,0,0,0,0,0,0,0.0,0.0,,,
group_A,store_1,2017-07-24,0.0,0,0,0,0,0,0,0,0,0,0.0,0.0,,,
group_A,store_1,2017-07-25,0.0,0,0,0,0,0,0,0,0,0,0.0,0.0,,,
group_A,store_1,2017-07-26,0.0,0,0,0,0,0,0,0,0,0,0.0,0.0,,,
group_A,store_1,2017-07-27,0.0,0,0,0,0,0,65,0,0,0,7.0,0.0,,,
group_A,store_1,2017-07-28,0.0,0,0,0,0,0,0,0,0,0,21.0,0.0,,,
group_A,store_1,2017-07-29,0.0,0,0,0,0,0,0,0,0,0,62.0,0.0,,,
group_A,store_1,2017-07-30,0.0,0,0,0,0,0,0,0,0,0,65.0,0.0,,,
group_A,store_1,2017-07-31,0.0,0,0,0,0,0,0,0,0,0,65.0,0.0,,,
group_A,store_1,2017-08-01,0.0,0,0,0,0,0,0,0,0,0,65.0,0.0,,,
group_A,store_1,2017-08-02,0.0,0,0,0,0,0,0,0,0,0,65.0,0.0,,,
group_A,store_1,2017-08-03,0.0,0,0,0,0,0,0,0,0,0,65.0,0.0,,,
group_A,store_1,2017-08-04,0.0,0,0,0,0,0,70,0,0,0,65.0,0.0,,,
group_A,store_1,2017-08-05,0.0,0,0,0,0,0,0,0,0,0,35.0,0.0,,,
group_A,store_1,2017-08-06,0.0,0,0,0,0,0,0,0,0,0,22.0,0.0,,,
group_A,store_1,2017-08-07,0.0,0,0,0,0,0,0,0,0,0,13.0,0.0,,,
group_A,store_1,2017-08-08,0.0,0,0,0,0,0,0,0,0,0,0.0,0.0,,,
group_A,store_1,2017-08-09,0.0,0,0,0,0,0,0,0,0,0,0.0,0.0,,,
group_A,store_1,2017-08-10,0.0,0,0,0,0,0,0,0,0,0,0.0,0.0,,,
group_A,store_1,2017-08-11,0.0,0,0,0,0,0,0,0,0,0,0.0,0.0,,,
group_A,store_1,2017-08-12,0.0,0,0,0,0,0,0,0,0,0,0.0,0.0,,,
group_A,store_1,2017-08-13,0.0,0,0,0,0,0,0,0,0,0,0.0,0.0,,,
group_A,store_1,2017-08-14,0.0,0,0,0,0,0,70,0,0,0,0.0,0.0,,,
group_A,store_1,2017-08-15,0.0,0,0,0,0,0,0,0,0,0,0.0,0.0,,,
group_A,store_1,2017-08-16,0.0,0,0,0,0,0,0,0,0,0,0.0,0.0,,,
group_A,store_1,2017-08-17,0.0,0,0,0,0,0,0,0,0,0,0.0,0.0,,,
group_A,store_1,2017-08-18,0.0,0,0,0,0,0,0,0,0,0,0.0,0.0,,,
group_A,store_1,2017-08-19,0.0,0,0,0,0,0,0,0,0,0,0.0,0.0,,,
group_A,store_1,2017-08-20,0.0,0,0,0,0,0,0,0,0,0,0.0,0.0,,,
group_A,store_1,2017-08-21,0.0,0,0,0,0,0,0,0,0,0,0.0,0.0,,,
group_A,store_1,2017-08-22,0.0,0,0,0,0,0,0,0,0,0,0.0,0.0,,,
group_A,store_1,2017-08-23,0.0,0,0,0,0,0,0,0,0,0,0.0,0.0,,,
group_A,store_1,2017-08-24,0.0,0,0,0,0,0,0,0,0,0,0.0,0.0,,,
group_A,store_1,2017-08-25,0.0,0,0,0,0,0,0,0,0,0,0.0,0.0,,,
group_A,store_1,2017-08-26,0.0,0,0,0,0,0,0,0,0,0,0.0,0.0,,,
group_A,store_1,2017-08-27,0.0,0,0,0,0,0,0,0,0,0,0.0,0.0,,,
group_A,store_1,2017-08-28,0.0,0,0,0,0,0,0,0,0,0,13.0,0.0,,,
group_A,store_1,2017-08-29,0.0,0,0,0,0,0,0,0,0,0,31.0,0.0,,,
group_A,store_1,2017-08-30,0.0,0,0,0,0,0,0,0,0,0,65.0,0.0,,,
group_A,store_1,2017-08-31,0.0,0,0,0,0,0,0,0,0,0,65.0,0.0,,,
group_A,store_1,2017-09-01,0.0,0,0,0,0,0,0,7,0,0,65.0,0.0,,,
group_A,store_1,2017-09-02,0.0,0,0,0,0,0,70,7,0,0,65.0,0.0,,,
group_A,store_1,2017-09-03,0.0,0,0,0,0,0,0,36,0,0,65.0,0.0,,,
group_A,store_1,2017-09-04,0.0,0,0,0,0,0,0,90,0,0,65.0,0.0,,,
group_A,store_1,2017-09-05,0.0,0,0,0,0,0,0,13,0,0,35.0,0.0,,,
group_A,store_1,2017-09-06,0.0,0,0,0,0,0,0,0,0,0,22.0,0.0,,,
group_A,store_1,2017-09-07,0.0,0,0,0,0,0,0,0,0,0,13.0,0.0,,,
group_A,store_1,2017-09-08,0.0,0,0,0,0,0,0,11,0,0,0.0,0.0,,,
group_A,store_1,2017-09-09,0.0,0,0,0,0,0,0,70,0,0,0.0,0.0,,,
group_A,store_1,2017-09-10,0.0,0,0,0,0,0,0,24,0,0,0.0,0.0,,,
group_A,store_1,2017-09-11,0.0,0,0,0,0,0,0,11,0,0,0.0,0.0,,,
group_A,store_1,2017-09-12,0.0,0,0,0,0,0,0,11,15,0,0.0,23.0,,,
group_A,store_1,2017-09-13,0.0,0,0,0,0,0,0,11,34,0,0.0,90.0,,,
group_A,store_1,2017-09-14,0.0,0,0,0,0,0,0,0,65,0,0.0,0.0,,,
group_A,store_1,2017-09-15,0.0,0,0,0,0,0,0,0,65,0,0.0,0.0,,,
group_A,store_1,2017-09-16,0.0,0,0,0,0,0,0,0,65,0,0.0,0.0,,,
group_A,store_1,2017-09-17,0.0,0,0,0,0,0,65,0,30,0,0.0,0.0,,,
group_A,store_1,2017-09-18,0.0,0,0,0,0,0,135,0,18,0,0.0,0.0,,,
group_A,store_1,2017-09-19,0.0,0,0,0,0,0,0,0,34,0,0.0,0.0,,,
group_A,store_1,2017-09-20,0.0,0,0,0,0,0,0,0,65,0,0.0,0.0,,,
group_A,store_1,2017-09-21,0.0,0,0,0,0,0,4,0,65,0,0.0,0.0,,,
group_A,store_1,2017-09-22,0.0,0,0,0,0,0,4,0,65,0,0.0,0.0,,,
group_A,store_1,2017-09-23,0.0,0,0,0,0,0,4,0,65,0,0.0,0.0,,,
group_A,store_1,2017-09-24,0.0,0,0,0,0,0,90,0,30,0,0.0,0.0,,,
group_A,store_1,2017-09-25,0.0,0,0,0,0,0,28,0,18,0,0.0,0.0,,,
group_A,store_1,2017-09-26,0.0,0,0,0,0,0,25,0,10,0,0.0,0.0,,,
group_A,store_1,2017-09-27,0.0,0,0,0,0,0,0,0,0,0,0.0,0.0,,,
group_A,store_1,2017-09-28,0.0,0,0,0,0,0,0,0,0,0,0.0,0.0,,,
group_A,store_1,2017-09-29,0.0,0,0,0,0,0,0,0,0,0,0.0,0.0,,,
group_A,store_1,2017-09-30,0.0,0,0,0,0,0,0,0,0,0,0.0,0.0,,,
group_A,store_1,2017-10-01,0.0,0,0,0,0,0,0,0,0,0,0.0,0.0,,,
group_A,store_1,2017-10-02,0.0,0,0,0,0,0,0,0,0,0,0.0,0.0,,,
group_A,store_1,2017-10-03,0.0,0,0,0,0,0,0,0,0,0,0.0,0.0,,,
group_A,store_1,2017-10-04,0.0,0,0,0,0,0,0,0,0,0,0.0,0.0,,,
group_A,store_1,2017-10-05,0.0,0,0,0,0,0,0,0,0,0,0.0,0.0,,,
group_A,store_1,2017-10-06,0.0,0,0,0,0,0,0,14,0,0,0.0,0.0,,,
group_A,store_1,2017-10-07,0.0,0,0,0,0,0,0,14,0,0,0.0,0.0,,,
group_A,store_1,2017-10-08,0.0,0,0,0,0,0,0,72,0,0,0.0,0.0,,,
group_A,store_1,2017-10-09,0.0,0,0,0,0,0,0,180,0,0,0.0,0.0,,,
group_A,store_1,2017-10-10,0.0,0,0,0,0,0,0,26,0,0,0.0,0.0,,,
group_A,store_1,2017-10-11,0.0,0,0,0,0,0,0,0,0,0,0.0,0.0,,,
group_A,store_1,2017-10-12,0.0,0,0,0,0,0,0,0,0,0,0.0,0.0,,,
group_A,store_1,2017-10-13,0.0,0,0,0,0,0,70,0,0,0,0.0,0.0,,,
group_A,store_1,2017-10-14,0.0,0,0,0,0,0,0,0,0,0,0.0,0.0,,,
group_A,store_1,2017-10-15,0.0,0,0,0,0,0,65,0,0,0,0.0,0.0,,,
group_A,store_1,2017-10-16,0.0,0,0,0,0,0,0,0,0,0,0.0,0.0,,,
group_A,store_1,2017-10-17,0.0,0,0,0,0,0,0,0,0,0,0.0,0.0,,,
group_A,store_1,2017-10-18,0.0,0,0,0,0,0,70,0,0,0,0.0,0.0,,,
group_A,store_1,2017-10-19,0.0,0,0,0,0,0,0,0,0,0,0.0,0.0,,,
group_A,store_1,2017-10-20,0.0,0,0,0,0,0,0,0,0,0,7.0,0.0,,,
group_A,store_1,2017-10-21,0.0,0,0,0,0,0,0,0,0,0,21.0,0.0,,,
group_A,store_1,2017-10-22,0.0,0,0,0,0,0,0,0,0,0,62.0,0.0,,,
group_A,store_1,2017-10-23,0.0,0,0,0,0,0,0,0,0,0,80.0,0.0,,,
group_A,store_1,2017-10-24,0.0,0,0,0,0,0,0,0,0,0,80.0,0.0,,,
group_A,store_1,2017-10-25,0.0,0,0,0,0,0,0,0,0,0,80.0,0.0,,,
group_A,store_1,2017-10-26,0.0,0,0,0,0,0,0,0,0,0,35.0,0.0,,,
group_A,store_1,2017-10-27,0.0,0,0,0,0,0,0,0,0,0,22.0,0.0,,,
group_A,store_1,2017-10-28,0.0,0,0,0,0,0,0,0,0,0,13.0,0.0,,,
group_A,store_1,2017-10-29,0.0,0,0,0,0,0,30,0,0,0,0.0,0.0,,,
group_A,store_1,2017-10-30,0.0,0,0,0,0,0,30,0,0,0,0.0,0.0,,,
group_A,store_1,2017-10-31,0.0,0,0,0,0,0,90,0,0,0,0.0,0.0,,,
group_A,store_1,2017-11-01,0.0,0,0,0,0,0,97,0,0,0,0.0,0.0,,,
group_A,store_1,2017-11-02,0.0,0,0,0,0,0,72,0,0,0,0.0,0.0,,,
group_A,store_1,2017-11-03,0.0,0,0,0,0,0,7,0,0,0,0.0,0.0,,,
group_A,store_1,2017-11-04,0.0,0,0,0,0,0,0,0,0,0,0.0,0.0,,,
group_A,store_1,2017-11-05,0.0,0,0,0,0,0,0,0,0,0,0.0,0.0,,,
group_A,store_1,2017-11-06,0.0,0,0,0,0,0,0,1,0,0,0.0,0.0,,,
group_A,store_1,2017-11-07,0.0,0,0,0,0,0,0,1,0,0,0.0,0.0,,,
group_A,store_1,2017-11-08,0.0,0,0,0,0,0,0,1,0,0,0.0,0.0,,,
group_A,store_1,2017-11-09,0.0,0,0,0,0,0,9,5,0,0,0.0,0.0,,,
group_A,store_1,2017-11-10,0.0,0,0,0,0,0,10,138,0,0,0.0,0.0,,,
group_A,store_1,2017-11-11,0.0,0,0,0,0,0,90,169,0,0,0.0,0.0,,,
group_A,store_1,2017-11-12,0.0,0,0,0,0,0,24,73,0,0,0.0,0.0,,,
group_A,store_1,2017-11-13,0.0,0,0,0,0,0,0,7,0,0,0.0,0.0,,,
group_A,store_1,2017-11-14,0.0,0,0,0,0,0,0,4,0,0,0.0,0.0,,,
group_A,store_1,2017-11-15,0.0,0,0,0,0,0,0,2,0,0,0.0,0.0,,,
group_A,store_1,2017-11-16,0.0,0,0,0,0,0,0,0,23,0,0.0,0.0,,,
group_A,store_1,2017-11-17,0.0,0,0,0,0,0,0,0,43,0,0.0,0.0,,,
group_A,store_1,2017-11-18,0.0,0,0,0,0,0,0,0,65,0,0.0,0.0,,,
group_A,store_1,2017-11-19,0.0,0,0,0,0,0,0,0,80,0,0.0,0.0,,,
group_A,store_1,2017-11-20,0.0,0,0,0,0,0,0,18,34,0,0.0,0.0,,,
group_A,store_1,2017-11-21,0.0,0,0,0,0,0,0,18,12,0,0.0,0.0,,,
group_A,store_1,2017-11-22,0.0,0,0,0,0,0,0,49,6,0,0.0,0.0,,,
group_A,store_1,2017-11-23,0.0,0,0,0,0,0,36,91,0,0,0.0,0.0,,,
group_A,store_1,2017-11-24,0.0,0,0,0,0,0,90,70,0,0,0.0,0.0,,,
group_A,store_1,2017-11-25,0.0,0,0,0,0,0,1,18,0,0,0.0,0.0,,,
group_A,store_1,2017-11-26,0.0,0,0,0,0,0,4,4,7,0,0.0,0.0,,,
group_A,store_1,2017-11-27,0.0,0,0,0,0,0,90,4,26,0,0.0,0.0,,,
group_A,store_1,2017-11-28,0.0,0,0,0,0,0,55,4,80,0,0.0,0.0,,,
group_A,store_1,2017-11-29,0.0,0,0,0,0,0,5,4,34,0,0.0,0.0,,,
group_A,store_1,2017-11-30,0.0,0,0,0,0,0,5,0,12,0,0.0,0.0,,,
group_A,store_1,2017-12-01,0.0,0,0,0,0,0,70,0,6,0,0.0,0.0,,,
group_A,store_1,2017-12-02,0.0,0,0,0,0,0,0,0,0,0,0.0,0.0,,,
group_A,store_1,2017-12-03,0.0,0,0,0,0,0,0,0,0,0,0.0,0.0,,,
group_A,store_1,2017-12-04,0.0,0,0,0,0,0,0,0,0,0,0.0,0.0,,,
group_A,store_1,2017-12-05,0.0,0,0,0,0,0,0,0,0,0,0.0,0.0,,,
group_A,store_1,2017-12-06,0.0,0,0,0,0,0,0,0,0,0,0.0,0.0,,,
group_A,store_1,2017-12-07,0.0,0,0,0,0,0,0,0,0,0,0.0,0.0,,,
group_A,store_1,2017-12-08,0.0,0,0,0,0,0,0,0,0,0,0.0,0.0,,,
group_A,store_1,2017-12-09,0.0,0,0,0,0,0,0,0,0,0,0.0,0.0,,,
group_A,store_1,2017-12-10,0.0,0,0,0,0,0,0,0,0,0,0.0,0.0,,,
group_A,store_1,2017-12-11,0.0,0,0,0,0,0,0,0,0,0,0.0,0.0,,,
group_A,store_1,2017-12-12,0.0,0,0,0,0,0,70,0,0,0,0.0,0.0,,,
group_A,store_1,2017-12-13,0.0,0,0,0,0,0,140,0,0,0,0.0,0.0,,,
group_A,store_1,2017-12-14,0.0,0,0,0,0,0,0,0,0,0,0.0,0.0,,,
group_A,store_1,2017-12-15,0.0,0,0,0,0,0,0,0,0,0,0.0,0.0,,,
group_A,store_1,2017-12-16,0.0,0,0,0,0,0,0,0,0,0,0.0,0.0,,,
group_A,store_1,2017-12-17,0.0,0,0,0,0,0,0,0,0,0,0.0,0.0,,,
group_A,store_1,2017-12-18,0.0,0,0,0,0,0,0,0,0,0,0.0,0.0,,,
group_A,store_1,2017-12-19,0.0,0,0,0,0,0,0,0,0,0,0.0,0.0,,,
group_A,store_1,2017-12-20,0.0,0,0,0,0,0,0,0,0,0,0.0,0.0,,,
group_A,store_1,2017-12-21,0.0,0,0,0,0,0,4,0,0,0,0.0,0.0,,,
group_A,store_1,2017-12-22,0.0,0,0,0,0,0,4,7,0,0,0.0,0.0,,,
group_A,store_1,2017-12-23,0.0,0,0,0,0,0,4,18,0,0,0.0,0.0,,,
group_A,store_1,2017-12-24,0.0,0,0,0,0,0,90,47,0,0,0.0,0.0,,,
group_A,store_1,2017-12-25,0.0,0,0,0,0,0,28,160,0,0,0.0,0.0,,,
group_A,store_1,2017-12-26,0.0,0,0,0,0,0,25,25,0,0,0.0,0.0,,,
group_A,store_1,2017-12-27,0.0,0,0,0,0,0,0,0,0,0,0.0,0.0,,,
group_A,store_1,2017-12-28,0.0,0,0,0,0,0,74,0,0,0,0.0,0.0,,,
group_A,store_1,2017-12-29,0.0,0,0,0,0,0,4,7,0,0,0.0,0.0,,,
group_A,store_1,2017-12-30,0.0,0,0,0,0,0,4,7,0,0,0.0,0.0,,,
group_A,store_1,2017-12-31,0.0,0,0,0,0,0,90,36,0,0,0.0,0.0,,,
group_A,store_1,2018-01-01,0.0,0,0,0,0,0,28,90,0,0,0.0,0.0,,,
group_A,store_1,2018-01-02,0.0,0,0,0,0,0,25,13,0,0,0.0,0.0,,,
group_A,store_1,2018-01-03,0.0,0,0,0,0,0,0,0,0,0,0.0,0.0,,,
group_A,store_1,2018-01-04,0.0,0,0,0,0,0,4,0,0,0,0.0,0.0,,,
group_A,store_1,2018-01-05,0.0,0,0,0,0,0,4,0,0,0,0.0,0.0,,,
group_A,store_1,2018-01-06,0.0,0,0,0,0,0,4,0,0,0,0.0,0.0,,,
group_A,store_1,2018-01-07,0.0,0,0,0,0,0,90,0,0,0,0.0,0.0,,,
group_A,store_1,2018-01-08,0.0,0,0,0,0,0,28,0,0,0,0.0,0.0,,,
group_A,store_1,2018-01-09,0.0,0,0,0,0,0,25,0,0,80,0.0,0.0,,,
group_A,store_1,2018-01-10,0.0,0,0,0,0,0,0,0,0,13,0.0,0.0,,,
group_A,store_1,2018-01-11,0.0,0,0,0,0,0,4,0,0,0,0.0,0.0,,,
group_A,store_1,2018-01-12,0.0,0,0,0,0,0,4,7,0,0,0.0,0.0,,,
group_A,store_1,2018-01-13,0.0,0,0,0,0,0,4,7,0,0,0.0,0.0,,,
group_A,store_1,2018-01-14,0.0,0,0,0,0,0,90,36,0,0,0.0,0.0,,,
group_A,store_1,2018-01-15,0.0,0,0,0,0,0,28,90,0,0,0.0,0.0,,,
group_A,store_1,2018-01-16,0.0,0,0,0,0,0,25,13,0,0,0.0,0.0,,,
group_A,store_1,2018-01-17,0.0,0,0,0,0,0,0,0,0,0,0.0,0.0,,,
group_A,store_1,2018-01-18,0.0,0,0,0,0,0,0,0,0,0,0.0,0.0,,,
group_A,store_1,2018-01-19,0.0,0,0,0,0,0,0,0,0,0,0.0,0.0,,,
group_A,store_1,2018-01-20,0.0,0,0,0,0,0,0,0,0,0,0.0,0.0,,,
group_A,store_1,2018-01-21,0.0,0,0,0,0,0,0,0,0,0,0.0,0.0,,,
group_A,store_1,2018-01-22,0.0,0,0,0,0,0,0,0,0,0,0.0,0.0,,,
group_A,store_1,2018-01-23,0.0,0,0,0,0,0,0,0,0,0,0.0,0.0,,,
group_A,store_1,2018-01-24,0.0,0,0,0,0,0,0,0,0,0,0.0,0.0,,,
group_A,store_1,2018-01-25,0.0,0,0,0,0,0,0,0,0,0,0.0,0.0,,,
group_A,store_1,2018-01-26,0.0,0,0,0,0,0,0,0,0,0,0.0,0.0,,,
group_A,store_1,2018-01-27,0.0,0,0,0,0,0,0,0,0,0,0.0,0.0,,,
group_A,store_1,2018-01-28,0.0,0,0,0,0,0,0,0,0,0,0.0,0.0,,,
group_A,store_1,2018-01-29,0.0,0,0,0,0,0,0,0,0,0,0.0,0.0,,,
group_A,store_1,2018-01-30,0.0,0,0,0,0,0,0,0,0,0,0.0,0.0,,,
group_A,store_1,2018-01-31,0.0,0,0,0,0,0,0,0,0,0,0.0,0.0,,,
group_A,store_1,2018-02-01,0.0,0,0,0,0,0,0,0,0,0,0.0,0.0,,,
group_A,store_1,2018-02-02,0.0,0,0,0,0,0,0,0,0,0,0.0,0.0,,,
group_A,store_1,2018-02-03,0.0,0,0,0,0,0,0,0,0,0,0.0,0.0,,,
group_A,store_1,2018-02-04,0.0,0,0,0,0,0,0,0,0,0,0.0,0.0,,,
group_A,store_1,2018-02-05,0.0,0,0,0,0,0,0,0,0,0,0.0,0.0,,,
group_A,store_1,2018-02-06,0.0,0,0,0,0,0,0,0,0,0,0.0,0.0,,,
group_A,store_1,2018-02-07,0.0,0,0,0,0,0,0,0,0,0,0.0,0.0,,,
group_A,store_1,2018-02-08,0.0,0,0,0,0,0,0,0,0,0,0.0,0.0,,,
group_A,store_1,2018-02-09,0.0,0,0,0,0,0,0,0,0,0,0.0,0.0,,,
group_A,store_1,2018-02-10,0.0,0,0,0,0,0,0,0,0,0,0.0,0.0,,,
group_A,store_1,2018-02-11,0.0,0,0,0,0,0,0,0,0,0,0.0,0.0,,,
group_A,store_1,2018-02-12,0.0,0,0,0,0,0,0,0,0,0,0.0,0.0,,,
group_A,store_1,2018-02-13,0.0,0,0,0,0,0,135,0,0,0,0.0,0.0,,,
group_A,store_1,2018-02-14,0.0,0,0,0,0,0,90,0,0,0,0.0,0.0,,,
group_A,store_1,2018-02-15,0.0,0,0,0,0,0,40,0,0,0,0.0,0.0,,,
group_A,store_1,2018-02-16,0.0,0,0,0,0,0,94,7,0,0,0.0,0.0,,,
group_A,store_1,2018-02-17,0.0,0,0,0,0,0,1,18,0,0,0.0,0.0,,,
group_A,store_1,2018-02-18,0.0,0,0,0,0,0,0,47,15,0,0.0,0.0,,,
group_A,store_1,2018-02-19,0.0,0,0,0,0,0,0,160,34,0,0.0,0.0,,,
group_A,store_1,2018-02-20,0.0,0,0,0,0,0,0,25,65,0,0.0,0.0,,,
group_A,store_1,2018-02-21,0.0,0,0,0,0,0,0,0,65,0,0.0,0.0,,,
group_A,store_1,2018-02-22,0.0,0,0,0,0,0,0,0,23,0,0.0,0.0,,,
group_A,store_1,2018-02-23,0.0,0,0,0,0,0,0,0,43,0,0.0,0.0,,,
group_A,store_1,2018-02-24,0.0,0,0,0,0,0,0,0,65,0,0.0,0.0,,,
group_A,store_1,2018-02-25,0.0,0,0,0,0,0,0,0,30,0,0.0,0.0,,,
group_A,store_1,2018-02-26,0.0,0,0,0,0,0,0,0,18,0,0.0,0.0,,,
group_A,store_1,2018-02-27,0.0,0,0,0,0,0,0,0,34,0,0.0,0.0,,,
group_A,store_1,2018-02-28,0.0,0,0,0,0,0,0,0,65,0,0.0,0.0,,,
group_A,store_1,2018-03-01,0.0,0,0,0,0,0,0,0,0,0,0.0,0.0,,,
group_A,store_1,2018-03-02,0.0,0,0,0,0,0,0,0,0,0,0.0,0.0,,,
group_A,store_1,2018-03-03,0.0,0,0,0,0,0,0,0,0,0,0.0,0.0,,,
group_A,store_1,2018-03-04,0.0,0,0,0,0,0,0,0,0,0,0.0,0.0,,,
group_A,store_1,2018-03-05,0.0,0,0,0,0,0,0,0,0,0,0.0,0.0,,,
group_A,store_1,2018-03-06,0.0,0,0,0,0,0,0,0,0,0,0.0,0.0,,,
group_A,store_1,2018-03-07,0.0,0,0,0,0,0,0,0,0,0,0.0,0.0,,,
group_A,store_1,2018-03-08,0.0,0,0,0,0,0,0,0,0,0,0.0,0.0,,,
group_A,store_1,2018-03-09,0.0,0,0,0,0,0,0,0,0,0,0.0,0.0,,,
group_A,store_1,2018-03-10,0.0,0,0,0,0,0,0,0,0,0,0.0,0.0,,,
group_A,store_1,2018-03-11,0.0,0,0,0,0,0,0,0,0,0,0.0,0.0,,,
group_A,store_1,2018-03-12,0.0,0,0,0,0,0,0,0,0,0,0.0,0.0,,,
group_A,store_1,2018-03-13,0.0,0,0,0,0,0,0,0,0,0,0.0,0.0,,,
group_A,store_1,2018-03-14,0.0,0,0,0,0,0,0,0,0,0,0.0,0.0,,,
group_A,store_1,2018-03-15,0.0,0,0,0,0,0,9,0,0,0,0.0,0.0,,,
group_A,store_1,2018-03-16,0.0,0,0,0,0,0,10,0,0,0,0.0,0.0,,,
group_A,store_1,2018-03-17,0.0,0,0,0,0,0,90,0,0,0,0.0,0.0,,,
group_A,store_1,2018-03-18,0.0,0,0,0,0,0,24,0,0,0,0.0,0.0,,,
group_A,store_1,2018-03-19,0.0,0,0,0,0,0,0,0,0,0,0.0,0.0,,,
group_A,store_1,2018-03-20,0.0,0,0,0,0,0,0,0,0,0,0.0,0.0,,,
group_A,store_1,2018-03-21,0.0,0,0,0,0,0,0,0,0,0,0.0,0.0,,,
group_A,store_1,2018-03-22,0.0,0,0,0,0,0,0,0,0,0,0.0,0.0,,,
group_A,store_1,2018-03-23,0.0,0,0,0,0,0,0,0,0,0,0.0,0.0,,,
group_A,store_1,2018-03-24,0.0,0,0,0,0,0,0,0,0,0,0.0,0.0,,,
group_A,store_1,2018-03-25,0.0,0,0,0,0,0,0,0,0,0,0.0,0.0,,,
group_A,store_1,2018-03-26,0.0,0,0,0,0,0,0,0,0,0,0.0,0.0,,,
group_A,store_1,2018-03-27,0.0,0,0,0,0,0,0,0,0,0,0.0,0.0,,,
group_A,store_1,2018-03-28,0.0,0,0,0,0,0,0,0,0,0,0.0,0.0,,,
group_A,store_1,2018-03-29,0.0,0,0,0,0,0,69,0,0,0,0.0,0.0,,,
group_A,store_1,2018-03-30,0.0,0,0,0,0,0,74,11,0,0,0.0,0.0,,,
group_A,store_1,2018-03-31,0.0,0,0,0,0,0,4,70,0,0,0.0,0.0,,,
group_A,store_1,2018-04-01,0.0,0,0,0,0,0,94,24,0,0,0.0,0.0,,,
group_A,store_1,2018-04-02,0.0,0,0,0,0,0,118,11,0,0,0.0,0.0,,,
group_A,store_1,2018-04-03,0.0,0,0,0,0,0,80,11,0,0,0.0,0.0,,,
group_A,store_1,2018-04-04,0.0,0,0,0,0,0,5,11,0,0,0.0,0.0,,,
group_A,store_1,2018-04-05,0.0,0,0,0,0,0,9,0,0,0,0.0,0.0,,,
group_A,store_1,2018-04-06,0.0,0,0,0,0,0,74,0,0,0,0.0,0.0,,,
group_A,store_1,2018-04-07,0.0,0,0,0,0,0,4,0,0,0,0.0,0.0,,,
group_A,store_1,2018-04-08,0.0,0,0,0,0,0,94,0,0,0,0.0,0.0,,,
group_A,store_1,2018-04-09,0.0,0,0,0,0,0,118,0,0,0,0.0,0.0,,,
group_A,store_1,2018-04-10,0.0,0,0,0,0,0,80,0,0,0,0.0,0.0,,,
group_A,store_1,2018-04-11,0.0,0,0,0,0,0,5,0,0,0,0.0,0.0,,,
group_A,store_1,2018-04-12,0.0,0,0,0,0,0,5,0,0,0,0.0,0.0,,,
group_A,store_1,2018-04-13,0.0,0,0,0,0,0,0,0,0,0,0.0,0.0,,,
group_A,store_1,2018-04-14,0.0,0,0,0,0,0,0,0,0,0,0.0,0.0,,,
group_A,store_1,2018-04-15,0.0,0,0,0,0,0,0,0,0,0,0.0,0.0,,,
group_A,store_1,2018-04-16,0.0,0,0,0,0,0,0,0,0,0,0.0,0.0,,,
group_A,store_1,2018-04-17,0.0,0,0,0,0,0,0,0,0,0,0.0,0.0,,,
group_A,store_1,2018-04-18,0.0,0,0,0,0,0,0,0,0,0,0.0,0.0,,,
group_A,store_1,2018-04-19,0.0,0,0,0,0,0,0,0,0,0,0.0,0.0,,,
group_A,store_1,2018-04-20,0.0,0,0,0,0,0,0,0,0,0,0.0,0.0,,,
group_A,store_1,2018-04-21,0.0,0,0,0,0,0,0,0,0,0,0.0,0.0,,,
group_A,store_1,2018-04-22,0.0,0,0,0,0,0,0,0,0,0,0.0,0.0,,,
group_A,store_1,2018-04-23,0.0,0,0,0,0,0,0,0,0,0,0.0,0.0,,,
group_A,store_1,2018-04-24,0.0,0,0,0,0,0,0,0,0,0,0.0,0.0,,,
group_A,store_1,2018-04-25,0.0,0,0,0,0,0,0,0,0,0,0.0,0.0,,,
group_A,store_1,2018-04-26,0.0,0,0,0,0,0,0,0,0,0,0.0,0.0,,,
group_A,store_1,2018-04-27,0.0,0,0,0,0,0,0,0,0,0,0.0,0.0,,,
group_A,store_1,2018-04-28,0.0,0,0,0,0,0,0,0,0,0,0.0,0.0,,,
group_A,store_1,2018-04-29,0.0,0,0,0,0,0,0,0,0,0,0.0,0.0,,,
group_A,store_1,2018-04-30,0.0,0,0,0,0,0,0,0,0,0,0.0,0.0,,,
group_A,store_1,2018-05-01,0.0,0,0,0,0,0,0,0,0,0,0.0,0.0,,,
group_A,store_1,2018-05-02,0.0,0,0,0,0,0,0,0,0,0,0.0,0.0,,,
group_A,store_1,2018-05-03,0.0,0,0,0,0,0,0,0,0,0,0.0,0.0,,,
group_A,store_1,2018-05-04,0.0,0,0,0,0,0,0,0,0,0,0.0,0.0,,,
group_A,store_1,2018-05-05,0.0,0,0,0,0,0,70,0,0,0,0.0,0.0,,,
group_A,store_1,2018-05-06,0.0,0,0,0,0,0,0,0,0,0,0.0,0.0,,,
group_A,store_1,2018-05-07,0.0,0,0,0,0,0,0,0,0,0,0.0,0.0,,,
group_A,store_1,2018-05-08,0.0,0,0,0,0,0,65,0,0,0,0.0,0.0,,,
group_A,store_1,2018-05-09,0.0,0,0,0,0,0,0,0,0,0,0.0,0.0,,,
group_A,store_1,2018-05-10,0.0,0,0,0,0,0,4,0,0,0,0.0,0.0,,,
group_A,store_1,2018-05-11,0.0,0,0,0,0,0,4,0,0,0,0.0,0.0,,,
group_A,store_1,2018-05-12,0.0,0,0,0,0,0,4,0,0,0,0.0,0.0,,,
group_A,store_1,2018-05-13,0.0,0,0,0,0,0,90,0,0,0,0.0,0.0,,,
group_A,store_1,2018-05-14,0.0,0,0,0,0,0,28,0,0,0,0.0,0.0,,,
group_A,store_1,2018-05-15,0.0,0,0,0,0,0,25,0,0,0,0.0,0.0,,,
group_A,store_1,2018-05-16,0.0,0,0,0,0,0,0,0,0,0,0.0,0.0,,,
group_A,store_1,2018-05-17,0.0,0,0,0,0,0,0,0,0,0,0.0,0.0,,,
group_A,store_1,2018-05-18,0.0,0,0,0,0,0,65,0,0,0,0.0,0.0,,,
group_A,store_1,2018-05-19,0.0,0,0,0,0,0,0,0,0,0,0.0,0.0,,,
group_A,store_1,2018-05-20,0.0,0,0,0,0,0,70,0,0,0,0.0,0.0,,,
group_A,store_1,2018-05-21,0.0,0,0,0,0,0,0,0,0,0,0.0,0.0,,,
group_A,store_1,2018-05-22,0.0,0,0,0,0,0,0,0,0,0,0.0,0.0,,,
group_A,store_1,2018-05-23,0.0,0,0,0,0,0,0,0,0,0,0.0,0.0,,,
group_A,store_1,2018-05-24,0.0,0,0,0,0,0,0,0,0,0,0.0,0.0,,,
group_A,store_1,2018-05-25,0.0,0,0,0,0,0,65,7,0,0,0.0,0.0,,,
group_A,store_1,2018-05-26,0.0,0,0,0,0,0,0,18,0,0,0.0,0.0,,,
group_A,store_1,2018-05-27,0.0,0,0,0,0,0,0,47,0,0,0.0,0.0,,,
group_A,store_1,2018-05-28,0.0,0,0,0,0,0,0,160,0,0,0.0,0.0,,,
group_A,store_1,2018-05-29,0.0,0,0,0,0,0,65,25,0,0,0.0,0.0,,,
group_A,store_1,2018-05-30,0.0,0,0,0,0,0,0,0,0,0,0.0,0.0,,,
group_A,store_1,2018-05-31,0.0,0,0,0,0,0,0,0,0,0,0.0,0.0,,,
group_A,store_1,2018-06-01,0.0,0,0,0,0,0,0,0,0,0,0.0,0.0,,,
group_A,store_1,2018-06-02,0.0,0,0,0,0,0,0,0,0,0,0.0,0.0,,,
group_A,store_1,2018-06-03,0.0,0,0,0,0,0,0,0,0,0,0.0,0.0,,,
group_A,store_1,2018-06-04,0.0,0,0,0,0,0,0,0,0,0,0.0,0.0,,,
group_A,store_1,2018-06-05,0.0,0,0,0,0,0,0,0,0,0,0.0,0.0,,,
group_A,store_1,2018-06-06,0.0,0,0,0,0,0,0,0,0,0,0.0,0.0,,,
group_A,store_1,2018-06-07,0.0,0,0,0,0,0,0,0,0,0,0.0,0.0,,,
group_A,store_1,2018-06-08,0.0,0,0,0,0,0,0,0,0,0,0.0,0.0,,,
group_A,store_1,2018-06-09,0.0,0,0,0,0,0,0,0,0,0,0.0,0.0,,,
group_A,store_1,2018-06-10,0.0,0,0,0,0,0,0,0,0,0,0.0,0.0,,,
group_A,store_1,2018-06-11,0.0,0,0,0,0,0,0,0,0,0,0.0,0.0,,,
group_A,store_1,2018-06-12,0.0,0,0,0,0,0,0,0,0,0,0.0,0.0,,,
group_A,store_1,2018-06-13,0.0,0,0,0,0,0,0,0,0,0,0.0,0.0,,,
group_A,store_1,2018-06-14,0.0,0,0,0,0,0,74,0,0,0,0.0,0.0,,,
group_A,store_1,2018-06-15,0.0,0,0,0,0,0,4,0,0,0,0.0,0.0,,,
group_A,store_1,2018-06-16,0.0,0,0,0,0,0,4,0,0,0,0.0,0.0,,,
group_A,store_1,2018-06-17,0.0,0,0,0,0,0,90,0,0,0,0.0,0.0,,,
group_A,store_1,2018-06-18,0.0,0,0,0,0,0,28,0,0,0,0.0,0.0,,,
group_A,store_1,2018-06-19,0.0,0,0,0,0,0,25,0,0,0,0.0,0.0,,,
group_A,store_1,2018-06-20,0.0,0,0,0,0,0,0,0,0,0,0.0,0.0,,,
group_A,store_1,2018-06-21,0.0,0,0,0,0,0,0,0,0,0,0.0,0.0,,,
group_A,store_1,2018-06-22,0.0,0,0,0,0,0,0,0,0,0,0.0,0.0,,,
group_A,store_1,2018-06-23,0.0,0,0,0,0,0,0,0,0,0,0.0,0.0,,,
group_A,store_1,2018-06-24,0.0,0,0,0,0,0,0,0,0,0,0.0,0.0,,,
group_A,store_1,2018-06-25,0.0,0,0,0,0,0,0,0,0,0,0.0,0.0,,,
group_A,store_1,2018-06-26,0.0,0,0,0,0,0,0,0,0,0,0.0,0.0,,,
group_A,store_1,2018-06-27,0.0,0,0,0,0,0,0,0,0,0,0.0,0.0,,,
group_A,store_1,2018-06-28,0.0,0,0,0,0,0,0,0,0,0,0.0,0.0,,,
group_A,store_1,2018-06-29,0.0,0,0,0,0,0,0,0,0,0,0.0,0.0,,,
group_A,store_1,2018-06-30,0.0,0,0,0,0,0,0,0,0,0,0.0,0.0,,,
group_A,store_1,2018-07-01,0.0,0,0,0,0,0,0,4,0,0,0.0,0.0,,,
group_A,store_1,2018-07-02,0.0,0,0,0,0,0,0,31,0,0,0.0,0.0,,,
group_A,store_1,2018-07-03,0.0,0,0,0,0,0,0,67,0,0,9.0,0.0,,,
group_A,store_1,2018-07-04,0.0,0,0,0,0,0,0,160,0,0,16.0,0.0,,,
group_A,store_1,2018-07-05,0.0,0,0,0,0,0,0,0,0,0,37.0,0.0,,,
group_A,store_1,2018-07-06,0.0,0,0,0,0,0,0,0,0,0,80.0,0.0,,,
group_A,store_1,2018-07-07,0.0,0,0,0,0,0,0,0,0,0,80.0,0.0,,,
group_A,store_1,2018-07-08,0.0,0,0,0,0,0,0,0,0,0,65.0,0.0,,,
group_A,store_1,2018-07-09,0.0,0,0,0,0,0,0,0,0,0,32.0,0.0,,,
group_A,store_1,2018-07-10,0.0,0,0,0,0,0,0,0,0,0,14.0,0.0,,,
group_A,store_1,2018-07-11,0.0,0,0,0,0,0,0,0,0,0,6.0,0.0,,,
group_A,store_1,2018-07-12,0.0,0,0,0,0,0,0,0,0,0,0.0,0.0,,,
group_A,store_1,2018-07-13,0.0,0,0,0,0,0,0,0,0,0,0.0,0.0,,,
group_A,store_1,2018-07-14,0.0,0,0,0,0,0,0,0,0,0,0.0,0.0,,,
group_A,store_1,2018-07-15,0.0,0,0,0,0,0,0,0,0,0,0.0,0.0,,,
group_A,store_1,2018-07-16,0.0,0,0,0,0,0,0,0,0,0,0.0,0.0,,,
group_A,store_1,2018-07-17,0.0,0,0,0,0,0,0,0,0,0,0.0,0.0,,,
group_A,store_1,2018-07-18,0.0,0,0,0,0,0,0,0,0,0,0.0,0.0,,,
group_A,store_1,2018-07-19,0.0,0,0,0,0,0,0,0,0,0,0.0,0.0,,,
group_A,store_1,2018-07-20,0.0,0,0,0,0,0,0,0,0,0,0.0,0.0,,,
group_A,store_1,2018-07-21,0.0,0,0,0,0,0,0,0,0,0,9.0,0.0,,,
group_A,store_1,2018-07-22,0.0,0,0,0,0,0,0,0,0,0,16.0,0.0,,,
group_A,store_1,2018-07-23,0.0,0,0,0,0,0,0,0,0,0,80.0,0.0,,,
group_A,store_1,2018-07-24,0.0,0,0,0,0,0,0,0,0,0,80.0,0.0,,,
group_A,store_1,2018-07-25,0.0,0,0,0,0,0,0,0,0,0,80.0,0.0,,,
group_A,store_1,2018-07-26,0.0,0,0,0,0,0,0,0,0,0,80.0,0.0,,,
group_A,store_1,2018-07-27,0.0,0,0,0,0,0,65,0,0,0,80.0,0.0,,,
group_A,store_1,2018-07-28,0.0,0,0,0,0,0,0,0,0,0,80.0,0.0,,,
group_A,store_1,2018-07-29,0.0,0,0,0,0,0,0,0,0,0,80.0,0.0,,,
group_A,store_1,2018-07-30,0.0,0,0,0,0,0,0,0,0,0,32.0,0.0,,,
group_A,store_1,2018-07-31,0.0,0,0,0,0,0,0,0,0,0,16.0,0.0,,,
group_A,store_1,2018-08-01,0.0,0,0,0,0,0,0,0,0,0,9.0,0.0,,,
group_A,store_1,2018-08-02,0.0,0,0,0,0,0,0,0,0,0,0.0,0.0,,,
group_A,store_1,2018-08-03,0.0,0,0,0,0,0,0,0,0,0,0.0,0.0,,,
group_A,store_1,2018-08-04,0.0,0,0,0,0,0,70,0,0,0,9.0,0.0,,,
group_A,store_1,2018-08-05,0.0,0,0,0,0,0,0,0,0,0,16.0,0.0,,,
group_A,store_1,2018-08-06,0.0,0,0,0,0,0,0,0,0,0,37.0,0.0,,,
group_A,store_1,2018-08-07,0.0,0,0,0,0,0,0,0,0,0,80.0,0.0,,,
group_A,store_1,2018-08-08,0.0,0,0,0,0,0,0,0,0,0,80.0,0.0,,,
group_A,store_1,2018-08-09,0.0,0,0,0,0,0,0,0,0,0,80.0,0.0,,,
group_A,store_1,2018-08-10,0.0,0,0,0,0,0,0,0,0,0,65.0,0.0,,,
group_A,store_1,2018-08-11,0.0,0,0,0,0,0,0,0,0,0,32.0,0.0,,,
group_A,store_1,2018-08-12,0.0,0,0,0,0,0,0,0,0,0,14.0,0.0,,,
group_A,store_1,2018-08-13,0.0,0,0,0,0,0,0,0,0,0,6.0,0.0,,,
group_A,store_1,2018-08-14,0.0,0,0,0,0,0,0,0,0,0,0.0,0.0,,,
group_A,store_1,2018-08-15,0.0,0,0,0,0,0,0,0,0,0,0.0,0.0,,,
group_A,store_1,2018-08-16,0.0,0,0,0,0,0,0,0,0,0,0.0,0.0,,,
group_A,store_1,2018-08-17,0.0,0,0,0,0,0,0,0,0,0,0.0,0.0,,,
group_A,store_1,2018-08-18,0.0,0,0,0,0,0,0,0,0,0,0.0,0.0,,,
group_A,store_1,2018-08-19,0.0,0,0,0,0,0,0,0,0,0,0.0,0.0,,,
group_A,store_1,2018-08-20,0.0,0,0,0,0,0,0,0,0,0,0.0,0.0,,,
group_A,store_1,2018-08-21,0.0,0,0,0,0,0,0,0,0,0,0.0,0.0,,,
group_A,store_1,2018-08-22,0.0,0,0,0,0,0,70,0,0,0,0.0,0.0,,,
group_A,store_1,2018-08-23,0.0,0,0,0,0,0,0,0,0,0,0.0,0.0,,,
group_A,store_1,2018-08-24,0.0,0,0,0,0,0,0,0,0,0,0.0,0.0,,,
group_A,store_1,2018-08-25,0.0,0,0,0,0,0,0,0,0,0,0.0,0.0,,,
group_A,store_1,2018-08-26,0.0,0,0,0,0,0,0,0,0,0,0.0,0.0,,,
group_A,store_1,2018-08-27,0.0,0,0,0,0,0,0,0,0,0,0.0,0.0,,,
group_A,store_1,2018-08-28,0.0,0,0,0,0,0,0,0,0,0,0.0,0.0,,,
group_A,store_1,2018-08-29,0.0,0,0,0,0,0,0,0,0,0,0.0,0.0,,,
group_A,store_1,2018-08-30,0.0,0,0,0,0,0,0,0,0,0,0.0,0.0,,,
group_A,store_1,2018-08-31,0.0,0,0,0,0,0,0,7,0,0,0.0,0.0,,,
group_A,store_1,2018-09-01,0.0,0,0,0,0,0,0,7,0,0,0.0,0.0,,,
group_A,store_1,2018-09-02,0.0,0,0,0,0,0,70,36,0,0,0.0,0.0,,,
group_A,store_1,2018-09-03,0.0,0,0,0,0,0,0,90,0,0,0.0,0.0,,,
group_A,store_1,2018-09-04,0.0,0,0,0,0,0,0,13,0,0,0.0,0.0,,,
group_A,store_1,2018-09-05,0.0,0,0,0,0,0,0,0,0,0,7.0,0.0,,,
group_A,store_1,2018-09-06,0.0,0,0,0,0,0,0,0,0,0,21.0,0.0,,,
group_A,store_1,2018-09-07,0.0,0,0,0,0,0,0,0,0,0,62.0,0.0,,,
group_A,store_1,2018-09-08,0.0,0,0,0,0,0,0,0,0,0,65.0,0.0,,,
group_A,store_1,2018-09-09,0.0,0,0,0,0,0,0,70,0,0,32.0,0.0,,,
group_A,store_1,2018-09-10,0.0,0,0,0,0,0,0,14,0,0,14.0,0.0,,,
group_A,store_1,2018-09-11,0.0,0,0,0,0,0,0,6,0,0,6.0,0.0,,,
group_A,store_1,2018-09-12,0.0,0,0,0,0,0,0,0,0,0,0.0,0.0,,,
group_A,store_1,2018-09-13,0.0,0,0,0,0,0,0,0,0,0,0.0,0.0,,,
group_A,store_1,2018-09-14,0.0,0,0,0,0,0,0,0,0,0,0.0,0.0,,,
group_A,store_1,2018-09-15,0.0,0,0,0,0,0,0,0,0,0,0.0,0.0,,,
group_A,store_1,2018-09-16,0.0,0,0,0,0,0,0,0,0,0,0.0,0.0,,,
group_A,store_1,2018-09-17,0.0,0,0,0,0,0,65,0,0,0,0.0,0.0,,,
group_A,store_1,2018-09-18,0.0,0,0,0,0,0,70,0,0,0,0.0,0.0,,,
group_A,store_1,2018-09-19,0.0,0,0,0,0,0,0,0,0,0,0.0,0.0,,,
group_A,store_1,2018-09-20,0.0,0,0,0,0,0,0,0,0,0,0.0,0.0,,,
group_A,store_1,2018-09-21,0.0,0,0,0,0,0,0,0,0,0,0.0,0.0,,,
group_A,store_1,2018-09-22,0.0,0,0,0,0,0,0,0,0,0,0.0,0.0,,,
group_A,store_1,2018-09-23,0.0,0,0,0,0,0,0,0,0,0,0.0,0.0,,,
group_A,store_1,2018-09-24,0.0,0,0,0,0,0,0,0,0,0,0.0,0.0,,,
group_A,store_1,2018-09-25,0.0,0,0,0,0,0,0,0,0,0,0.0,0.0,,,
group_A,store_1,2018-09-26,0.0,0,0,0,0,0,0,0,0,0,0.0,0.0,,,
group_A,store_1,2018-09-27,0.0,0,0,0,0,0,4,0,0,0,0.0,0.0,,,
group_A,store_1,2018-09-28,0.0,0,0,0,0,0,4,0,0,0,0.0,0.0,,,
group_A,store_1,2018-09-29,0.0,0,0,0,0,0,4,0,0,0,0.0,0.0,,,
group_A,store_1,2018-09-30,0.0,0,0,0,0,0,90,0,0,0,0.0,0.0,,,
group_A,store_1,2018-10-01,0.0,0,0,0,0,0,28,0,0,0,0.0,0.0,,,
group_A,store_1,2018-10-02,0.0,0,0,0,0,0,25,0,0,0,0.0,0.0,,,
group_A,store_1,2018-10-03,0.0,0,0,0,0,0,0,0,0,0,0.0,0.0,,,
group_A,store_1,2018-10-04,0.0,0,0,0,0,0,0,0,0,0,0.0,0.0,,,
group_A,store_1,2018-10-05,0.0,0,0,0,0,0,0,14,0,0,0.0,0.0,,,
group_A,store_1,2018-10-06,0.0,0,0,0,0,0,0,14,0,0,0.0,0.0,,,
group_A,store_1,2018-10-07,0.0,0,0,0,0,0,0,72,0,0,0.0,0.0,,,
group_A,store_1,2018-10-08,0.0,0,0,0,0,0,0,180,0,0,0.0,0.0,,,
group_A,store_1,2018-10-09,0.0,0,0,0,0,0,0,26,0,0,0.0,0.0,,,
group_A,store_1,2018-10-10,0.0,0,0,0,0,0,0,0,0,0,0.0,0.0,,,
group_A,store_1,2018-10-11,0.0,0,0,0,0,0,0,0,0,0,0.0,0.0,,,
group_A,store_1,2018-10-12,0.0,0,0,0,0,0,0,0,0,0,0.0,0.0,,,
group_A,store_1,2018-10-13,0.0,0,0,0,0,0,70,0,0,0,0.0,0.0,,,
group_A,store_1,2018-10-14,0.0,0,0,0,0,0,0,0,0,0,0.0,0.0,,,
group_A,store_1,2018-10-15,0.0,0,0,0,0,0,65,0,0,0,0.0,0.0,,,
group_A,store_1,2018-10-16,0.0,0,0,0,0,0,0,0,0,0,0.0,0.0,,,
group_A,store_1,2018-10-17,0.0,0,0,0,0,0,0,0,0,0,0.0,0.0,,,
group_A,store_1,2018-10-18,0.0,0,0,0,0,0,0,0,0,0,0.0,0.0,,,
group_A,store_1,2018-10-19,0.0,0,0,0,0,0,0,0,0,0,0.0,0.0,,,
group_A,store_1,2018-10-20,0.0,0,0,0,0,0,0,0,0,0,0.0,0.0,,,
group_A,store_1,2018-10-21,0.0,0,0,0,0,0,0,0,0,0,0.0,0.0,,,
group_A,store_1,2018-10-22,0.0,0,0,0,0,0,0,0,0,0,0.0,0.0,,,
group_A,store_1,2018-10-23,0.0,0,0,0,0,0,0,0,0,0,0.0,0.0,,,
group_A,store_1,2018-10-24,0.0,0,0,0,0,0,0,0,0,0,0.0,0.0,,,
group_A,store_1,2018-10-25,0.0,0,0,0,0,0,0,0,0,0,0.0,0.0,,,
group_A,store_1,2018-10-26,0.0,0,0,0,0,0,0,0,0,0,0.0,0.0,,,
group_A,store_1,2018-10-27,0.0,0,0,0,0,0,0,0,0,0,0.0,0.0,,,
group_A,store_1,2018-10-28,0.0,0,0,0,0,0,0,0,0,0,0.0,0.0,,,
group_A,store_1,2018-10-29,0.0,0,0,0,0,0,0,0,0,0,0.0,0.0,,,
group_A,store_1,2018-10-30,0.0,0,0,0,0,0,0,0,0,0,0.0,0.0,,,
group_A,store_1,2018-10-31,0.0,0,0,0,0,0,90,0,0,0,0.0,0.0,,,
group_A,store_1,2018-11-01,0.0,0,0,0,0,0,69,0,0,0,0.0,0.0,,,
group_A,store_1,2018-11-02,0.0,0,0,0,0,0,69,0,0,0,0.0,0.0,,,
group_A,store_1,2018-11-03,0.0,0,0,0,0,0,0,0,0,0,0.0,0.0,,,
group_A,store_1,2018-11-04,0.0,0,0,0,0,0,0,0,0,0,0.0,0.0,,,
group_A,store_1,2018-11-05,0.0,0,0,0,0,0,0,0,0,0,0.0,0.0,,,
group_A,store_1,2018-11-06,0.0,0,0,0,0,0,0,0,0,0,0.0,0.0,,,
group_A,store_1,2018-11-07,0.0,0,0,0,0,0,70,0,23,0,0.0,0.0,,,
group_A,store_1,2018-11-08,0.0,0,0,0,0,0,4,0,43,0,0.0,0.0,,,
group_A,store_1,2018-11-09,0.0,0,0,0,0,0,4,7,65,0,0.0,0.0,,,
group_A,store_1,2018-11-10,0.0,0,0,0,0,0,4,7,80,0,0.0,0.0,,,
group_A,store_1,2018-11-11,0.0,0,0,0,0,0,90,126,80,0,0.0,0.0,,,
group_A,store_1,2018-11-12,0.0,0,0,0,0,0,28,95,34,0,0.0,0.0,,,
group_A,store_1,2018-11-13,0.0,0,0,0,0,0,25,13,12,0,0.0,0.0,,,
group_A,store_1,2018-11-14,0.0,0,0,0,0,0,0,0,6,0,0.0,0.0,,,
group_A,store_1,2018-11-15,0.0,0,0,0,0,0,0,0,0,0,0.0,0.0,,,
group_A,store_1,2018-11-16,0.0,0,0,0,0,0,0,0,0,0,0.0,0.0,,,
group_A,store_1,2018-11-17,0.0,0,0,0,0,0,0,0,0,0,0.0,0.0,,,
group_A,store_1,2018-11-18,0.0,0,0,0,0,0,0,0,0,0,0.0,0.0,,,
group_A,store_1,2018-11-19,0.0,0,0,0,0,0,0,18,0,0,0.0,0.0,,,
group_A,store_1,2018-11-20,0.0,0,0,0,0,0,0,18,0,0,0.0,0.0,,,
group_A,store_1,2018-11-21,0.0,0,0,0,0,0,70,49,0,0,0.0,0.0,,,
group_A,store_1,2018-11-22,0.0,0,0,0,0,0,36,91,0,0,0.0,0.0,,,
group_A,store_1,2018-11-23,0.0,0,0,0,0,0,90,70,0,0,0.0,0.0,,,
group_A,store_1,2018-11-24,0.0,0,0,0,0,0,1,18,0,0,0.0,0.0,,,
group_A,store_1,2018-11-25,0.0,0,0,0,0,0,4,4,0,0,0.0,0.0,,,
group_A,store_1,2018-11-26,0.0,0,0,0,0,0,90,4,0,0,0.0,0.0,,,
group_A,store_1,2018-11-27,0.0,0,0,0,0,0,55,4,0,0,0.0,0.0,,,
group_A,store_1,2018-11-28,0.0,0,0,0,0,0,5,4,0,0,0.0,0.0,,,
group_A,store_1,2018-11-29,0.0,0,0,0,0,0,5,0,0,0,0.0,0.0,,,
group_A,store_1,2018-11-30,0.0,0,0,0,0,0,0,0,0,0,0.0,0.0,,,
group_B,store_2,2017-01-09,,0,24662,120468,0,0,133,50,0,0,,,0.0,0.0,0.0
group_B,store_2,2017-01-16,,0,84540,104279,0,0,0,103,0,0,,,0.0,0.0,0.0
group_B,store_2,2017-01-23,,0,81037,100380,0,0,133,0,0,0,,,0.0,0.0,0.0
group_B,store_2,2017-01-30,,0,10703,122735,0,0,0,0,0,0,,,0.0,0.0,0.0
group_B,store_2,2017-02-06,,5376,17714,218997,0,0,30,92,0,0,,,0.0,0.0,0.0
group_B,store_2,2017-02-13,,95186,23227,31244,0,0,166,174,0,0,,,0.0,0.0,0.0
group_B,store_2,2017-02-20,,0,29318,101841,0,0,65,185,0,0,,,0.0,0.0,0.0
group_B,store_2,2017-02-27,,0,8513,136027,0,0,70,116,0,0,,,0.0,0.0,0.0
group_B,store_2,2017-03-06,,0,51681,356764,0,0,0,0,0,0,,,0.0,0.0,0.0
group_B,store_2,2017-03-13,,0,72955,119648,0,0,127,93,0,0,,,0.0,0.0,0.0
group_B,store_2,2017-03-20,,0,16656,124051,0,0,0,12,0,0,,,0.0,0.0,0.0
group_B,store_2,2017-03-27,,0,29120,171778,0,0,65,0,0,0,,,0.0,0.0,0.0
group_B,store_2,2017-04-03,,0,627,104911,0,0,0,0,0,0,,,0.0,0.0,0.0
group_B,store_2,2017-04-10,,0,352294,64294,0,0,348,0,0,0,,,0.0,0.0,0.0
group_B,store_2,2017-04-17,,5100,686522,67527,0,0,261,0,0,0,,,0.0,0.0,0.0
group_B,store_2,2017-04-24,,11500,17010,0,0,0,0,0,0,0,,,0.0,0.0,0.0
group_B,store_2,2017-05-01,,0,16333,61224,0,0,70,0,0,0,,,0.0,0.0,0.0
group_B,store_2,2017-05-08,,0,5280,44565,0,0,232,0,0,0,,,0.0,0.0,0.0
group_B,store_2,2017-05-15,,0,85446,45058,0,0,118,0,0,0,,,0.0,0.0,0.0
group_B,store_2,2017-05-22,,0,41226,0,0,0,65,50,0,0,,,0.0,0.0,0.0
group_B,store_2,2017-05-29,,3741,25200,38928,0,0,70,103,0,0,,,0.0,0.0,0.0
group_B,store_2,2017-06-05,,66220,38968,59036,0,0,0,0,0,0,,,0.0,0.0,0.0
group_B,store_2,2017-06-12,,0,14569,2998,0,0,172,22,0,0,,,0.0,0.0,0.0
group_B,store_2,2017-06-19,,10301,26144,50558,0,0,53,82,0,0,,,0.0,0.0,0.0
group_B,store_2,2017-06-26,,51500,30845,0,0,0,0,9,0,0,,,0.0,0.0,0.0
group_B,store_2,2017-07-03,,0,1168,33150,0,0,0,97,0,0,,,0.0,0.0,0.0
group_B,store_2,2017-07-10,,0,10752,100177,0,0,0,0,0,0,,,0.0,0.0,0.0
group_B,store_2,2017-07-17,,0,2372,40227,0,0,0,0,0,0,,,0.0,51.0,0.0
group_B,store_2,2017-07-24,,0,3610,0,0,0,65,0,0,0,,,0.0,65.0,52.0
group_B,store_2,2017-07-31,,0,3278,0,0,0,70,0,0,0,,,0.0,82.0,86.0
group_B,store_2,2017-08-07,,0,4988,30729,0,0,0,0,0,0,,,0.0,82.0,86.0
group_B,store_2,2017-08-14,,0,12530,17040,0,0,70,0,0,0,,,0.0,0.0,0.0
group_B,store_2,2017-08-21,,0,25822,31959,0,0,0,0,0,0,,,0.0,65.0,0.0
group_B,store_2,2017-08-28,,0,5351,20445,0,0,70,50,0,0,,,0.0,0.0,0.0
group_B,store_2,2017-09-04,,0,6560,12877,0,0,0,103,0,0,,,0.0,0.0,0.0
group_B,store_2,2017-09-11,,0,4814,19052,0,0,65,0,0,0,,,0.0,82.0,0.0
group_B,store_2,2017-09-18,,0,6562,60156,0,0,237,0,0,0,,,0.0,65.0,0.0
group_B,store_2,2017-09-25,,0,0,23885,0,0,53,0,0,0,,,0.0,0.0,0.0
group_B,store_2,2017-10-02,,0,210870,94896,0,156,0,122,0,0,,,0.0,0.0,0.0
group_B,store_2,2017-10-09,,18974,49806,127002,0,78,135,288,0,0,,,0.0,0.0,0.0
group_B,store_2,2017-10-16,,117411,20157,130418,0,0,70,0,0,0,,,0.0,0.0,0.0
group_B,store_2,2017-10-23,,18060,37159,95538,0,0,30,0,0,0,,,0.0,82.0,0.0
group_B,store_2,2017-10-30,,0,26225,226322,0,0,296,0,0,0,,,0.0,32.0,0.0
group_B,store_2,2017-11-06,,0,12253,163321,0,0,133,388,65,0,,,0.0,0.0,0.0
group_B,store_2,2017-11-13,,0,27001,110576,0,0,0,13,18,0,,,0.0,0.0,0.0
group_B,store_2,2017-11-20,,0,31162,152252,0,2465,131,175,0,0,,,0.0,0.0,0.0
group_B,store_2,2017-11-27,,0,94942,199497,0,0,225,0,0,0,,,0.0,0.0,0.0
group_B,store_2,2017-12-04,,0,23868,176143,0,0,0,0,0,0,,,0.0,0.0,0.0
group_B,store_2,2017-12-11,,0,0,159128,2387,0,210,0,0,0,,,0.0,0.0,0.0
group_B,store_2,2017-12-18,,0,0,106697,1611,2382,102,72,0,0,,,0.0,0.0,0.0
group_B,store_2,2017-12-25,,0,0,90509,0,4060,225,235,0,0,,,0.0,0.0,0.0
group_B,store_2,2018-01-01,,0,27682,190069,0,2985,155,103,0,80,,,0.0,0.0,0.0
group_B,store_2,2018-01-08,,0,67837,142969,0,2555,155,50,0,0,,,0.0,0.0,0.0
group_B,store_2,2018-01-15,,0,33234,94482,0,2555,53,103,0,0,,,0.0,0.0,0.0
group_B,store_2,2018-01-22,,0,87038,6345,0,1540,0,0,0,0,,,0.0,0.0,0.0
group_B,store_2,2018-01-29,,0,10755,123699,0,532,0,0,0,0,,,0.0,0.0,0.0
group_B,store_2,2018-02-05,,0,17714,101711,0,532,0,22,0,0,,,0.0,0.0,0.0
group_B,store_2,2018-02-12,,0,17592,57991,0,532,360,154,0,80,,,0.0,0.0,0.0
group_B,store_2,2018-02-19,,16950,14318,133869,0,532,0,185,0,0,,,0.0,0.0,0.0
group_B,store_2,2018-02-26,,51834,28118,220070,0,304,0,0,0,0,,,0.0,0.0,0.0
group_B,store_2,2018-03-05,,0,64742,401131,0,156,0,0,0,80,,,0.0,0.0,0.0
group_B,store_2,2018-03-12,,0,79152,222577,0,680,133,0,0,0,,,0.0,0.0,0.0
group_B,store_2,2018-03-19,,0,11888,136063,0,605,0,0,0,80,,,0.0,0.0,0.0
group_B,store_2,2018-03-26,,0,446606,168985,0,1580,241,0,0,0,,,0.0,0.0,0.0
group_B,store_2,2018-04-02,,0,869803,107441,0,2576,384,0,0,0,,,0.0,0.0,0.0
group_B,store_2,2018-04-09,,0,26657,26257,0,0,208,0,0,0,,,0.0,36.0,0.0
group_B,store_2,2018-04-16,,0,12911,9520,0,0,0,0,0,0,,,0.0,82.0,0.0
group_B,store_2,2018-04-23,,0,5375,0,0,0,0,0,0,0,,,0.0,0.0,0.0
group_B,store_2,2018-04-30,,45450,6425,0,0,0,70,0,0,0,,,0.0,0.0,0.0
group_B,store_2,2018-05-07,,47250,14475,33150,390,0,167,0,0,0,,,0.0,0.0,0.0
group_B,store_2,2018-05-14,,0,15286,0,1508,792,188,0,0,0,,,0.0,0.0,86.0
group_B,store_2,2018-05-21,,0,7382,0,1236,2299,65,50,0,0,,,0.0,0.0,0.0
group_B,store_2,2018-05-28,,0,51200,0,0,3535,65,103,0,0,,,0.0,0.0,0.0
group_B,store_2,2018-06-04,,0,18790,21787,380,3535,0,0,0,0,,,0.0,0.0,0.0
group_B,store_2,2018-06-11,,0,43456,0,152,3915,172,0,0,0,,,0.0,0.0,0.0
group_B,store_2,2018-06-18,,0,0,0,0,4067,53,116,0,0,,,0.0,0.0,0.0
group_B,store_2,2018-06-25,,0,22765,0,0,4067,0,4,0,0,,,0.0,0.0,0.0
group_B,store_2,2018-07-02,,0,9707,33150,0,4067,0,161,0,0,,,0.0,0.0,0.0
group_B,store_2,2018-07-09,,0,0,244000,0,4067,0,0,0,0,,,0.0,0.0,0.0
group_B,store_2,2018-07-16,,0,3724,37520,0,4067,0,0,0,0,,,0.0,0.0,0.0
group_B,store_2,2018-07-23,,0,33797,0,0,4067,65,0,0,0,,,0.0,82.0,86.0
group_B,store_2,2018-07-30,,0,3424,23411,0,4067,70,0,0,0,,,0.0,0.0,0.0
group_B,store_2,2018-08-06,,15151,15256,16859,0,4067,0,0,0,0,,,0.0,11.0,86.0
group_B,store_2,2018-08-13,,750,17763,0,0,4067,0,0,0,0,,,0.0,82.0,0.0
group_B,store_2,2018-08-20,,0,22000,0,0,4067,70,0,0,0,,,0.0,0.0,0.0
group_B,store_2,2018-08-27,,0,0,0,0,1078,70,50,0,0,,,0.0,0.0,0.0
group_B,store_2,2018-09-03,,0,0,0,0,610,0,103,0,0,,,0.0,0.0,0.0
group_B,store_2,2018-09-10,,10121,25222,0,0,152,0,0,0,0,,,0.0,0.0,0.0
group_B,store_2,2018-09-17,,0,8089,36271,0,0,135,0,0,0,,,0.0,0.0,0.0
group_B,store_2,2018-09-24,,0,37539,53099,0,0,102,0,0,0,,,23455.0,82.0,0.0
group_B,store_2,2018-10-01,,10396,211674,69074,0,156,53,122,0,0,,,0.0,0.0,0.0
group_B,store_2,2018-10-08,,0,49904,117428,0,78,70,288,0,0,,,0.0,0.0,0.0
group_B,store_2,2018-10-15,,4081,6500,116875,0,0,65,0,0,0,,,0.0,0.0,0.0
group_B,store_2,2018-10-22,,120240,8007,84950,0,0,0,0,0,0,,,0.0,80.0,0.0
group_B,store_2,2018-10-29,,0,3610,119958,0,0,228,0,0,0,,,0.0,0.0,0.0
group_B,store_2,2018-11-05,,11363,27434,83137,0,0,172,256,0,0,,,23198.0,0.0,0.0
group_B,store_2,2018-11-12,,22575,38890,114615,0,0,53,108,65,80,,,0.0,0.0,0.0
group_B,store_2,2018-11-19,,0,31077,169509,0,2469,201,175,0,0,,,0.0,38.0,0.0
group_B,store_2,2018-11-26,,0,115693,86621,0,0,155,0,0,0,,,0.0,80.0,0.0
group_B,store_2,2018-12-03,,0,3919,28528,0,0,70,0,0,0,,,0.0,0.0,0.0
group_B,store_2,2018-12-10,,0,6250,100939,1212,0,140,0,0,0,,,0.0,0.0,0.0
group_B,store_2,2018-12-17,,0,0,174759,2350,1650,74,59,0,0,,,0.0,0.0,0.0
group_B,store_2,2018-12-24,,0,0,98601,0,4067,159,325,0,0,,,0.0,0.0,0.0
group_B,store_2,2018-12-31,,0,3278,130797,0,2987,159,97,0,0,,,0.0,0.0,0.0
group_B,store_2,2019-01-07,,12110,25617,96108,0,2555,159,0,0,0,,,0.0,0.0,0.0
group_B,store_2,2019-01-14,,4439,43286,82472,0,2555,155,50,0,0,,,0.0,0.0,0.0
group_B,store_2,2019-01-21,,13571,94640,129876,0,1925,0,103,0,0,,,0.0,0.0,0.0
group_B,store_2,2019-01-28,,13436,17608,158086,0,532,30,0,0,0,,,0.0,0.0,0.0
group_B,store_2,2019-02-04,,20847,22202,205051,0,532,166,0,0,0,,,0.0,0.0,0.0
group_B,store_2,2019-02-11,,11531,94217,65126,0,532,104,188,0,0,,,0.0,0.0,0.0
group_B,store_2,2019-02-18,,11531,29786,154118,0,532,0,185,0,0,,,0.0,0.0,0.0
group_B,store_2,2019-02-25,,0,86560,148537,0,304,0,0,0,0,,,0.0,0.0,0.0
group_B,store_2,2019-03-04,,0,74054,69371,0,0,135,0,0,0,,,0.0,0.0,0.0
group_B,store_2,2019-03-11,,0,84507,160805,0,292,102,0,0,0,,,0.0,0.0,0.0
group_B,store_2,2019-03-18,,0,58507,136127,0,1022,53,0,0,0,,,0.0,0.0,0.0
group_B,store_2,2019-03-25,,6601,31479,109990,0,0,65,0,0,0,,,0.0,0.0,0.0
group_B,store_2,2019-04-01,,39380,33953,224082,0,0,0,0,0,0,,,0.0,0.0,0.0
group_B,store_2,2019-04-08,,0,21639,40617,0,136,0,0,0,0,,,0.0,0.0,0.0
group_B,store_2,2019-04-15,,0,449155,52190,0,1565,176,0,0,0,,,0.0,0.0,0.0
group_B,store_2,2019-04-22,,0,882397,0,0,2541,384,0,0,0,,,0.0,0.0,0.0
group_B,store_2,2019-04-29,,0,30549,0,0,0,278,0,0,0,,,0.0,0.0,0.0
group_B,store_2,2019-05-06,,10301,96805,0,0,0,167,0,0,0,,,0.0,0.0,0.0
group_B,store_2,2019-05-13,,31500,51560,0,2043,695,183,0,0,0,,,0.0,0.0,0.0
group_B,store_2,2019-05-20,,0,30361,0,1105,3323,65,50,0,0,,,0.0,0.0,0.0
group_B,store_2,2019-05-27,,0,49060,33150,0,3549,0,103,0,0,,,7400.0,0.0,0.0
group_B,store_2,2019-06-03,,0,36468,21007,350,3549,140,0,0,0,,,0.0,0.0,0.0
group_B,store_2,2019-06-10,,0,122681,33150,140,3899,172,0,0,0,,,0.0,0.0,0.0
group_B,store_2,2019-06-17,,0,22081,0,0,4039,53,97,0,0,,,0.0,0.0,0.0
group_B,store_2,2019-06-24,,0,33065,0,0,4039,0,0,0,0,,,51720.0,0.0,0.0
group_B,store_2,2019-07-01,,0,0,0,0,4039,0,175,0,0,,,0.0,0.0,0.0
group_B,store_2,2019-07-08,,0,30349,244000,0,4039,0,0,0,0,,,0.0,0.0,0.0
group_B,store_2,2019-07-15,,0,85743,28000,0,4039,0,0,0,0,,,0.0,0.0,0.0
group_B,store_2,2019-07-22,,0,58332,0,0,4039,65,0,0,0,,,0.0,0.0,0.0
group_B,store_2,2019-07-29,,15901,22252,0,0,4039,70,0,0,0,,,0.0,0.0,0.0
group_B,store_2,2019-08-05,,21210,49980,0,0,4039,70,0,0,0,,,0.0,0.0,0.0
group_B,store_2,2019-08-12,,15050,15014,0,0,4039,0,0,0,0,,,0.0,0.0,86.0
group_B,store_2,2019-08-19,,0,0,0,0,4039,70,0,0,0,,,0.0,0.0,86.0
group_B,store_2,2019-08-26,,0,0,0,0,1336,0,50,0,0,,,22044.0,0.0,0.0
group_B,store_2,2019-09-02,,0,39718,6825,0,569,0,103,0,0,,,0.0,0.0,86.0
group_B,store_2,2019-09-09,,0,24234,76555,0,490,0,0,0,0,,,0.0,0.0,0.0
group_B,store_2,2019-09-16,,0,12471,32038,0,0,135,0,0,0,,,0.0,0.0,0.0
group_B,store_2,2019-09-23,,0,36289,59292,0,0,102,0,0,0,,,0.0,0.0,0.0
group_B,store_2,2019-09-30,,0,274488,73282,0,0,53,0,0,0,,,0.0,0.0,0.0
group_B,store_2,2019-10-07,,50750,46217,62351,0,158,70,72,0,0,,,0.0,0.0,0.0
group_B,store_2,2019-10-14,,78750,67791,89291,0,79,65,185,0,0,,,0.0,0.0,0.0
group_B,store_2,2019-10-21,,0,44345,150815,0,0,70,0,0,0,,,0.0,0.0,0.0
group_B,store_2,2019-10-28,,0,16084,133470,0,0,234,0,0,0,,,0.0,0.0,0.0
group_B,store_2,2019-11-04,,0,17249,141517,0,0,74,50,65,0,,,0.0,0.0,0.0
group_B,store_2,2019-11-11,,0,79682,114435,0,0,155,103,18,0,,,0.0,0.0,0.0
group_B,store_2,2019-11-18,,0,27607,161728,0,335,0,0,0,0,,,0.0,0.0,0.0
group_B,store_2,2019-11-25,,0,30971,140921,0,2119,131,175,0,23,,,0.0,0.0,0.0
group_B,store_2,2019-12-02,,0,125184,143121,0,0,155,0,0,80,,,0.0,0.0,0.0
group_B,store_2,2019-12-09,,0,57706,39201,1120,0,140,0,0,0,,,0.0,0.0,0.0
group_B,store_2,2019-12-16,,0,7295,144325,2412,1560,30,13,0,0,,,0.0,0.0,0.0
group_B,store_2,2019-12-23,,0,0,25526,0,577,100,34,0,0,,,0.0,0.0,0.0
group_B,store_3,2017-01-09,,0,24662,120468,0,0,133,50,0,0,,,0.0,0.0,0.0
group_B,store_3,2017-01-16,,0,84540,104279,0,0,0,103,0,0,,,0.0,0.0,0.0
group_B,store_3,2017-01-23,,0,81037,100380,0,0,133,0,0,0,,,0.0,0.0,0.0
group_B,store_3,2017-01-30,,0,10703,122735,0,0,0,0,0,0,,,0.0,0.0,0.0
group_B,store_3,2017-02-06,,5376,17714,218997,0,0,30,92,0,0,,,0.0,0.0,0.0
group_B,store_3,2017-02-13,,95186,23227,31244,0,0,166,196,0,0,,,0.0,0.0,0.0
group_B,store_3,2017-02-20,,0,29318,101841,0,0,65,267,0,0,,,0.0,0.0,0.0
group_B,store_3,2017-02-27,,0,27493,136027,0,0,70,116,0,0,,,0.0,0.0,0.0
group_B,store_3,2017-03-06,,0,52386,356764,0,0,0,0,0,0,,,0.0,0.0,0.0
group_B,store_3,2017-03-13,,0,72955,119648,0,0,127,93,0,0,,,0.0,0.0,0.0
group_B,store_3,2017-03-20,,0,16656,124051,0,0,0,12,0,0,,,0.0,0.0,0.0
group_B,store_3,2017-03-27,,0,23120,171778,0,0,65,0,0,0,,,0.0,0.0,0.0
group_B,store_3,2017-04-03,,0,627,104911,0,0,0,0,0,0,,,0.0,0.0,0.0
group_B,store_3,2017-04-10,,0,352294,64294,0,0,348,93,0,0,,,0.0,0.0,0.0
group_B,store_3,2017-04-17,,5100,686522,67527,0,0,261,12,0,0,,,0.0,0.0,0.0
group_B,store_3,2017-04-24,,11500,17010,0,0,0,0,0,0,0,,,0.0,0.0,0.0
group_B,store_3,2017-05-01,,0,16333,61224,0,0,70,0,0,0,,,0.0,0.0,0.0
group_B,store_3,2017-05-08,,0,5280,44565,0,0,232,0,0,0,,,0.0,0.0,0.0
group_B,store_3,2017-05-15,,0,85446,45058,0,0,118,0,0,0,,,0.0,0.0,0.0
group_B,store_3,2017-05-22,,0,13632,0,0,0,65,50,0,0,,,0.0,0.0,0.0
group_B,store_3,2017-05-29,,3741,25200,38928,0,0,70,103,0,0,,,0.0,0.0,0.0
group_B,store_3,2017-06-05,,66220,38968,59036,0,0,0,0,0,0,,,0.0,0.0,0.0
group_B,store_3,2017-06-12,,0,14569,2998,0,0,172,22,0,0,,,0.0,0.0,0.0
group_B,store_3,2017-06-19,,10301,26144,50558,0,0,53,82,0,0,,,0.0,0.0,0.0
group_B,store_3,2017-06-26,,51500,30845,0,0,0,0,9,0,0,,,0.0,0.0,0.0
group_B,store_3,2017-07-03,,0,418,33150,0,0,0,97,0,0,,,0.0,0.0,0.0
group_B,store_3,2017-07-10,,0,11252,39177,0,0,0,0,0,0,,,0.0,0.0,0.0
group_B,store_3,2017-07-17,,0,2372,33227,0,0,0,0,0,0,,,0.0,51.0,0.0
group_B,store_3,2017-07-24,,0,3610,0,0,0,65,0,0,0,,,0.0,65.0,52.0
group_B,store_3,2017-07-31,,0,5435,0,0,0,70,0,0,0,,,0.0,82.0,86.0
group_B,store_3,2017-08-07,,0,8269,30729,0,0,0,0,0,0,,,0.0,82.0,86.0
group_B,store_3,2017-08-14,,0,11946,17040,0,0,70,0,0,0,,,0.0,0.0,0.0
group_B,store_3,2017-08-21,,0,18473,31959,0,0,0,0,0,0,,,0.0,65.0,0.0
group_B,store_3,2017-08-28,,0,5351,20445,0,0,70,50,0,0,,,0.0,0.0,0.0
group_B,store_3,2017-09-04,,0,6560,12877,0,0,0,103,0,0,,,0.0,0.0,0.0
group_B,store_3,2017-09-11,,0,22292,19052,0,0,65,0,0,0,,,0.0,82.0,0.0
group_B,store_3,2017-09-18,,0,9054,60156,0,0,237,0,0,0,,,0.0,65.0,0.0
group_B,store_3,2017-09-25,,0,0,23885,0,0,53,0,0,0,,,0.0,0.0,0.0
group_B,store_3,2017-10-02,,0,210870,94896,0,156,0,144,0,0,,,0.0,0.0,0.0
group_B,store_3,2017-10-09,,0,26806,127002,0,78,135,370,0,0,,,0.0,0.0,0.0
group_B,store_3,2017-10-16,,4200,18600,130418,0,0,70,0,0,0,,,0.0,0.0,0.0
group_B,store_3,2017-10-23,,18060,46596,95538,0,0,30,0,0,0,,,0.0,82.0,0.0
group_B,store_3,2017-10-30,,0,29976,226322,0,0,296,0,0,0,,,0.0,32.0,0.0
group_B,store_3,2017-11-06,,0,12253,163321,0,0,133,504,65,0,,,0.0,0.0,0.0
group_B,store_3,2017-11-13,,0,14001,110576,0,0,0,13,18,0,,,0.0,0.0,0.0
group_B,store_3,2017-11-20,,0,31162,152252,0,2501,131,175,0,0,,,0.0,0.0,0.0
group_B,store_3,2017-11-27,,0,94942,199497,0,0,225,0,0,0,,,0.0,0.0,0.0
group_B,store_3,2017-12-04,,0,23868,176143,0,0,0,0,0,0,,,0.0,0.0,0.0
group_B,store_3,2017-12-11,,0,0,159128,1931,0,210,0,0,0,,,0.0,0.0,0.0
group_B,store_3,2017-12-18,,0,0,106697,1535,2130,102,94,0,0,,,0.0,0.0,0.0
group_B,store_3,2017-12-25,,0,0,90509,0,4004,225,317,0,0,,,0.0,0.0,0.0
group_B,store_3,2018-01-01,,0,27682,190069,0,2929,155,103,0,80,,,0.0,0.0,0.0
group_B,store_3,2018-01-08,,0,67837,142969,0,2499,155,50,0,0,,,0.0,0.0,0.0
group_B,store_3,2018-01-15,,0,33234,94482,0,2499,53,103,0,0,,,0.0,0.0,0.0
group_B,store_3,2018-01-22,,0,87038,6345,0,1008,0,0,0,0,,,0.0,0.0,0.0
group_B,store_3,2018-01-29,,0,10755,123699,0,0,0,0,0,0,,,0.0,0.0,0.0
group_B,store_3,2018-02-05,,0,17714,101711,0,0,0,22,0,0,,,0.0,0.0,0.0
group_B,store_3,2018-02-12,,0,17592,57991,0,0,360,176,0,80,,,0.0,0.0,0.0
group_B,store_3,2018-02-19,,16950,17758,133869,0,0,0,267,0,0,,,0.0,0.0,0.0
group_B,store_3,2018-02-26,,51834,33352,220070,0,0,0,0,0,0,,,0.0,80.0,0.0
group_B,store_3,2018-03-05,,0,62585,401131,0,292,0,0,0,80,,,0.0,14.0,0.0
group_B,store_3,2018-03-12,,0,75871,222577,0,1156,133,0,0,0,,,0.0,0.0,0.0
group_B,store_3,2018-03-19,,0,11888,136063,0,605,0,0,0,80,,,0.0,0.0,0.0
group_B,store_3,2018-03-26,,0,446606,168985,0,1352,241,93,0,0,,,0.0,0.0,0.0
group_B,store_3,2018-04-02,,0,869678,107441,0,2044,384,12,0,0,,,0.0,0.0,0.0
group_B,store_3,2018-04-09,,0,20782,26257,0,0,208,0,0,0,,,0.0,36.0,0.0
group_B,store_3,2018-04-16,,0,12286,9520,0,0,0,0,0,0,,,0.0,82.0,0.0
group_B,store_3,2018-04-23,,0,0,0,0,0,0,0,0,0,,,0.0,0.0,0.0
group_B,store_3,2018-04-30,,45450,175,0,0,0,70,0,0,0,,,0.0,0.0,0.0
group_B,store_3,2018-05-07,,47250,14475,33150,390,136,167,0,0,0,,,0.0,0.0,86.0
group_B,store_3,2018-05-14,,0,15286,0,1508,1268,188,0,0,0,,,0.0,0.0,86.0
group_B,store_3,2018-05-21,,0,7382,0,1236,2775,65,50,0,0,,,0.0,0.0,0.0
group_B,store_3,2018-05-28,,0,24950,0,0,4011,65,103,0,0,,,0.0,0.0,0.0
group_B,store_3,2018-06-04,,0,18790,21787,0,4011,0,0,0,0,,,29600.0,0.0,0.0
group_B,store_3,2018-06-11,,0,43456,0,0,4011,172,0,0,0,,,0.0,0.0,0.0
group_B,store_3,2018-06-18,,0,0,0,0,4011,53,116,0,0,,,0.0,0.0,0.0
group_B,store_3,2018-06-25,,0,22765,0,0,4011,0,4,0,0,,,0.0,0.0,0.0
group_B,store_3,2018-07-02,,0,9707,33150,0,4011,0,161,0,0,,,0.0,0.0,0.0
group_B,store_3,2018-07-09,,0,0,0,0,4011,0,0,0,0,,,0.0,0.0,0.0
group_B,store_3,2018-07-16,,0,3724,9520,0,4011,0,0,0,0,,,0.0,0.0,0.0
group_B,store_3,2018-07-23,,0,33797,0,0,4011,65,0,0,0,,,0.0,82.0,86.0
group_B,store_3,2018-07-30,,0,3424,23411,0,4011,70,0,0,0,,,0.0,0.0,0.0
group_B,store_3,2018-08-06,,15151,15256,16859,0,4011,0,0,0,0,,,0.0,11.0,86.0
group_B,store_3,2018-08-13,,750,17763,0,0,4011,0,0,0,0,,,0.0,82.0,0.0
group_B,store_3,2018-08-20,,0,22000,0,0,4011,70,0,0,0,,,0.0,0.0,0.0
group_B,store_3,2018-08-27,,0,0,0,0,1022,70,50,0,0,,,0.0,0.0,0.0
group_B,store_3,2018-09-03,,0,0,0,0,214,0,103,0,0,,,0.0,0.0,0.0
group_B,store_3,2018-09-10,,0,25222,0,0,0,0,0,0,0,,,0.0,0.0,0.0
group_B,store_3,2018-09-17,,0,8089,36271,0,0,135,0,0,0,,,0.0,11.0,0.0
group_B,store_3,2018-09-24,,0,40089,53099,0,0,102,0,0,0,,,23455.0,82.0,0.0
group_B,store_3,2018-10-01,,0,230374,69074,0,156,53,144,0,0,,,0.0,0.0,0.0
group_B,store_3,2018-10-08,,0,24704,117428,0,78,70,370,0,0,,,0.0,0.0,0.0
group_B,store_3,2018-10-15,,4081,250,116875,0,0,65,0,0,0,,,0.0,0.0,0.0
group_B,store_3,2018-10-22,,120240,7775,84950,0,0,0,0,0,0,,,0.0,80.0,0.0
group_B,store_3,2018-10-29,,0,31431,119958,0,0,228,0,0,0,,,0.0,0.0,0.0
group_B,store_3,2018-11-05,,1275,23059,83137,0,0,172,372,65,0,,,23198.0,0.0,0.0
group_B,store_3,2018-11-12,,22575,32640,114615,0,0,53,108,65,80,,,0.0,0.0,0.0
group_B,store_3,2018-11-19,,0,31077,169509,0,2505,201,175,0,0,,,0.0,38.0,0.0
group_B,store_3,2018-11-26,,5721,115693,86621,0,0,155,0,0,0,,,0.0,80.0,0.0
group_B,store_3,2018-12-03,,4100,3919,28528,0,0,70,0,0,0,,,0.0,0.0,0.0
group_B,store_3,2018-12-10,,0,0,100939,908,0,140,0,0,0,,,0.0,0.0,0.0
group_B,store_3,2018-12-17,,0,0,174759,2122,1482,74,59,0,0,,,0.0,0.0,0.0
group_B,store_3,2018-12-24,,0,0,98601,0,4011,159,441,0,0,,,0.0,0.0,0.0
group_B,store_3,2018-12-31,,0,3278,130797,0,2931,159,97,0,0,,,0.0,0.0,0.0
group_B,store_3,2019-01-07,,0,19867,96108,0,2499,159,0,0,0,,,0.0,0.0,0.0
group_B,store_3,2019-01-14,,4439,42786,82472,0,2499,155,50,0,0,,,0.0,0.0,0.0
group_B,store_3,2019-01-21,,13571,94640,129876,0,1869,0,103,0,0,,,0.0,0.0,0.0
group_B,store_3,2019-01-28,,13436,11358,158086,0,0,30,0,0,0,,,0.0,0.0,0.0
group_B,store_3,2019-02-04,,20847,22202,205051,0,0,166,0,0,0,,,0.0,0.0,0.0
group_B,store_3,2019-02-11,,0,87217,65126,0,0,104,210,0,0,,,0.0,0.0,0.0
group_B,store_3,2019-02-18,,0,35645,154118,0,0,0,267,0,0,,,0.0,0.0,0.0
group_B,store_3,2019-02-25,,0,89059,148537,0,0,0,0,0,0,,,0.0,0.0,0.0
group_B,store_3,2019-03-04,,0,68554,69371,0,0,135,0,0,0,,,0.0,0.0,0.0
group_B,store_3,2019-03-11,,0,74143,160805,0,428,102,0,0,0,,,0.0,0.0,0.0
group_B,store_3,2019-03-18,,0,48617,136127,0,1498,53,0,0,0,,,0.0,0.0,0.0
group_B,store_3,2019-03-25,,6601,22358,109990,0,0,65,0,0,0,,,0.0,0.0,0.0
group_B,store_3,2019-04-01,,39380,33953,224082,0,0,0,0,0,0,,,0.0,0.0,0.0
group_B,store_3,2019-04-08,,0,13000,40617,0,136,0,0,0,0,,,0.0,0.0,0.0
group_B,store_3,2019-04-15,,0,446284,52190,0,1355,176,93,0,0,,,0.0,0.0,0.0
group_B,store_3,2019-04-22,,0,882397,0,0,2051,384,12,0,0,,,0.0,0.0,0.0
group_B,store_3,2019-04-29,,0,30549,0,0,0,278,0,0,0,,,0.0,0.0,0.0
group_B,store_3,2019-05-06,,0,96805,0,0,0,167,0,0,0,,,0.0,0.0,0.0
group_B,store_3,2019-05-13,,0,54493,0,2043,831,183,0,0,0,,,0.0,0.0,0.0
group_B,store_3,2019-05-20,,0,32747,0,1105,3799,65,50,0,0,,,0.0,0.0,0.0
group_B,store_3,2019-05-27,,0,48818,33150,0,4025,0,103,0,0,,,7400.0,0.0,0.0
group_B,store_3,2019-06-03,,0,28903,21007,0,4025,140,0,0,0,,,0.0,0.0,0.0
group_B,store_3,2019-06-10,,0,119810,33150,0,4025,172,0,0,0,,,0.0,0.0,0.0
group_B,store_3,2019-06-17,,0,21331,0,0,4025,53,97,0,0,,,0.0,0.0,0.0
group_B,store_3,2019-06-24,,0,27565,0,0,4025,0,0,0,0,,,51720.0,0.0,0.0
group_B,store_3,2019-07-01,,0,0,0,0,4025,0,175,0,0,,,0.0,0.0,0.0
group_B,store_3,2019-07-08,,0,24099,0,0,4025,0,0,0,0,,,0.0,0.0,0.0
group_B,store_3,2019-07-15,,0,25743,0,0,4025,0,0,0,0,,,0.0,0.0,0.0
group_B,store_3,2019-07-22,,0,47641,0,0,4025,65,0,0,0,,,0.0,0.0,0.0
group_B,store_3,2019-07-29,,15901,21563,0,0,4025,70,0,0,0,,,0.0,0.0,0.0
group_B,store_3,2019-08-05,,0,44804,0,0,4025,70,0,0,0,,,0.0,82.0,86.0
group_B,store_3,2019-08-12,,0,15014,0,0,4025,0,0,0,0,,,0.0,0.0,86.0
group_B,store_3,2019-08-19,,0,0,0,0,4025,70,0,0,0,,,0.0,0.0,86.0
group_B,store_3,2019-08-26,,0,0,0,0,1322,0,50,0,0,,,22044.0,0.0,0.0
group_B,store_3,2019-09-02,,0,39718,6825,0,215,0,103,0,0,,,0.0,0.0,86.0
group_B,store_3,2019-09-09,,0,24234,76555,0,0,0,0,0,0,,,0.0,0.0,0.0
group_B,store_3,2019-09-16,,0,12471,32038,0,0,135,0,0,0,,,0.0,0.0,0.0
group_B,store_3,2019-09-23,,0,18789,59292,0,0,102,0,0,0,,,0.0,0.0,0.0
group_B,store_3,2019-09-30,,0,295738,73282,0,0,53,0,0,0,,,0.0,0.0,0.0
group_B,store_3,2019-10-07,,50750,46217,62351,0,158,70,94,0,0,,,0.0,0.0,0.0
group_B,store_3,2019-10-14,,78750,42591,89291,0,79,65,267,0,0,,,0.0,0.0,0.0
group_B,store_3,2019-10-21,,0,38095,150815,0,0,70,0,0,0,,,0.0,0.0,0.0
group_B,store_3,2019-10-28,,0,10084,133470,0,0,234,0,0,0,,,0.0,0.0,0.0
group_B,store_3,2019-11-04,,0,17249,141517,0,0,74,166,65,0,,,0.0,0.0,0.0
group_B,store_3,2019-11-11,,0,79682,114435,0,0,155,103,18,0,,,0.0,0.0,0.0
group_B,store_3,2019-11-18,,0,27607,161728,0,335,0,0,0,0,,,0.0,0.0,0.0
group_B,store_3,2019-11-25,,0,30729,140921,0,2179,131,175,0,23,,,0.0,0.0,0.0
group_B,store_3,2019-12-02,,0,120008,143121,0,0,155,0,0,80,,,0.0,0.0,0.0
group_B,store_3,2019-12-09,,0,32706,39201,910,0,140,0,0,0,,,0.0,0.0,0.0
group_B,store_3,2019-12-16,,0,7295,144325,2132,1486,30,13,0,0,,,0.0,0.0,0.0
group_B,store_3,2019-12-23,,0,0,25526,0,575,100,34,0,0,,,0.0,0.0,0.0
